scenario,n,rep,wall,Khat,Kuse,c_hat,beta1_hat,gamma_hat,q_hat,se_beta1,se_gamma,cover_beta1,cover_gamma,success,grad_norm,nit,endpoint_gap_scaled,endpoint_upper95,endpoint_median_corrected
low_persistence,300,0,known,0.9866265040743952,1.0,0.3326506271314816,1.9947565327155452,0.0,1.9947565327155452,0.3666488819283831,0.8542248513079258,True,True,True,0.4485330899844905,7,4.012048777681432,1.0166453088825793,0.9935722014921045
low_persistence,300,0,estimated,0.9866265040743952,0.9866265040743952,0.3326506271314816,1.953786007786051,0.0,1.953786007786051,0.36943255705273037,0.8607103053387095,True,True,True,0.44853309021652543,7,4.012048777681432,1.0166453088825793,0.9935722014921045
low_persistence,300,1,known,0.9907812454829806,1.0,0.2877639870465944,2.699714591849567,1.4370184389664649,1.2626961528831018,0.36395498459061715,0.8266890911386608,True,True,True,8.063052336915177e-09,9,2.7656263551058102,1.0254825100424096,0.9988103620711254
low_persistence,300,1,estimated,0.9907812454829806,0.9907812454829806,0.2877639870465944,2.6786342311712383,1.4516491540068803,1.240367474359986,0.3656239856340003,0.8310753774167792,True,True,True,9.09792974290724e-09,9,2.7656263551058102,1.0254825100424096,0.9988103620711254
low_persistence,300,2,known,0.9996312835106139,1.0,0.2892129625977434,2.1510052843552,0.0856706559884122,2.0653346283667875,0.3668968014898738,0.8687372901345407,True,True,True,1.5327202673720564e-08,11,0.11061494681582351,1.0341586925018522,1.0076201737080428
low_persistence,300,2,estimated,0.9996312835106139,0.9996312835106139,0.2892129625977434,2.14996662197955,0.08570459022970987,2.064293632445474,0.3669690459010392,0.8689097004135924,True,True,True,2.013283983970382e-11,8,0.11061494681582351,1.0341586925018522,1.0076201737080428
low_persistence,300,3,known,0.9946727837557338,1.0,0.265877250673126,2.6156212738011995,0.9769029260748922,1.6387183477263074,0.372604104970447,0.8772223733040674,True,True,True,1.3625606998246553e-07,10,1.5981648732798726,1.0322306200124982,1.0033628487989708
low_persistence,300,3,estimated,0.9946727837557338,0.9946727837557338,0.265877250673126,2.603025398766612,0.9823974293285535,1.625861412981903,0.3735844394816258,0.8797544250839412,True,True,True,1.4066336539997337e-07,10,1.5981648732798726,1.0322306200124982,1.0033628487989708
low_persistence,300,4,known,0.9999673645810687,1.0,0.3258631078556624,1.9388406967464689,0.0,1.9388406967464689,0.35925202973005715,0.815823989923284,True,True,True,0.9935172181608728,7,0.00979062567938449,1.0306114418161114,1.0070577364156426
low_persistence,300,4,estimated,0.9999673645810687,0.9999673645810687,0.3258631078556624,1.9387412307019605,0.0,1.9387412307019605,0.35925865998279716,0.8158390465375739,True,True,True,0.993517246360634,7,0.00979062567938449,1.0306114418161114,1.0070577364156426
low_persistence,300,5,known,0.9967931874566811,1.0,0.2796651133432338,2.190943839437427,0.0,2.190943839437427,0.3621234226725075,0.8584402611927373,True,True,True,0.04660145590656986,7,0.962043762995668,1.0324993723497693,1.005054820715996
low_persistence,300,5,estimated,0.9967931874566811,0.9967931874566811,0.2796651133432338,2.1819960659185815,0.0,2.1819960659185815,0.36273584176597284,0.8598920457878177,True,True,True,0.046601455905123046,7,0.962043762995668,1.0324993723497693,1.005054820715996
low_persistence,300,6,known,0.9968993998400202,1.0,0.28130472512931026,2.729886579771618,1.524714485888069,1.2051720938835486,0.37215769595320103,0.8495736922482457,True,True,True,1.1139473621302187e-08,10,0.9301800479939448,1.0323974677824967,1.005112879371174
low_persistence,300,6,estimated,0.9968993998400202,0.9968993998400202,0.28130472512931026,2.722984893720811,1.5298920958253226,1.1978363815725563,0.3727278783423772,0.8510827613951107,True,True,True,2.8856646516750573e-09,9,0.9301800479939448,1.0323974677824967,1.005112879371174
low_persistence,300,7,known,0.9977929168039821,1.0,0.31085702089201606,2.024988282359215,0.0,2.024988282359215,0.3667147308045462,0.8500078326581626,True,True,True,0.5756387847045509,7,0.6621249588053768,1.0299162840566354,1.0052255641195758
low_persistence,300,7,estimated,0.9977929168039821,0.9977929168039821,0.31085702089201606,2.0184463180860575,0.0,2.0184463180860575,0.3671624228074786,0.8510455376564743,True,True,True,0.5756387872703617,7,0.6621249588053768,1.0299162840566354,1.0052255641195758
low_persistence,300,8,known,0.9826301092494503,1.0,0.33851722901815046,2.437934760870135,1.2048725299586955,1.2330622309114398,0.36258924275651544,0.801714477560485,True,True,True,1.6328594520942374e-07,9,5.21096722516492,1.0121286794526365,0.9894554357138312
low_persistence,300,8,estimated,0.9826301092494503,0.9826301092494503,0.33851722901815046,2.3930689861794168,1.2296339035035102,1.1847936892429347,0.36599484188969095,0.8102223046231987,True,True,True,9.473490469869006e-08,9,5.21096722516492,1.0121286794526365,0.9894554357138312
low_persistence,300,9,known,0.9770089559583987,1.0,0.2601741547908267,2.9583309263455435,1.557278750132547,1.4010521762129968,0.37688204953606586,0.9008865672427893,True,True,True,1.0463924171588701e-08,6,6.897313212480405,1.015390071304803,0.9858895098463283
low_persistence,300,9,estimated,0.9770089559583987,0.9770089559583987,0.2601741547908267,2.909788414103465,1.5954581340384086,1.3510115282912645,0.38103991837732437,0.9125128922256647,True,True,True,1.3826128220095768e-07,10,6.897313212480405,1.015390071304803,0.9858895098463283
low_persistence,300,10,known,0.9907031465017855,1.0,0.38004998028490933,2.0018837355658556,0.6456510850330837,1.356232650532772,0.3633100590290382,0.7947131714858795,True,True,True,2.0789318266878354e-08,10,2.7890560494643557,1.01697804391842,0.9967825853170024
low_persistence,300,10,estimated,0.9907031465017855,0.9907031465017855,0.38004998028490933,1.9737856598557237,0.653035614907138,1.3268212213894937,0.36529230504664095,0.79932303007537,True,True,True,7.208058150354191e-09,8,2.7890560494643557,1.01697804391842,0.9967825853170024
low_persistence,300,11,known,0.9828583008524235,1.0,0.3128303415398328,2.3936011733039875,0.7985156593446174,1.5950855139593698,0.3630135081927524,0.8298040855812123,True,True,True,4.281450571852474e-08,9,5.142509744272939,1.0147790352544237,0.9902440633411056
low_persistence,300,11,estimated,0.9828583008524235,0.9828583008524235,0.3128303415398328,2.3482939259793207,0.814014219392502,1.5482332934374945,0.36633139793711567,0.8380230082712619,True,True,True,8.947436699235307e-11,9,5.142509744272939,1.0147790352544237,0.9902440633411056
low_persistence,300,12,known,0.9966296613631157,1.0,0.3631137646602695,1.935492265567288,0.3899975741958513,1.5454946913714367,0.3738411114555092,0.8426248928345469,True,True,True,1.5774822419319687e-08,6,1.0111015910652887,1.0241300626616527,1.0029926550767476
low_persistence,300,12,estimated,0.9966296613631157,0.9966296613631157,0.3631137646602695,1.9251518644519845,0.39157337723394525,1.534898222100506,0.3745775030921504,0.8443429769616796,True,True,True,7.63457820512256e-08,6,1.0111015910652887,1.0241300626616527,1.0029926550767476
low_persistence,300,13,known,0.9900808257931164,1.0,0.3121238297060381,2.459828474747882,1.0809032003538503,1.3789252743940317,0.3653883075026881,0.8208600758693689,True,True,True,3.882026189394594e-08,10,2.975752262065079,1.022073814776318,0.9974833064176895
low_persistence,300,13,estimated,0.9900808257931164,0.9900808257931164,0.3121238297060381,2.4347351459832662,1.0930995766027067,1.3524782145063523,0.3672960359099923,0.8256306943450028,True,True,True,2.3998051990048452e-08,10,2.975752262065079,1.022073814776318,0.9974833064176895
low_persistence,300,14,known,0.9959498373623731,1.0,0.3750271441071205,2.36144309949913,1.5769685992545626,0.7844745002445673,0.37174879121289894,0.8017611449995121,True,True,True,5.713867157197683e-10,10,1.2150487912880759,1.0225766413206692,1.002110699684399
low_persistence,300,14,estimated,0.9959498373623731,0.9959498373623731,0.3750271441071205,2.3510520549419955,1.5849157803706289,0.7725554412488091,0.37259304212796557,0.8038718854791814,True,True,True,1.7631791582317646e-09,10,1.2150487912880759,1.0225766413206692,1.002110699684399
low_persistence,300,15,known,0.9933546005593601,1.0,0.29039936979658537,2.218675218819442,0.18419679839120753,2.0344784204282345,0.3666375367872956,0.8684652480692352,True,True,True,3.225564260134206e-11,8,1.993619832191973,1.027740950130899,1.0013108526803096
low_persistence,300,15,estimated,0.9933546005593601,0.9933546005593601,0.29039936979658537,2.2002068225936515,0.1855164669395798,2.0159231866797014,0.3679324801906854,0.871585983085672,True,True,True,1.9482064950171463e-07,10,1.993619832191973,1.027740950130899,1.0013108526803096
low_persistence,300,16,known,0.9880726380808491,1.0,0.27642014933175857,3.108060239601391,2.3014356638566453,0.8066245757447461,0.3770754951528714,0.8588873138738586,False,True,True,1.1248525799700815e-07,5,3.5782085757452675,1.0241979866465034,0.9964312566817437
low_persistence,300,16,estimated,0.9880726380808491,0.9880726380808491,0.27642014933175857,3.085563044918025,2.3319537205445116,0.7814233803771585,0.3792240840051261,0.8650658230151015,False,True,True,1.6307894146194712e-08,5,3.5782085757452675,1.0241979866465034,0.9964312566817437
low_persistence,300,17,known,0.9837043353170611,1.0,0.394386628609006,2.3305015950089176,1.5011872770666945,0.8293143179422231,0.3657539074387398,0.787106129988848,True,True,True,1.0658289806286803e-09,10,4.888699404881658,1.00902409395188,0.9895627758276219
low_persistence,300,17,estimated,0.9837043353170611,0.9837043353170611,0.394386628609006,2.287057650127841,1.5323186694211104,0.7797091319310238,0.3691601504173146,0.7955907201068427,True,True,True,1.2936167692600975e-09,10,4.888699404881658,1.00902409395188,0.9895627758276219
low_persistence,300,18,known,0.9897040754480182,1.0,0.30645101015889264,2.2825717086365866,0.52392436618665,1.7586473424499365,0.36874840141372583,0.8503609856085682,True,True,True,3.8722700601567794e-09,8,3.0887773655945416,1.022289297601479,0.9972435859252997
low_persistence,300,18,estimated,0.9897040754480182,0.9897040754480182,0.30645101015889264,2.254491375666357,0.5299379479276406,1.7300096288678113,0.3707868339973553,0.855305479483778,True,True,True,1.1632247209902857e-07,8,3.0887773655945416,1.022289297601479,0.9972435859252997
low_persistence,300,19,known,0.9733756227713357,1.0,0.3721055258896243,2.1175520278886064,0.5756132903165768,1.5419387375720297,0.3776014854503627,0.8630335706529924,True,True,True,1.3277023924729292e-10,10,7.987313168599286,1.00021148934791,0.9795848576284172
low_persistence,300,19,estimated,0.9733756227713357,0.9733756227713357,0.3721055258896243,2.0377465416374614,0.5941846943752099,1.4593816447087957,0.38342837465984364,0.877026899403138,True,True,True,1.6761645863432714e-09,10,7.987313168599286,1.00021148934791,0.9795848576284172
low_persistence,300,20,known,0.9707416120617658,1.0,0.2973646912220804,2.905426611350909,1.782736573780692,1.1226900375702167,0.37631672790605186,0.8706462591215512,True,True,True,1.6714641379882922e-09,6,8.777516381470264,1.0043225130226074,0.9785115009223802
low_persistence,300,20,estimated,0.9707416120617658,0.9707416120617658,0.2973646912220804,2.841810754573147,1.8413760468415767,1.054310402450233,0.38177447938799336,0.8856527081846021,True,True,True,2.7517979006574933e-08,9,8.777516381470264,1.0043225130226074,0.9785115009223802
low_persistence,300,21,known,0.9940818443339836,1.0,0.2294952323796985,2.9352517601870733,1.3110965653553048,1.6241551948317683,0.3790378890746106,0.9253769869551891,True,True,True,4.1633864000800713e-07,10,1.7754466998049168,1.037593747137518,1.0041495506558464
low_persistence,300,21,estimated,0.9940818443339836,0.9940818443339836,0.2294952323796985,2.923002703104252,1.3189196133516319,1.6118886613353973,0.3800784047343088,0.9282746584547795,True,True,True,4.133963873442781e-07,10,1.7754466998049168,1.037593747137518,1.0041495506558464
low_persistence,300,22,known,0.9966609958510696,1.0,0.3517030672370156,2.594705178586559,1.952819281711039,0.6418858968755203,0.386505568723769,0.8580518654785754,True,True,True,1.4210070320430646e-07,9,1.0017012446791207,1.0250536235401835,1.003230431312687
low_persistence,300,22,estimated,0.9966609958510696,0.9966609958510696,0.3517030672370156,2.5869860655368457,1.9607222333572285,0.6328106918516969,0.3872017070893394,0.8598810566951374,True,True,True,1.953010198008087e-09,9,1.0017012446791207,1.0250536235401835,1.003230431312687
low_persistence,300,23,known,0.977698986734376,1.0,0.32471638476213455,2.090742955335098,0.0,2.090742955335098,0.35591152998478476,0.8207791206723862,True,True,True,1.2081939917776292,7,6.690303979687185,1.0084512823183973,0.9848143979371676
low_persistence,300,23,estimated,0.977698986734376,0.977698986734376,0.32471638476213455,2.0236545597795863,0.0,2.0236545597795863,0.3603518003261502,0.8310189720941407,True,True,True,1.208193991748198,7,6.690303979687185,1.0084512823183973,0.9848143979371676
low_persistence,300,24,known,0.9977109781590193,1.0,0.2620075267818681,2.605195903007843,0.9476243167569894,1.6575715862508533,0.36765075715268103,0.8654295043992,True,True,True,1.2757750855740824e-08,7,0.6867065522942029,1.035823525412265,1.0065293912414421
low_persistence,300,24,estimated,0.9977109781590193,0.9977109781590193,0.2620075267818681,2.5997953140779146,0.949913028761081,1.6520566569867,0.3680673204395486,0.8665089707625,True,True,True,9.201764550326175e-08,10,0.6867065522942029,1.035823525412265,1.0065293912414421
low_persistence,300,25,known,0.9791552118295015,1.0,0.35290502412479546,2.4544600240859666,1.3463045798757263,1.1081554442102404,0.35982722966913394,0.7879226041548196,True,True,True,6.603311808461854e-08,9,6.253436451149552,1.0074511372557395,0.9857022724943263
low_persistence,300,25,estimated,0.9791552118295015,0.9791552118295015,0.35290502412479546,2.400754093706187,1.380270927390557,1.0492546214149836,0.36392428694431267,0.7982389527814857,True,True,True,4.467522352058495e-09,10,6.253436451149552,1.0074511372557395,0.9857022724943263
low_persistence,300,26,known,0.9939204417293531,1.0,0.33276419789451833,2.1527538924327683,0.5773964939944725,1.575357398438296,0.3614893531591576,0.8130946994607114,True,True,True,4.492193284022505e-09,9,1.8238674811940636,1.0239290012689983,1.0008637686151345
low_persistence,300,26,estimated,0.9939204417293531,0.9939204417293531,0.33276419789451833,2.135485896007813,0.5814600437824958,1.5575608724435457,0.36270948724506713,0.8159975305229923,True,True,True,1.8407773083595202e-08,9,1.8238674811940636,1.0239290012689983,1.0008637686151345
low_persistence,300,27,known,0.997680026346458,1.0,0.3164099683296728,1.998763033813785,0.0,1.998763033813785,0.3582062293176495,0.8263195734299467,True,True,True,0.8526723673186564,7,0.695992096062592,1.0292396333269045,1.004982231817618
low_persistence,300,27,estimated,0.997680026346458,0.997680026346458,0.3164099683296728,1.9918173272628459,0.0,1.9918173272628459,0.3586695556847146,0.8273883869084859,True,True,True,0.8526723721513499,7,0.695992096062592,1.0292396333269045,1.004982231817618
low_persistence,300,28,known,0.973925820699019,1.0,0.39497238879329805,1.8132228482042887,0.0,1.8132228482042887,0.3662776073846927,0.8291575809161974,True,True,True,0.6817560594318562,8,7.8222537902942975,0.9992080290976568,0.9797755729030285
low_persistence,300,28,estimated,0.973925820699019,0.973925820699019,0.39497238879329805,1.7256379590320858,0.0,1.7256379590320858,0.37211331212392684,0.8423681041012588,True,True,True,0.6817560590963585,7,7.8222537902942975,0.9992080290976568,0.9797755729030285
low_persistence,300,29,known,0.964162460072339,1.0,0.29413499379173974,2.330387062517426,0.0,2.330387062517426,0.36367847175441614,0.8822504645616556,True,True,True,0.7794216669330337,6,10.75126197829831,0.9981120901943853,0.9720176648274128
low_persistence,300,29,estimated,0.964162460072339,0.964162460072339,0.29413499379173974,2.2291769930836476,0.0,2.2291769930836476,0.3706096437067434,0.8990648491068773,True,True,True,0.7794216669806215,7,10.75126197829831,0.9981120901943853,0.9720176648274128
low_persistence,300,30,known,0.9962370434503536,1.0,0.34815603068603374,1.9856214703805535,0.3477334146802457,1.6378880557003077,0.3733388271555894,0.8540482242996528,True,True,True,1.8990559347287217e-07,8,1.128886964893927,1.0249189370987366,1.0028734087527547
low_persistence,300,30,estimated,0.9962370434503536,0.9962370434503536,0.34815603068603374,1.9742774060311692,0.34926879123295457,1.6263228980837718,0.374144122603809,0.8559464237364394,True,True,True,4.4457840520095715e-08,8,1.128886964893927,1.0249189370987366,1.0028734087527547
low_persistence,300,31,known,0.9902537487931445,1.0,0.29864497017031627,2.1348772025244176,0.0,2.1348772025244176,0.38012399934581986,0.9164041566420277,True,True,True,0.2716308735088721,8,2.9238753620566382,1.0236906897852702,0.9979903284534308
low_persistence,300,31,estimated,0.9902537487931445,0.9902537487931445,0.29864497017031627,2.1067444917567197,0.0,2.1067444917567197,0.382130431008709,0.9212412685293437,True,True,True,0.2716310982327218,8,2.9238753620566382,1.0236906897852702,0.9979903284534308
low_persistence,300,32,known,0.9844879324726813,1.0,0.38501061441163104,1.8204559023167564,0.10545039161266839,1.715005510704088,0.37149575109888033,0.8379312420650822,True,True,True,1.1814629274908839e-07,9,4.6536202581956125,1.0104242933713026,0.990489041313271
low_persistence,300,32,estimated,0.9844879324726813,0.9844879324726813,0.38501061441163104,1.7695622420968027,0.10744809010322459,1.6637808940229408,0.3749741884939662,0.8458486672554967,True,True,True,2.7174869478579007e-08,8,4.6536202581956125,1.0104242933713026,0.990489041313271
low_persistence,300,33,known,0.962073472811843,1.0,0.4086136467425387,2.138128563140787,0.805007528439956,1.3331210347008309,0.362931674546094,0.7989657388629706,True,True,True,2.704794210828254e-08,10,11.37795815644711,0.9865116537800667,0.9677279354571454
low_persistence,300,33,estimated,0.962073472811843,0.962073472811843,0.4086136467425387,2.023019069305083,0.8439484733276155,1.2110786306965309,0.3711356048700279,0.8185131101315957,True,True,True,2.413073683094069e-07,9,11.37795815644711,0.9865116537800667,0.9677279354571454
low_persistence,300,34,known,0.9987774334887456,1.0,0.38370035603531827,1.6927214901610248,0.0,1.6927214901610248,0.37660872958709485,0.8480960725746873,True,True,True,0.3096342382436475,7,0.36676995337632246,1.0248023617644462,1.004799034890788
low_persistence,300,34,estimated,0.9987774334887456,0.9987774334887456,0.38370035603531827,1.6886330340137703,0.0,1.6886330340137703,0.3768891232393323,0.8487274991364085,True,True,True,0.3096342375551304,7,0.36676995337632246,1.0248023617644462,1.004799034890788
low_persistence,300,35,known,0.9767682577250645,1.0,0.378676173626058,1.8600151147375543,0.0,1.8600151147375543,0.3558204563047344,0.7955579206807523,True,True,True,0.20790211929673436,8,6.9695226824806555,1.0031384783533126,0.9828697522546572
low_persistence,300,35,estimated,0.9767682577250645,0.9767682577250645,0.378676173626058,1.7837389222216962,0.0,1.7837389222216962,0.3607797492304456,0.8066461105195256,True,True,True,0.20790212146590584,8,6.9695226824806555,1.0031384783533126,0.9828697522546572
low_persistence,300,36,known,0.995127005059608,1.0,0.31718665557843523,2.0135667999066538,0.0055099944062765565,2.0080568055003774,0.3597464136342078,0.83382065238372,True,True,True,3.2054083831667413e-09,9,1.461898482117585,1.026609332798048,1.0024113297978383
low_persistence,300,36,estimated,0.995127005059608,0.995127005059608,0.31718665557843523,1.9989860458572974,0.0055399803176784616,1.9934730618356769,0.3607236357295385,0.8360868695913564,True,True,True,1.2741146249162227e-08,10,1.461898482117585,1.026609332798048,1.0024113297978383
low_persistence,300,37,known,0.9779671549431267,1.0,0.42182695247805324,1.682012272898946,0.0,1.682012272898946,0.36159348908796407,0.7946371823304618,True,True,True,0.049269527083599295,7,6.6098535170619925,1.0016398344305748,0.9834444972236361
low_persistence,300,37,estimated,0.9779671549431267,0.9779671549431267,0.42182695247805324,1.604988285112378,0.0,1.604988285112378,0.36662177567418125,0.8056873356252557,True,True,True,0.04926953615085165,8,6.6098535170619925,1.0016398344305748,0.9834444972236361
low_persistence,300,38,known,0.992616818335682,1.0,0.3349299152733472,2.4362921563174007,1.3179377220326285,1.118354434284772,0.3673728398904606,0.811178392550514,True,True,True,8.18170420302522e-10,9,2.214954499295385,1.0224313371045721,0.9995152484146459
low_persistence,300,38,estimated,0.992616818335682,0.992616818335682,0.3349299152733472,2.41763665488076,1.3294301723144621,1.0980219070385215,0.3688354343660439,0.8148539954114635,True,True,True,8.205100376912355e-08,9,2.214954499295385,1.0224313371045721,0.9995152484146459
low_persistence,300,39,known,0.9935856006616628,1.0,0.33847906947920015,2.5780926432000824,1.7366735889014013,0.8414190542986812,0.37909514662289717,0.8459089574689994,True,True,True,4.207503678799185e-08,9,1.924319801501162,1.023087496482118,1.0004116966014251
low_persistence,300,39,estimated,0.9935856006616628,0.9935856006616628,0.33847906947920015,2.5629892075349217,1.75003929158568,0.8241753668232532,0.3804066551275701,0.8493504433064535,True,True,True,5.844024331125297e-08,9,1.924319801501162,1.023087496482118,1.0004116966014251
low_persistence,300,40,known,0.994456477165461,1.0,0.3261873499637253,2.5198895737313274,1.4745699404283032,1.045319633303024,0.3759591846348447,0.8447950080132489,True,True,True,2.4582921143156966e-07,9,1.6630568503616883,1.025070093071444,1.0015398009121466
low_persistence,300,40,estimated,0.994456477165461,0.994456477165461,0.3261873499637253,2.5064025479639875,1.4840524987385921,1.0305769281398072,0.3770556341638043,0.8476075095857525,True,True,True,7.748354513559264e-08,10,1.6630568503616883,1.025070093071444,1.0015398009121466
low_persistence,300,41,known,0.9890100641137599,1.0,0.4306616968564887,1.5743668016843497,0.0,1.5743668016843497,0.36115867175877664,0.7815136521528077,True,True,True,0.3264347065295646,8,3.2969807658720263,1.0121971139908879,0.994375042282776
low_persistence,300,41,estimated,0.9890100641137599,0.9890100641137599,0.4306616968564887,1.5352725418811777,0.0,1.5352725418811777,0.36369953801225324,0.7870118495398902,False,True,True,0.3264347065294093,8,3.2969807658720263,1.0121971139908879,0.994375042282776
low_persistence,300,42,known,0.9955229132656968,1.0,0.35162816575252953,2.175112717916552,0.8824373313272144,1.2926753865893374,0.3812329213721353,0.8648894482324184,True,True,True,2.3920803116084244e-09,9,1.3431260202909745,1.0239215889628188,1.0020937481046004
low_persistence,300,42,estimated,0.9955229132656968,0.9955229132656968,0.35162816575252953,2.1625877629412695,0.8871513370025558,1.2794082794209274,0.38219762955054704,0.8672508766564003,True,True,True,2.3581351138446394e-07,10,1.3431260202909745,1.0239215889628188,1.0020937481046004
low_persistence,300,43,known,0.9994883644400681,1.0,0.26120829057905354,2.491615385884801,0.6410891491204675,1.8505262367643331,0.3647016435825255,0.8583351624640945,True,True,True,4.538932341091595e-09,9,0.15349066797958333,1.0377175271632084,1.008333759801542
low_persistence,300,43,estimated,0.9994883644400681,0.9994883644400681,0.26120829057905354,2.490353388240872,0.6414318144152368,1.849249753151162,0.36479492778323447,0.8585695279414396,True,True,True,2.4418619437582834e-07,7,0.15349066797958333,1.0377175271632084,1.008333759801542
low_persistence,300,44,known,0.9939745462920068,1.0,0.3573242797199852,1.8358826439186031,0.0,1.8358826439186031,0.3522915105711944,0.7823723396141206,True,True,True,1.5308209369470613,7,1.80763611239797,1.0219205180938817,1.0004406353125377
low_persistence,300,44,estimated,0.9939745462920068,0.9939745462920068,0.3573242797199852,1.8165838200500004,0.0,1.8165838200500004,0.353540228459671,0.7851455041855323,True,True,True,1.5308209369528114,7,1.80763611239797,1.0219205180938817,1.0004406353125377
low_persistence,300,45,known,0.9979629080215489,1.0,0.2523165575055893,2.336191343422661,0.0,2.336191343422661,0.37787184711870375,0.9406946075342113,True,True,True,0.10983798341046914,6,0.6111275935353433,1.0375392812247175,1.0071200185366418
low_persistence,300,45,estimated,0.9979629080215489,0.9979629080215489,0.2523165575055893,2.3308253606124727,0.0,2.3308253606124727,0.3782598892359314,0.941660620562057,True,True,True,0.10983833625213349,8,0.6111275935353433,1.0375392812247175,1.0071200185366418
low_persistence,300,46,known,0.9939799610650938,1.0,0.4146424781769072,1.6016414219769937,0.0,1.6016414219769937,0.34763225071920234,0.736885400560701,True,True,True,0.32911324505006034,8,1.806011680471864,1.0180628150193853,0.9995522087808252
low_persistence,300,46,estimated,0.9939799610650938,0.9939799610650938,0.4146424781769072,1.5806395457669848,0.0,1.5806395457669848,0.34895094493175205,0.7396806720322664,True,True,True,0.32911332880740707,8,1.806011680471864,1.0180628150193853,0.9995522087808252
low_persistence,300,47,known,0.9945357517066459,1.0,0.3944266330027522,2.550898789244685,2.156154522890269,0.39474426635441573,0.3711550856680728,0.779825944929426,True,True,True,9.393661182244273e-09,9,1.639274488006237,1.019852942305969,1.0003935980297423
low_persistence,300,47,estimated,0.9945357517066459,0.9945357517066459,0.3944266330027522,2.5381010849277326,2.1712208547237792,0.3787443200538727,0.3722743020997151,0.7827154185993783,True,True,True,4.657148444664472e-09,9,1.639274488006237,1.019852942305969,1.0003935980297423
low_persistence,300,48,known,0.9990640907957384,1.0,0.31297031257350494,2.1352509564088225,0.3687265555259424,1.76652440088288,0.35617656962928523,0.8070637243132801,True,True,True,1.8201068519128852e-08,7,0.2807727612784694,1.0309705491529817,1.0064465501186937
low_persistence,300,48,estimated,0.9990640907957384,0.9990640907957384,0.31297031257350494,2.1325982702635593,0.369114186935493,1.7638295406930429,0.35635894674159585,0.8074930281395353,True,True,True,1.257418615869611e-08,7,0.2807727612784694,1.0309705491529817,1.0064465501186937
low_persistence,300,49,known,0.9954486495770848,1.0,0.41616976010120293,1.9621622440292283,0.959251045814463,1.0029111982147654,0.36747222168747623,0.7789021176964167,True,True,True,8.117486460790246e-09,10,1.3654051268745637,1.019443122992817,1.0010004479617263
low_persistence,300,49,estimated,0.9954486495770848,0.9954486495770848,0.41616976010120293,1.9483869423277906,0.9648807762895749,0.9878976765674442,0.3684815989595082,0.7812401650926084,True,True,True,5.873165243031053e-08,9,1.3654051268745637,1.019443122992817,1.0010004479617263
low_persistence,300,50,known,0.9898564280734808,1.0,0.36284960490298784,2.5316514791473184,1.7849624140926685,0.7466890650546499,0.37217885440143067,0.8059542411594048,True,True,True,1.9890362690233587e-09,10,3.043071577955747,1.0173768500616756,0.9962240541385119
low_persistence,300,50,estimated,0.9898564280734808,0.9898564280734808,0.36284960490298784,2.507148568585033,1.8072501750625776,0.718230365662417,0.3742377180953058,0.8112430693623146,True,True,True,2.832283740872299e-09,10,3.043071577955747,1.0173768500616756,0.9962240541385119
low_persistence,300,51,known,0.9916896189351054,1.0,0.3649758513776708,2.333649718128416,1.362816421251977,0.9708332968764389,0.3750615937815341,0.829512956100688,True,True,True,1.3211939542401296e-08,10,2.4931143194683703,1.0190497146989397,0.9980201490048213
low_persistence,300,51,estimated,0.9916896189351054,0.9916896189351054,0.3649758513776708,2.31179721326871,1.3767011123107096,0.9465370118137668,0.376811147913467,0.8338967938860835,True,True,True,9.526504429757665e-08,9,2.4931143194683703,1.0190497146989397,0.9980201490048213
low_persistence,300,52,known,0.9996128808294038,1.0,0.30380103299481315,2.517229588440639,1.287303465584574,1.229926122856065,0.3658187726634598,0.8196789891297322,True,True,True,4.891535620998866e-09,10,0.11613575117885855,1.0324823353758288,1.0072181564898914
low_persistence,300,52,estimated,0.9996128808294038,0.9996128808294038,0.30380103299481315,2.516293641728268,1.2878676224136705,1.2289245775604238,0.36589221553464923,0.8198661425587941,True,True,True,4.700532407753144e-09,10,0.11613575117885855,1.0324823353758288,1.0072181564898914
low_persistence,300,53,known,0.9948368587247199,1.0,0.3105184457553638,2.1859084486281244,0.40637177751119746,1.7795366711169271,0.3823477301517912,0.9115642446462282,True,True,True,4.42112049608252e-10,10,1.5489423825840176,1.0269952518304457,1.0022776102596118
low_persistence,300,53,estimated,0.9948368587247199,0.9948368587247199,0.3105184457553638,2.171435093117855,0.40871428521023256,1.764831057503388,0.383422029238452,0.9142148690659453,True,True,True,2.41195985406506e-09,10,1.5489423825840176,1.0269952518304457,1.0022776102596118
low_persistence,300,54,known,0.9885755181005352,1.0,0.295131633240531,2.61216939991404,1.258530688059908,1.3536387118541318,0.3669150774047162,0.836039149717576,True,True,True,4.044015877724405e-08,10,3.42734456983943,1.0224105026311212,0.9964041963635103
low_persistence,300,54,estimated,0.9885755181005352,0.9885755181005352,0.295131633240531,2.584930870169708,1.2745508571166781,1.3249410962501063,0.36905006647308575,0.8415549891313113,True,True,True,9.78039764731875e-08,9,3.42734456983943,1.0224105026311212,0.9964041963635103
low_persistence,300,55,known,0.9731325776648511,1.0,0.3480491102195363,2.3254417352565953,0.873343429245585,1.4520983060110102,0.3848483606617255,0.9000071995833188,True,True,True,7.80359599161784e-08,9,8.060226700544682,1.0018232823728197,0.9797709816544752
low_persistence,300,55,estimated,0.9731325776648511,0.9731325776648511,0.3480491102195363,2.2511885476995523,0.9011041356140195,1.374294757465024,0.3906105551310247,0.9145175937752253,True,True,True,7.666485624113761e-08,9,8.060226700544682,1.0018232823728197,0.9797709816544752
low_persistence,300,56,known,0.9830348336621039,1.0,0.41996177043069743,2.1122599191240528,1.1728885459538174,0.9393713731702354,0.37262999620472376,0.8002558275851189,True,True,True,4.524552910112334e-08,9,5.089549901368839,1.0068126509499464,0.988536502539004
low_persistence,300,56,estimated,0.9830348336621039,0.9830348336621039,0.41996177043069743,2.0627301892897414,1.198787563293828,0.8842802564109944,0.3764236614536252,0.8093338950665732,True,True,True,1.5690870824869307e-10,10,5.089549901368839,1.0068126509499464,0.988536502539004
low_persistence,300,57,known,0.9902563179275892,1.0,0.31069529136527746,2.0750091293568964,0.0,2.0750091293568964,0.3751092102592165,0.8940666243754937,True,True,True,0.9581041814043209,7,2.9231046217232493,1.022396406698487,0.9976928342381955
low_persistence,300,57,estimated,0.9902563179275892,0.9902563179275892,0.31069529136527746,2.0462447694352885,0.0,2.0462447694352885,0.3771241397976812,0.8988691757433065,True,True,True,0.9581041813724633,7,2.9231046217232493,1.022396406698487,0.9976928342381955
low_persistence,300,58,known,0.9967657138229572,1.0,0.31540285733877027,2.5899268983322448,1.5751388872164134,1.0147880111158314,0.3772144258046891,0.8543833113865448,True,True,True,3.298326443079702e-07,9,0.97028585311284,1.0284260935970515,1.0040912359230465
low_persistence,300,58,estimated,0.9967657138229572,0.9967657138229572,0.31540285733877027,2.582338856026581,1.5810186015858474,1.0064337210494907,0.3778518701771124,0.8560536951776376,True,True,True,8.320168420894447e-08,9,0.97028585311284,1.0284260935970515,1.0040912359230465
low_persistence,300,59,known,0.9904626095766051,1.0,0.39251053442086764,2.3059825729314087,1.5310162861145238,0.774966286816885,0.3812751361363554,0.8341089661478754,True,True,True,2.3645621682888418e-07,8,2.861217127018456,1.015903389809201,0.9963490518482132
low_persistence,300,59,estimated,0.9904626095766051,0.9904626095766051,0.39251053442086764,2.2806536692130672,1.5494085783662752,0.7460224053840284,0.38335084318305057,0.8392831266801579,True,True,True,2.5333163833352046e-07,9,2.861217127018456,1.015903389809201,0.9963490518482132
low_persistence,300,60,known,0.9970979204174698,1.0,0.37148609747162725,1.9492673870873989,0.5265194818357909,1.422747905251608,0.3723564858222632,0.8294008298624759,True,True,True,3.7926080054262457e-08,9,0.8706238747590578,1.0239785340208971,1.0033175087616688
low_persistence,300,60,estimated,0.9970979204174698,0.9970979204174698,0.37148609747162725,1.9404250745828444,0.5283757780094996,1.4135826851306097,0.37299077318566326,0.8308815596702006,True,True,True,7.341854990627894e-08,9,0.8706238747590578,1.0239785340208971,1.0033175087616688
low_persistence,300,61,known,0.9986464187626368,1.0,0.3025489567783339,2.3659552220223827,0.8583318143478116,1.5076234076745711,0.3644529826747727,0.8273674021027001,True,True,True,5.029872862660767e-08,10,0.4060743712089532,1.0316519010869278,1.0062831682873072
low_persistence,300,61,estimated,0.9986464187626368,0.9986464187626368,0.3025489567783339,2.3624540932338536,0.859634232710556,1.5039834452916896,0.36471384346570285,0.8280129312529465,True,True,True,1.1672927757722107e-07,9,0.4060743712089532,1.0316519010869278,1.0062831682873072
low_persistence,300,62,known,0.9862561950256246,1.0,0.2833448321173088,3.6219521449306793,3.6019521449306793,0.02,0.396681425164982,0.894920166959741,False,False,True,0.2615180085036488,9,4.123141492312632,1.0214986738474925,0.994410536802749
low_persistence,300,62,estimated,0.9862561950256246,0.9862561950256246,0.2833448321173088,3.59488046114736,3.624697598025713,0.02,0.3989936376069706,0.9027621039564686,False,False,True,0.33216237874820054,9,4.123141492312632,1.0214986738474925,0.994410536802749
low_persistence,300,63,known,0.9995110685883516,1.0,0.2765378100711472,2.3075574010348867,0.3480468295158622,1.9595105715190246,0.36525056972453585,0.8607858597009201,True,True,True,2.4293387235196917e-07,9,0.14667942349452234,1.0356210466149036,1.0078661307813734
low_persistence,300,63,estimated,0.9995110685883516,0.9995110685883516,0.2765378100711472,2.306260233862323,0.3482274481787454,1.95820304502139,0.36534313013777664,0.8610115391376876,True,True,True,3.4883062483004323e-07,9,0.14667942349452234,1.0356210466149036,1.0078661307813734
low_persistence,300,64,known,0.9955580402643774,1.0,0.354096339952009,1.8395429209492473,0.0,1.8395429209492473,0.3627111195248034,0.8187166391731807,True,True,True,1.1831005788010607,8,1.3325879206867675,1.0237587673504958,1.0020830741073694
low_persistence,300,64,estimated,0.9955580402643774,0.9955580402643774,0.354096339952009,1.825378430302861,0.0,1.825378430302861,0.36365557970960666,0.8208484879826364,True,True,True,1.1831005771842495,9,1.3325879206867675,1.0237587673504958,1.0020830741073694
low_persistence,300,65,known,0.9780776002573279,1.0,0.33675859859728474,2.6919322248341055,1.7633483109147885,0.9285839139193172,0.3715067207519019,0.8255670625994096,True,True,True,3.14695527414699e-08,9,6.5767199228016215,1.0077302187406396,0.9849385701375046
low_persistence,300,65,estimated,0.9780776002573279,0.9780776002573279,0.33675859859728474,2.64096490489466,1.809554651862571,0.8710800334664321,0.37581228188203103,0.8369678524089539,True,True,True,2.8991667455624537e-07,9,6.5767199228016215,1.0077302187406396,0.9849385701375046
low_persistence,300,66,known,0.9707966307501277,1.0,0.32062752099751896,2.699029821809635,1.5133283910423738,1.185701430767261,0.37778951379279013,0.8712797819742208,True,True,True,9.338115836143857e-09,9,8.761010774961697,1.001941100863338,0.9780027825947298
low_persistence,300,66,estimated,0.9707966307501277,0.9707966307501277,0.32062752099751896,2.629694284211795,1.5645115586967073,1.1108717342594012,0.383543949139751,0.8865804984389751,True,True,True,5.760499854901013e-09,10,8.761010774961697,1.001941100863338,0.9780027825947298
low_persistence,300,67,known,0.9818674173984832,1.0,0.31978268865329496,2.562642829175072,1.3180905697283654,1.2445522594467064,0.3632759308759117,0.8168886233599295,True,True,True,7.212462627137484e-09,9,5.439774780455053,1.0130941679372105,0.9890926071409194
low_persistence,300,67,estimated,0.9818674173984832,0.9818674173984832,0.31978268865329496,2.518067772083308,1.3458339120906169,1.1966373045715968,0.36674841214804565,0.8258410690377839,True,True,True,7.775997445946814e-08,9,5.439774780455053,1.0130941679372105,0.9890926071409194
low_persistence,300,68,known,0.9767503478695726,1.0,0.3016741302775276,2.2085309598023586,0.0,2.2085309598023586,0.36677382231718364,0.876296381292377,True,True,True,0.5689476480134527,6,6.974895639128221,1.009851542977,0.9844092432469818
low_persistence,300,68,estimated,0.9767503478695726,0.9767503478695726,0.3016741302775276,2.1414913295885216,0.0,2.1414913295885216,0.3713863496566663,0.8873166362022424,True,True,True,0.5689478008617932,7,6.974895639128221,1.009851542977,0.9844092432469818
low_persistence,300,69,known,0.9720476414003776,1.0,0.3825211001662966,2.450721354557926,1.5145179306548646,0.936203423903061,0.37134389936320145,0.8151999797077647,True,True,True,5.842997596872124e-08,9,8.385707579886725,0.998152800673523,0.9780878065072489
low_persistence,300,69,estimated,0.9720476414003776,0.9720476414003776,0.3825211001662966,2.3778390496799693,1.5674557731258258,0.8541973624136052,0.3771585127938713,0.8299279571763686,True,True,True,1.0429502594888618e-08,9,8.385707579886725,0.998152800673523,0.9780878065072489
low_persistence,300,70,known,0.9964466255080857,1.0,0.28667000109598084,2.6513084145178207,1.379394898780492,1.2719135157373287,0.3668451384171574,0.8319576940772407,True,True,True,1.646970155810834e-07,9,1.0660123475742855,1.031280316536107,1.0045063826959084
low_persistence,300,70,estimated,0.9964466255080857,0.9964466255080857,0.28667000109598084,2.6431136313663894,1.3847973558776916,1.263236979089544,0.3674976137963228,0.833655156331072,True,True,True,1.6352960630072744e-07,9,1.0660123475742855,1.031280316536107,1.0045063826959084
low_persistence,300,71,known,0.9928317336342727,1.0,0.3262814941720835,2.456818624615179,1.2864295017756366,1.1703891228395422,0.3779054514066483,0.854520295031394,True,True,True,6.432252508403735e-08,10,2.150479909718195,1.0234365163864119,0.9999130135816052
low_persistence,300,71,estimated,0.9928317336342727,0.9928317336342727,0.3262814941720835,2.4388359768278187,1.2971425422533132,1.1509916978316939,0.3793541336723488,0.8581998633918051,True,True,True,3.8899252707835785e-08,10,2.150479909718195,1.0234365163864119,0.9999130135816052
low_persistence,300,72,known,0.998275510355112,1.0,0.29797153972913737,2.4124039221099065,0.9295283706854383,1.4828755514244683,0.37643381889986305,0.8801232307680539,True,True,True,1.9454880118008333e-07,10,0.5173468934664083,1.0317880204903325,1.0060295750686976
low_persistence,300,72,estimated,0.998275510355112,0.998275510355112,0.29797153972913737,2.4080228893286355,0.9313115662479458,1.4783173602328488,0.37677469464428587,0.8809911127433231,True,True,True,1.97498250309458e-07,10,0.5173468934664083,1.0317880204903325,1.0060295750686976
low_persistence,300,73,known,0.9908140497426714,1.0,0.30472347186654325,2.5356035620630593,1.2204167705798592,1.3151867914831998,0.3663228080151024,0.8364944668523699,True,True,True,1.7272368757481615e-08,9,2.7557850771985803,1.0235840040360293,0.9983963032123956
low_persistence,300,73,estimated,0.9908140497426714,0.9908140497426714,0.30472347186654325,2.5131323463218567,1.2331086726215723,1.2913509486288666,0.3680734135277761,0.8410096022320317,True,True,True,7.398178414330658e-08,8,2.7557850771985803,1.0235840040360293,0.9983963032123956
low_persistence,300,74,known,0.9747606809702204,1.0,0.32154761104253143,2.1423532045348277,0.05115162765003224,2.0912015768847954,0.373256406359452,0.8940037761373795,True,True,True,3.762553912878275e-08,11,7.571795708933882,1.00581603296865,0.9819462128246644
low_persistence,300,74,estimated,0.9747606809702204,0.9747606809702204,0.32154761104253143,2.067444271834012,0.052599464673126275,2.0161723818305664,0.37848452989966913,0.9065808078654919,True,True,True,3.976916129744268e-08,11,7.571795708933882,1.00581603296865,0.9819462128246644
low_persistence,300,75,known,0.9848092761491365,1.0,0.3417246408532963,2.3213397208026834,0.9694827990196153,1.3518569217830683,0.3582572429112867,0.7869548564021057,True,True,True,5.857957674493264e-09,10,4.557217155259052,1.0140309741228184,0.9915705404117812
low_persistence,300,75,estimated,0.9848092761491365,0.9848092761491365,0.3417246408532963,2.280327338531346,0.986919709117768,1.3083996541777605,0.36124904530001734,0.7942231688741925,True,True,True,2.2251611975221408e-07,9,4.557217155259052,1.0140309741228184,0.9915705404117812
low_persistence,300,76,known,0.9833928156762252,1.0,0.402884134395506,1.9231355273839763,0.5510663709325608,1.3720691564514156,0.360468393935931,0.7871131872456707,True,True,True,1.521883300099661e-09,10,4.982155297132451,1.0081785379041872,0.9891276917972052
low_persistence,300,76,estimated,0.9833928156762252,0.9833928156762252,0.402884134395506,1.8706673543640822,0.5626070481153863,1.317403625198603,0.3640828172588553,0.795434695415299,True,True,True,1.6895139642869594e-07,10,4.982155297132451,1.0081785379041872,0.9891276917972052
low_persistence,300,77,known,0.9962757420202714,1.0,0.3134675398264237,2.0221537567799746,0.0,2.0221537567799746,0.37229134647014916,0.8742590689969713,True,True,True,0.9706422244204385,7,1.117277393918592,1.0281315898401426,1.0036464911675225
low_persistence,300,77,estimated,0.9962757420202714,0.9962757420202714,0.3134675398264237,2.0110705664221635,0.0,2.0110705664221635,0.37306068609161713,0.8760657243156738,True,True,True,0.9706422244093252,7,1.117277393918592,1.0281315898401426,1.0036464911675225
low_persistence,300,78,known,0.9951120179162654,1.0,0.3458683599394642,2.3863462210095214,1.352351420466618,1.0339948005429032,0.37304369796629716,0.8275394560231505,True,True,True,7.642721522316265e-08,10,1.466394625120393,1.023983621687503,1.001792278007911
low_persistence,300,78,estimated,0.9951120179162654,0.9951120179162654,0.3458683599394642,2.3738299171814727,1.360268492351362,1.020210392849793,0.3740438898529925,0.8300572927035906,True,True,True,2.2330542304160872e-08,9,1.466394625120393,1.023983621687503,1.001792278007911
low_persistence,300,79,known,0.9986139588361661,1.0,0.3417089773708327,2.422399433272677,1.4458537828330122,0.9765456504396643,0.366193718250113,0.7996385759444972,True,True,True,4.875607984011765e-08,9,0.4158123491501686,1.027836996293397,1.005375533026121
low_persistence,300,79,estimated,0.9986139588361661,0.9986139588361661,0.3417089773708327,2.4189323960398177,1.4482533154862807,0.9726864192644602,0.36646947270971714,0.800333655728893,True,True,True,4.8010292630351614e-08,9,0.4158123491501686,1.027836996293397,1.005375533026121
low_persistence,300,80,known,0.9953336299486987,1.0,0.3607957432747922,2.059873721438022,0.6717944436460819,1.38807927779194,0.3775159757607619,0.8475765885467064,True,True,True,3.671762272006163e-08,10,1.3999110153903982,1.0230107143692166,1.00173750428739
low_persistence,300,80,estimated,0.9953336299486987,0.9953336299486987,0.3607957432747922,2.046196271007001,0.675548189100763,1.3738004397440684,0.3785250711572748,0.849973447736643,True,True,True,1.0086612967086239e-07,9,1.3999110153903982,1.0230107143692166,1.00173750428739
low_persistence,300,81,known,0.9995228933241634,1.0,0.280763837382464,3.0040103816282584,2.2564538398603395,0.7475565417679189,0.37402138565467813,0.8423906159466475,False,True,True,5.200461172805149e-09,10,0.1431320027509675,1.0350893478158687,1.0077521960128821
low_persistence,300,81,estimated,0.9995228933241634,0.9995228933241634,0.280763837382464,3.0030900285829585,2.257654838364561,0.7465123324135159,0.3741071424368547,0.8426328567026322,False,True,True,2.2832093993230274e-09,9,0.1431320027509675,1.0350893478158687,1.0077521960128821
low_persistence,300,82,known,0.9852589074090717,1.0,0.2655890176062871,2.6824156189808246,1.0008802467345495,1.6815353722462751,0.37795942707280394,0.9049785574116476,True,True,True,4.045858315038231e-09,6,4.422327777278479,1.0228575036732555,0.9939584034299938
low_persistence,300,82,estimated,0.9852589074090717,0.9852589074090717,0.2655890176062871,2.6478451205676423,1.0164805333171136,1.6463486209090323,0.3807127915706002,0.9122266657996173,True,True,True,1.104729676626448e-07,6,4.422327777278479,1.0228575036732555,0.9939584034299938
low_persistence,300,83,known,0.9914916982449793,1.0,0.3141971802494768,2.536310463750164,1.3327731873513156,1.203537276398848,0.3682415168406855,0.8273375528302491,True,True,True,1.8146240066130304e-09,9,2.5524905265062126,1.0232735692256518,0.9988453307633613
low_persistence,300,83,estimated,0.9914916982449793,0.9914916982449793,0.3141971802494768,2.5155877175518695,1.3458118000865915,1.1812264903658825,0.36988573738966557,0.831553415505464,True,True,True,9.618624119411834e-09,9,2.5524905265062126,1.0232735692256518,0.9988453307633613
low_persistence,300,84,known,0.9943946487412443,1.0,0.389502593766289,1.888760389389959,0.5109096864694896,1.3778507029204694,0.3664482674500864,0.8039900517797852,True,True,True,1.2617890299271295e-07,9,1.681605377626716,1.020031895848183,1.0003265491671829
low_persistence,300,84,estimated,0.9943946487412443,0.9943946487412443,0.389502593766289,1.8712017156090595,0.5144668004846774,1.3596186822520668,0.3676797935541034,0.8068237321609093,True,True,True,1.4859128173052758e-09,10,1.681605377626716,1.020031895848183,1.0003265491671829
low_persistence,300,85,known,0.9990791821147732,1.0,0.2556764251742196,2.4995987208070174,0.5670897246027418,1.9325089962042756,0.36685150370262876,0.8693761705327673,True,True,True,8.360396513895489e-08,7,0.2762453655680397,1.03813547851901,1.0081159581894235
low_persistence,300,85,estimated,0.9990791821147732,0.9990791821147732,0.2556764251742196,2.497330919860213,0.5676280385274958,1.9302255633827496,0.36701895760098646,0.8697958721658373,True,True,True,1.206392239314967e-07,7,0.2762453655680397,1.03813547851901,1.0081159581894235
low_persistence,300,86,known,0.9887421179586957,1.0,0.2829395229845706,2.474906960697008,0.7335506405790282,1.7413563201179798,0.3715149841512306,0.882576934339375,True,True,True,9.232050901530897e-09,8,3.377364612391287,1.0240350814154995,0.9969081407804437
low_persistence,300,86,estimated,0.9887421179586957,0.9887421179586957,0.2829395229845706,2.446374010048457,0.7424548514957003,1.712277627691889,0.3736571997149683,0.8880250242899416,True,True,True,1.0351430823618557e-10,9,3.377364612391287,1.0240350814154995,0.9969081407804437
low_persistence,300,87,known,0.999106020850409,1.0,0.3290321995270494,2.7766303746598693,2.18760458797294,0.5890257866869294,0.3757756783385389,0.8214729813425503,True,True,True,7.20926280894929e-08,10,0.26819374487729863,1.0294549479752726,1.0061281013798757
low_persistence,300,87,estimated,0.999106020850409,0.999106020850409,0.3290321995270494,2.7747389272026233,2.189936212279682,0.5867604722356534,0.37594995539649007,0.821943773614382,True,True,True,3.864842001988222e-09,10,0.26819374487729863,1.0294549479752726,1.0061281013798757
low_persistence,300,88,known,0.9760490414897072,1.0,0.3180723849961073,2.4342341495476036,0.857086012312953,1.5771481372346505,0.36543232741490356,0.8377739683452929,True,True,True,3.612130727859153e-08,9,7.185287553087849,1.0074437010584785,0.9833130817234884
low_persistence,300,88,estimated,0.9760490414897072,0.9760490414897072,0.3180723849961073,2.3710954297548943,0.8805013512927082,1.5116829297952543,0.3701074554204958,0.8494443851372091,True,True,True,5.299464644892282e-08,10,7.185287553087849,1.0074437010584785,0.9833130817234884
low_persistence,300,89,known,0.9891078260580823,1.0,0.29434085476753463,2.2540846443064826,0.2666270910684532,1.9874575532380294,0.3588918175281855,0.8376676996487229,True,True,True,5.624765941902865e-08,9,3.267652182575298,1.023033711926242,0.9969575369101191
low_persistence,300,89,estimated,0.9891078260580823,0.9891078260580823,0.29434085476753463,2.2239744412998297,0.2697828397042945,1.957130123212139,0.3609697854287274,0.8426480993350463,True,True,True,1.4878742682356005e-08,11,3.267652182575298,1.023033711926242,0.9969575369101191
low_persistence,300,90,known,0.9942760979106284,1.0,0.2765131317355733,2.380576939687662,0.463619134146164,1.9169578055414978,0.3683268639612824,0.8723732318210207,True,True,True,1.1853762416080826e-10,9,1.7171706268114706,1.0303892986924605,1.0026319057790083
low_persistence,300,90,estimated,0.9942760979106284,0.9942760979106284,0.2765131317355733,2.3656674638458903,0.4664426114533606,1.9018947242307997,0.3694129722593763,0.875064207352706,True,True,True,8.625933123340701e-08,7,1.7171706268114706,1.0303892986924605,1.0026319057790083
low_persistence,300,91,known,0.9903199580150218,1.0,0.342775514729883,2.5637805156750284,1.6766980841936903,0.887082431481338,0.36613277178372877,0.7958787340310178,True,True,True,1.9958935082442508e-07,9,2.904012595493455,1.0194520687290822,0.9970604937376134
low_persistence,300,91,estimated,0.9903199580150218,0.9903199580150218,0.342775514729883,2.540640711435221,1.6962583431281335,0.8608022202859376,0.36803299846233956,0.8007773727379788,True,True,True,1.6905397481892237e-07,10,2.904012595493455,1.0194520687290822,0.9970604937376134
low_persistence,300,92,known,0.9890472516184504,1.0,0.2947814020177172,2.3047622354431354,0.41890656252879294,1.8858556729143423,0.37023892761300403,0.875032302968752,True,True,True,2.6845214939896778e-09,8,3.2858245144648746,1.0229224356593343,0.9968852311722881
low_persistence,300,92,estimated,0.9890472516184504,0.9890472516184504,0.2947814020177172,2.2750793891289147,0.42391198163659033,1.8558104087631142,0.3723845302059573,0.8803043978046623,True,True,True,1.2744023614175148e-09,8,3.2858245144648746,1.0229224356593343,0.9968852311722881
low_persistence,300,93,known,0.9962351846240962,1.0,0.362786895843425,1.7973612582873686,0.0,1.7973612582873686,0.3657562756282459,0.8209451731588073,True,True,True,0.8381106730979514,6,1.1294446127711355,1.023760363619232,1.0026039113568932
low_persistence,300,93,estimated,0.9962351846240962,0.9962351846240962,0.362786895843425,1.7851843697233758,0.0,1.7851843697233758,0.3665726986041776,0.8227776461633942,True,True,True,0.8381106734338557,8,1.1294446127711355,1.023760363619232,1.0026039113568932
low_persistence,300,94,known,0.9897987730459903,1.0,0.3291814177540267,2.260973844828228,0.7513992387858982,1.5095746060423298,0.3600761232052582,0.802357467597731,True,True,True,1.3417694511019818e-08,10,3.0603680862029137,1.020133942975423,0.9968176704601601
low_persistence,300,94,estimated,0.9897987730459903,0.9897987730459903,0.3291814177540267,2.2329866797244833,0.7602772265922199,1.4804652136686958,0.3620879825295958,0.8071958971377158,True,True,True,1.5189848934227257e-08,10,3.0603680862029137,1.020133942975423,0.9968176704601601
low_persistence,300,95,known,0.9973429721095025,1.0,0.3792852314677404,2.1238970873711414,1.057338694716025,1.0665583926551163,0.3697742572640807,0.8048015606309299,True,True,True,1.896117352018223e-08,10,0.7971083671492463,1.0236708473250427,1.0034346688331672
low_persistence,300,95,estimated,0.9973429721095025,0.9973429721095025,0.3792852314677404,2.1163695701744993,1.0608298958728195,1.0583583289220875,0.37034413091722623,0.8061711864336198,True,True,True,6.542480335269829e-09,9,0.7971083671492463,1.0236708473250427,1.0034346688331672
low_persistence,300,96,known,0.9890547731873444,1.0,0.35897738820659747,2.8027444591066084,2.386003356771673,0.41674110233493533,0.3790718393065093,0.8214896742407152,True,False,True,1.694814850683457e-07,9,3.283568043796692,1.0168720524178485,0.9954910855506645
low_persistence,300,96,estimated,0.9890547731873444,0.9890547731873444,0.35897738820659747,2.7796284695297397,2.418416332456146,0.3876822523597573,0.3812837490350891,0.8275052019725688,True,False,True,2.2819127698525676e-08,9,3.283568043796692,1.0168720524178485,0.9954910855506645
low_persistence,300,97,known,0.9993253711170814,1.0,0.25182621154985985,2.6079808318251985,0.8194535556740692,1.7885272761511295,0.3633464539768021,0.8501871470988497,True,True,True,8.195649492392931e-09,10,0.2023886648755746,1.0389788058557559,1.008500311992563
low_persistence,300,97,estimated,0.9993253711170814,0.9993253711170814,0.25182621154985985,2.606393377839374,0.8200259500414151,1.7869206409885998,0.3634662951748561,0.8504930751827938,True,True,True,2.2192092608008807e-10,9,0.2023886648755746,1.0389788058557559,1.008500311992563
low_persistence,300,98,known,0.9994741401121713,1.0,0.24715958927055226,2.9149609071392995,1.594553534259484,1.3204073728798156,0.37514584720164623,0.876600397432618,True,True,True,7.139417523838176e-08,10,0.15775796634861505,1.0398762716849386,1.0088223131233236
low_persistence,300,98,estimated,0.9994741401121713,0.9994741401121713,0.24715958927055226,2.9138848043526338,1.595435542791167,1.3192882371170371,0.3752395804043407,0.8768586689518244,True,True,True,6.97495106116719e-08,10,0.15775796634861505,1.0398762716849386,1.0088223131233236
low_persistence,300,99,known,0.9890093861459432,1.0,0.3481693046512263,2.1149016699776992,0.570715247940775,1.5441864220369241,0.36546338156716685,0.8206804594292844,True,True,True,7.56454543449081e-09,9,3.2971841562170257,1.0176901862962697,0.9956454984367179
low_persistence,300,99,estimated,0.9890093861459432,0.9890093861459432,0.3481693046512263,2.082932074530462,0.5781214591848538,1.5111645250642525,0.3677381597703807,0.8260734435949719,True,True,True,2.0383394527812015e-08,8,3.2971841562170257,1.0176901862962697,0.9956454984367179
low_persistence,300,100,known,0.9825333040822695,1.0,0.3958915320041125,1.7516412512352226,0.0,1.7516412512352226,0.36348483127665093,0.8082938687077527,True,True,True,0.39472877674059526,7,5.24000877531916,1.0077568146601017,0.9883694748893845
low_persistence,300,100,estimated,0.9825333040822695,0.9825333040822695,0.3958915320041125,1.6926420750605444,0.0,1.6926420750605444,0.36738218563974784,0.8169605512342508,True,True,True,0.39472877675599266,7,5.24000877531916,1.0077568146601017,0.9883694748893845
low_persistence,300,101,known,0.9989723684743436,1.0,0.31083421443144266,2.017423737886309,0.0,2.017423737886309,0.3708472457853929,0.8728912508577947,True,True,True,0.422113269382466,7,0.30828945769693084,1.0310980926757327,1.0064055611365241
low_persistence,300,101,estimated,0.9989723684743436,0.9989723684743436,0.31083421443144266,2.014376118733272,0.0,2.014376118733272,0.37105813822738287,0.8733876443717725,True,True,True,0.42211351802605157,8,0.30828945769693084,1.0310980926757327,1.0064055611365241
low_persistence,300,102,known,0.991788791768454,1.0,0.3101884319346655,2.8351874947772413,2.04590654330236,0.7892809514748813,0.3755210999462645,0.8386814489533717,True,True,True,9.205199713591128e-09,9,2.4633624694637923,1.0239813986393744,0.9992374596232022
low_persistence,300,102,estimated,0.991788791768454,0.991788791768454,0.3101884319346655,2.817850850788356,2.0654396286224537,0.7693709770462084,0.37709169218657074,0.842973490742541,True,True,True,4.3557603857102833e-07,9,2.4633624694637923,1.0239813986393744,0.9992374596232022
low_persistence,300,103,known,0.9654636185037982,1.0,0.32638700129622755,2.363026811874429,0.576577162354154,1.786449649520275,0.3724787495233156,0.8747373192929048,True,True,True,9.777115583808893e-08,8,10.360914448860525,0.9960585080230562,0.9725426093725844
low_persistence,300,103,estimated,0.9654636185037982,0.9654636185037982,0.32638700129622755,2.267153469220118,0.5993120237799249,1.6885395141287172,0.37947988371509783,0.8920758971738609,True,True,True,1.8762022957474755e-07,8,10.360914448860525,0.9960585080230562,0.9725426093725844
low_persistence,300,104,known,0.990829570832248,1.0,0.32459158994930953,2.9433377254006685,2.4507249973307235,0.4926127280699451,0.3840576710188247,0.8555885373502277,True,False,True,4.735865033467235e-10,10,2.7511287503256043,1.0215936896645919,0.9979477176771102
low_persistence,300,104,estimated,0.990829570832248,0.990829570832248,0.32459158994930953,2.9250419777406225,2.477176865667476,0.47058188705574416,0.3858326871549019,0.8605320569755167,True,False,True,5.424155569144773e-09,7,2.7511287503256043,1.0215936896645919,0.9979477176771102
low_persistence,300,105,known,0.9999593330435491,1.0,0.3546731247452754,2.2025483205729497,1.0480313409971629,1.1545169795757868,0.36691935301604556,0.8031925950198503,True,True,True,2.8268217766580506e-07,9,0.012200086935265642,1.028114198886152,1.0064737555939633
low_persistence,300,105,estimated,0.9999593330435491,0.9999593330435491,0.3546731247452754,2.2024369128637638,1.0480825064362944,1.1543970287531158,0.3669276919512847,0.803212719535402,True,True,True,1.5798898689300955e-07,8,0.012200086935265642,1.028114198886152,1.0064737555939633
low_persistence,300,106,known,0.9986023001616152,1.0,0.24666475529829862,2.6319427797823423,0.7892700795266951,1.8426727002556471,0.35647587537141856,0.8247979957256737,True,True,True,2.3076942134991896e-08,5,0.41930995151543415,1.0390854824188611,1.0079692265353177
low_persistence,300,106,estimated,0.9986023001616152,0.9986023001616152,0.24666475529829862,2.628677709746438,0.7903995021498134,1.8393829488530389,0.3567162301940328,0.8254046690920137,True,True,True,4.116750138560832e-07,9,0.41930995151543415,1.0390854824188611,1.0079692265353177
low_persistence,300,107,known,0.9938698626507079,1.0,0.3076982111180242,2.5143715905245454,1.234806194728727,1.2795653957958184,0.36316337887773686,0.8123592883578353,True,True,True,4.998774283393459e-09,10,1.8390412047876392,1.0263230062971938,1.0013788130390489
low_persistence,300,107,estimated,0.9938698626507079,0.9938698626507079,0.3076982111180242,2.499354315904852,1.2434339069660558,1.2635428295732651,0.3643267224140787,0.8153155406669076,True,True,True,1.7373236183004792e-09,9,1.8390412047876392,1.0263230062971938,1.0013788130390489
low_persistence,300,108,known,0.9860335372605036,1.0,0.29891526961303605,2.8889264050708103,1.9862197372845178,0.9027066677862924,0.3833791030496804,0.8793015513897764,True,True,True,2.2030053670185623e-08,9,4.189938821848926,1.0194402423047362,0.9937631209811932
low_persistence,300,108,estimated,0.9860335372605036,0.9860335372605036,0.29891526961303605,2.8596617984234856,2.01791657397412,0.8699283810911873,0.3860850219668464,0.8867937294928336,True,True,True,3.435689133191033e-08,9,4.189938821848926,1.0194402423047362,0.9937631209811932
low_persistence,300,109,known,0.992880118831986,1.0,0.34528470798927213,1.896190514522447,0.0,1.896190514522447,0.36382966714583753,0.8340103579250951,True,True,True,1.0014761249215605,7,2.135964350404196,1.0218005257139793,0.9995716709001948
low_persistence,300,109,estimated,0.992880118831986,0.992880118831986,0.34528470798927213,1.8738405943921808,0.0,1.8738405943921808,0.3653292211869997,0.8374478005405052,True,True,True,1.0014761206465066,7,2.135964350404196,1.0218005257139793,0.9995716709001948
low_persistence,300,110,known,0.9986596637064231,1.0,0.40077188260130403,1.6691447228737462,0.12004328804694296,1.5491014348268033,0.36508090491967476,0.800491853997435,True,True,True,1.3198489061571123e-09,7,0.40210088807306477,1.0235760180683233,1.004424765257135
low_persistence,300,110,estimated,0.9986596637064231,0.9986596637064231,0.40077188260130403,1.6646232019782057,0.12024385423479403,1.5445405149453222,0.36538331316853045,0.8011620772135322,True,True,True,1.2442828412062568e-07,9,0.40210088807306477,1.0235760180683233,1.004424765257135
low_persistence,300,111,known,0.9913884608869354,1.0,0.27600417769125946,2.9596229847981665,1.9581477762596604,1.0014752085385061,0.3752383328438528,0.8522945052765984,True,True,True,3.37638078884428e-08,9,2.5834617339193677,1.027568254717267,0.9997596769358861
low_persistence,300,111,estimated,0.9913884608869354,0.9913884608869354,0.27600417769125946,2.9422044936631018,1.9766843565425685,0.9825424317710826,0.3767952832691222,0.8565957253171521,True,True,True,4.009033108265392e-08,9,2.5834617339193677,1.027568254717267,0.9997596769358861
low_persistence,300,112,known,0.9818244196322309,1.0,0.339949381690809,1.9932439747129045,0.0,1.9932439747129045,0.36108356408345615,0.8344932752733194,True,True,True,0.8320823378299433,7,5.452674110330735,1.0111987170511985,0.9886209920818549
low_persistence,300,112,estimated,0.9818244196322309,0.9818244196322309,0.339949381690809,1.9370022216899137,0.0,1.9370022216899137,0.3648387954704389,0.8431719182558289,True,True,True,0.8320823591524125,7,5.452674110330735,1.0111987170511985,0.9886209920818549
low_persistence,300,113,known,0.979506622525215,1.0,0.3676558172511604,2.1306807637525567,0.6711609539797025,1.4595198097728541,0.3745444262587814,0.8511606821937883,True,True,True,1.4071873000176538e-08,10,6.148013242435491,1.0066672814258146,0.9857910072498774
low_persistence,300,113,estimated,0.979506622525215,0.979506622525215,0.3676558172511604,2.070337316061119,0.687759596851164,1.3966722362401316,0.37895144054151364,0.8617723629005785,True,True,True,7.467290008555949e-08,9,6.148013242435491,1.0066672814258146,0.9857910072498774
low_persistence,300,114,known,0.9843117215496947,1.0,0.3118957449882829,2.4125171515653268,0.8620602860766338,1.5504568654886932,0.36051311447534445,0.8178021270903595,True,True,True,3.297761441700686e-08,10,4.7064835350915875,1.0163281065297307,0.9917196154982104
low_persistence,300,114,estimated,0.9843117215496947,0.9843117215496947,0.3118957449882829,2.371509144529095,0.8774067344678038,1.507867411225795,0.3635201976916513,0.8252616489528621,True,True,True,3.12736725405216e-08,10,4.7064835350915875,1.0163281065297307,0.9917196154982104
low_persistence,300,115,known,0.9929504095719702,1.0,0.2935527299079085,2.1431893781408444,0.0,2.1431893781408444,0.37773463274439095,0.9105085961201874,True,True,True,1.6206810775365514,7,2.114877128408932,1.0269673790217608,1.000821195180373
low_persistence,300,115,estimated,0.9929504095719702,0.9929504095719702,0.2935527299079085,2.1230108958362433,0.0,2.1230108958362433,0.37916734565145854,0.9139620719325048,True,True,True,1.6206810756377323,7,2.114877128408932,1.0269673790217608,1.000821195180373
low_persistence,300,116,known,0.9947962345956122,1.0,0.3198403591862274,2.0011415568577426,0.0,2.0011415568577426,0.3703288333066904,0.8613380324834432,True,True,True,0.41927394423441344,8,1.5611296213163484,1.026017354627452,1.0020201215614257
low_persistence,300,116,estimated,0.9947962345956122,0.9947962345956122,0.3198403591862274,1.9854887494558355,0.0,1.9854887494558355,0.3714072200861016,0.8638462237537267,True,True,True,0.4192739436701706,7,1.5611296213163484,1.026017354627452,1.0020201215614257
low_persistence,300,117,known,0.997591424366213,1.0,0.31709996160054527,2.561676914620716,1.529723777091475,1.031953137529241,0.373226599638024,0.8382880551189851,True,True,True,7.211411778840215e-08,10,0.722572690136114,1.0290823592587222,1.0048777406123721
low_persistence,300,117,estimated,0.997591424366213,0.997591424366213,0.31709996160054527,2.5559661461556393,1.5339879168640047,1.025672955210717,0.37369798717261143,0.8395126729427321,True,True,True,6.088063875253624e-08,10,0.722572690136114,1.0290823592587222,1.0048777406123721
low_persistence,300,118,known,0.9934324630136739,1.0,0.2487854844629552,2.3862068964498895,0.0,2.3862068964498895,0.3742909360291133,0.931685924002157,True,True,True,0.09575441665475565,7,1.9702610958978184,1.033570553331668,1.0027195426310964
low_persistence,300,118,estimated,0.9934324630136739,0.9934324630136739,0.2487854844629552,2.369084199368193,0.0,2.369084199368193,0.37551998610004783,0.9347452784795365,True,True,True,0.09575445085530085,10,1.9702610958978184,1.033570553331668,1.0027195426310964
low_persistence,300,119,known,0.996061220246587,1.0,0.3839574478938976,2.1632971317621412,1.1755569216791595,0.9877402100829816,0.3645864485261666,0.7817080569336511,True,True,True,1.2040652919154127e-08,10,1.181633926023884,1.0220687226402883,1.0020787896791898
low_persistence,300,119,estimated,0.996061220246587,0.996061220246587,0.3839574478938976,2.15229107920604,1.181335505219689,0.9756085943562978,0.36541218167011924,0.7836887198358874,True,True,True,3.413696170184721e-08,9,1.181633926023884,1.0220687226402883,1.0020787896791898
low_persistence,300,120,known,0.9892929272984882,1.0,0.261239763752396,2.774244729470395,1.2684362902947177,1.5058084391756774,0.3685366481646932,0.8691760338309543,True,True,True,1.0495727620352113e-08,8,3.21212181045355,1.0275174843174744,0.9981372570003646
low_persistence,300,120,estimated,0.9892929272984882,0.9892929272984882,0.261239763752396,2.7503496735975914,1.282878183566252,1.481207360009967,0.3704592881799284,0.874347891041423,True,True,True,1.6387180501453713e-09,6,3.21212181045355,1.0275174843174744,0.9981372570003646
low_persistence,300,121,known,0.974703618564801,1.0,0.43602353682270895,1.7317499015545668,0.2155935399903493,1.5161563615642175,0.35830867208885486,0.7751443652710384,True,True,True,9.006984269532836e-08,9,7.58891443055969,0.997605534176848,0.9800026228770521
low_persistence,300,121,estimated,0.974703618564801,0.974703618564801,0.43602353682270895,1.6443680749366167,0.2226642922272696,1.4273363835775268,0.3640472738462473,0.7878117809660338,True,True,True,9.238631815122744e-08,9,7.58891443055969,0.997605534176848,0.9800026228770521
low_persistence,300,122,known,0.989369753790548,1.0,0.3556272947127895,1.8736897359426328,0.0,1.8736897359426328,0.35854518621536946,0.8021926967296568,True,True,True,1.0334017457575349,7,3.1890738628355897,1.017449078391447,0.995866697743437
low_persistence,300,122,estimated,0.989369753790548,0.989369753790548,0.3556272947127895,1.839811694332954,0.0,1.839811694332954,0.36077827973837767,0.8071889186401496,True,True,True,1.0334017464790037,8,3.1890738628355897,1.017449078391447,0.995866697743437
low_persistence,300,123,known,0.9997801534625523,1.0,0.23591549818622604,2.9009057723521114,1.3920503614754718,1.5088554108766397,0.36822780156913554,0.8615654168430713,True,True,True,8.144993458181605e-13,6,0.06595396123429964,1.0421079120114944,1.0095738746026643
low_persistence,300,123,estimated,0.9997801534625523,0.9997801534625523,0.23591549818622604,2.9004500794861885,1.392362431937541,1.508393753608181,0.3682652575758064,0.8616668925047131,True,True,True,8.505605153530382e-08,10,0.06595396123429964,1.0421079120114944,1.0095738746026643
low_persistence,300,124,known,0.9987207993876643,1.0,0.28038635779588317,2.789271136336043,1.683345817640951,1.105925318695092,0.3694246582015596,0.8309833283562468,True,True,True,1.1284128076383126e-08,9,0.38376018370069875,1.034335136417747,1.0069611810525543
low_persistence,300,124,estimated,0.9987207993876643,0.9987207993876643,0.28038635779588317,2.786516930288262,1.6857231678926947,1.1029501405041642,0.369657385988733,0.8316050010075814,True,True,True,1.1773503727496859e-08,9,0.38376018370069875,1.034335136417747,1.0069611810525543
low_persistence,300,125,known,0.9874451184633485,1.0,0.3041725497765365,2.6129021690723135,1.347009464236891,1.2658927048354223,0.3668927589610956,0.8265330964306715,True,True,True,6.9455103890447845e-09,10,3.7664644609954556,1.020274426211586,0.9950411050294075
low_persistence,300,125,estimated,0.9874451184633485,0.9874451184633485,0.3041725497765365,2.5829527861708073,1.3660863248596211,1.2340175132886386,0.36924936400432734,0.8325979390727661,True,True,True,2.3168102991633077e-07,9,3.7664644609954556,1.020274426211586,0.9950411050294075
low_persistence,300,126,known,0.9978866326710089,1.0,0.39350419975375883,2.012226830997583,0.9220622040785722,1.0901646269190108,0.36982530374364986,0.8011481497699703,True,True,True,3.5743639681395933e-07,9,0.6340101986973434,1.0232631705870685,1.0037582106702077
low_persistence,300,126,estimated,0.9978866326710089,0.9978866326710089,0.39350419975375883,2.0059732564402206,0.9245086924090803,1.083418390497046,0.3702867861389605,0.8022347432932623,True,True,True,2.4001025056286096e-07,9,0.6340101986973434,1.0232631705870685,1.0037582106702077
low_persistence,300,127,known,0.9988455553350898,1.0,0.4070729709793012,1.8836442050457851,0.7406488889774855,1.1429953160682997,0.3610215548793433,0.7692181823773746,True,True,True,1.5478442727534514e-07,9,0.3463333994730644,1.0233762290891273,1.004521418795904
low_persistence,300,127,estimated,0.9988455553350898,0.9988455553350898,0.4070729709793012,1.8800588074328886,0.7417351829488458,1.1391799167087742,0.36127283343159594,0.7697920384749872,True,True,True,2.5392362879017583e-08,9,0.3463333994730644,1.0233762290891273,1.004521418795904
low_persistence,300,128,known,0.9964246357995475,1.0,0.2982872357325555,2.2723812041788,0.5088609337197513,1.7635202704590485,0.37124408403865666,0.8682848470425417,True,True,True,5.74548235654504e-08,9,1.0726092601357373,1.0299016775531318,1.0041704939023666
low_persistence,300,128,estimated,0.9964246357995475,0.9964246357995475,0.2982872357325555,2.262718636145005,0.5108642149894409,1.7536809467811296,0.37195065174048897,0.8700176165427027,True,True,True,5.762390165031661e-08,9,1.0726092601357373,1.0299016775531318,1.0041704939023666
low_persistence,300,129,known,0.9963406340528279,1.0,0.3336588586243889,2.2850614520684878,0.9799556564775368,1.3051057955909509,0.3675506265600201,0.8219839194349087,True,True,True,1.9791445726724533e-07,9,1.0978097841516266,1.0262687297321975,1.0032653433543948
low_persistence,300,129,estimated,0.9963406340528279,0.9963406340528279,0.3336588586243889,2.2752709931868247,0.9841538353952398,1.294718536823609,0.3682877721928074,0.8237948563817917,True,True,True,6.441757349762156e-08,9,1.0978097841516266,1.0262687297321975,1.0032653433543948
low_persistence,300,130,known,0.9980979923502433,1.0,0.28115499204237526,2.1745399866233406,0.0,2.1745399866233406,0.3738888518040549,0.8984298997262775,True,True,True,1.2580924887945102,7,0.5706022949270029,1.03361496529332,1.006315846086656
low_persistence,300,130,estimated,0.9980979923502433,0.9980979923502433,0.28115499204237526,2.169213444809036,0.0,2.169213444809036,0.37426498248248485,0.8993337165854187,True,True,True,1.2580924887020035,7,0.5706022949270029,1.03361496529332,1.006315846086656
low_persistence,300,131,known,0.9706732561478659,1.0,0.5268354021177039,1.7925526535784728,1.037887582345615,0.7546650712328578,0.37182673836428143,0.7741505208643232,True,True,True,1.0303510489251266e-07,9,8.798023155640223,0.9896275143564838,0.9750588585439446
low_persistence,300,131,estimated,0.9706732561478659,0.9706732561478659,0.5268354021177039,1.6934702584378387,1.0816092457232345,0.6435810900120296,0.3790530637713258,0.790638228381521,True,True,True,2.3679104454998878e-08,9,8.798023155640223,0.9896275143564838,0.9750588585439446
low_persistence,300,132,known,0.9814885771215706,1.0,0.2875154314136088,2.2494537434970523,0.0,2.2494537434970523,0.3749439532225087,0.9169542259996458,True,True,True,0.9902437020991198,7,5.553426863528832,1.0162198407483038,0.9895246348403046
low_persistence,300,132,estimated,0.9814885771215706,0.9814885771215706,0.2875154314136088,2.1973902836968406,0.0,2.1973902836968406,0.37862564719838976,0.9259580913000661,True,True,True,0.9902437032943266,7,5.553426863528832,1.0162198407483038,0.9895246348403046
low_persistence,300,133,known,0.9983979097641976,1.0,0.3131630981963838,2.009802644170254,0.0,2.009802644170254,0.3676367391070627,0.8564896133760616,True,True,True,2.304271902912268,9,0.4806270707407134,1.0302847262591537,1.0057758243881536
low_persistence,300,133,estimated,0.9983979097641976,0.9983979097641976,0.3131630981963838,2.0050325181943816,0.0,2.0050325181943816,0.3679636944443075,0.8572513268301313,True,True,True,2.3042719256271655,8,0.4806270707407134,1.0302847262591537,1.0057758243881536
low_persistence,300,134,known,0.9992554249153877,1.0,0.242240731593873,2.5555737822865194,0.5127641931860096,2.04280958910051,0.38368094957679233,0.9496671687899405,True,True,True,1.893693868382229e-08,8,0.22337252538370267,1.0404779483922468,1.0087934187393996
low_persistence,300,134,estimated,0.9992554249153877,0.9992554249153877,0.242240731593873,2.553779640248616,0.5131479965623441,2.041013720899231,0.3838201746171454,0.9500281084360065,True,True,True,3.930195768830913e-08,7,0.22337252538370267,1.0404779483922468,1.0087934187393996
low_persistence,300,135,known,0.9971819114297077,1.0,0.32961538658292555,2.4737961039492253,1.4308057226484625,1.042990381300763,0.37290244168399245,0.8297988889905724,True,True,True,1.773636704172077e-08,9,0.8454265710876929,1.0274771423310955,1.0041915678229332
low_persistence,300,135,estimated,0.9971819114297077,0.9971819114297077,0.32961538658292555,2.4668574731099,1.43553383392564,1.0353691006739136,0.37346359573550497,0.8312271706672385,True,True,True,8.051077138304663e-09,9,0.8454265710876929,1.0274771423310955,1.0041915678229332
low_persistence,300,136,known,0.9993898434843458,1.0,0.310542922214673,2.0161347112802797,0.0,2.0161347112802797,0.35298865403468643,0.8069827367480796,True,True,True,1.4457615957725154,7,0.1830469546962643,1.031545701920807,1.0068300085519923
low_persistence,300,136,estimated,0.9993898434843458,0.9993898434843458,0.310542922214673,2.01432576356551,0.0,2.01432576356551,0.35310781124591667,0.8072551472386811,True,True,True,1.445761595772571,7,0.1830469546962643,1.031545701920807,1.0068300085519923
low_persistence,300,137,known,0.9936393950359512,1.0,0.3300460982165612,2.4111889820019567,1.222101839566905,1.1890871424350518,0.37627445394740466,0.847535556051272,True,True,True,6.08989911832225e-08,10,1.9081814892146332,1.0238950905255788,1.000639903796247
low_persistence,300,137,estimated,0.9936393950359512,0.9936393950359512,0.3300460982165612,2.394960138008388,1.2311876291900072,1.1716036069642823,0.37756723011572957,0.8507930816531412,True,True,True,3.9601528278865317e-08,10,1.9081814892146332,1.0238950905255788,1.000639903796247
low_persistence,300,138,known,0.9731732569173992,1.0,0.266194097483532,2.553156407364691,0.41544615764077886,2.137710249723912,0.3698344617136301,0.9054453343732779,True,True,True,1.0990129817312067e-07,9,8.048022924780241,1.0106863886493969,0.9818529783075755
low_persistence,300,138,estimated,0.9731732569173992,0.9731732569173992,0.266194097483532,2.4849401346940683,0.4270468484745695,2.0693495623077602,0.3748219979548871,0.9181644632544067,True,True,True,4.797693242686307e-09,9,8.048022924780241,1.0106863886493969,0.9818529783075755
low_persistence,300,139,known,0.9989312801537422,1.0,0.4165859744096902,1.952751154446935,0.9979794075669434,0.9547717468799917,0.36963022324999517,0.7862826801247098,True,True,True,5.575059869311616e-08,9,0.32061595387733455,1.0229017805032319,1.0044775316931525
low_persistence,300,139,estimated,0.9989312801537422,0.9989312801537422,0.4165859744096902,1.9495278982761144,0.9993532527766051,0.9512426741541739,0.36986819815951494,0.7868361984080047,True,True,True,3.721353569741126e-08,9,0.32061595387733455,1.0229017805032319,1.0044775316931525
low_persistence,300,140,known,0.99990436237866,1.0,0.3226104103350624,2.1356624144675154,0.5080954435269396,1.6275669709405758,0.3567280638696252,0.7979895739812942,True,True,True,1.4206159049123812e-07,8,0.028691286402005023,1.0308574064382388,1.0070662224050206
low_persistence,300,140,estimated,0.99990436237866,0.99990436237866,0.3226104103350624,2.135392014293008,0.5081508201538515,1.6272897924748781,0.3567467983418341,0.7980336238029141,True,True,True,3.888325217360489e-08,8,0.028691286402005023,1.0308574064382388,1.0070662224050206
low_persistence,300,141,known,0.9852412955164189,1.0,0.2740761570720508,2.5456200874434924,0.7381552803743179,1.8074648070691746,0.36151017122887974,0.846400887483414,True,True,True,2.4360213846108536e-10,9,4.427611345074323,1.0216756003164342,0.9936713998587645
low_persistence,300,141,estimated,0.9852412955164189,0.9852412955164189,0.2740761570720508,2.508986720192054,0.7498026331038147,1.7702502025712297,0.36420778863709913,0.8532299546420928,True,True,True,3.196542337491337e-07,9,4.427611345074323,1.0216756003164342,0.9936713998587645
low_persistence,300,142,known,0.9986766649114684,1.0,0.3147205415052405,2.0004306160815344,0.0,2.0004306160815344,0.35778700324732343,0.8159858828983686,True,True,True,0.03041870930792054,8,0.3970005265594656,1.0304056845598846,1.0060180687830298
low_persistence,300,142,estimated,0.9986766649114684,0.9986766649114684,0.3147205415052405,1.9964787990352222,0.0,1.9964787990352222,0.3580504514300104,0.8165867152259724,True,True,True,0.03041870934017736,8,0.3970005265594656,1.0304056845598846,1.0060180687830298
low_persistence,300,143,known,0.9929886451574738,1.0,0.21850776003617559,2.578243036432249,0.0,2.578243036432249,0.3656156315124486,0.9242098172623074,True,True,True,1.3772051065023259,7,2.103406452757872,1.0386885060847322,1.0035625973204723
low_persistence,300,143,estimated,0.9929886451574738,0.9929886451574738,0.21850776003617559,2.561258479894687,0.0,2.561258479894687,0.3668258533446383,0.9272690379355277,True,True,True,1.3772051062554957,7,2.103406452757872,1.0386885060847322,1.0035625973204723
low_persistence,300,144,known,0.9957014608721084,1.0,0.27743870478778127,2.209968852336197,0.0,2.209968852336197,0.3636973404742716,0.8644924644118652,True,True,True,0.2667904161899414,8,1.289561738367473,1.0316941831305917,1.0040293926350319
low_persistence,300,144,estimated,0.9957014608721084,0.9957014608721084,0.27743870478778127,2.198035619994038,0.0,2.198035619994038,0.36451851309673133,0.8664443553527561,True,True,True,0.26679048403325867,8,1.289561738367473,1.0316941831305917,1.0040293926350319
low_persistence,300,145,known,0.9896325708468636,1.0,0.32106757948283954,2.5026152775418526,1.2926903668432788,1.2099249106985739,0.3682654899258198,0.824725831631706,True,True,True,6.718248624082435e-09,10,3.110228745940913,1.020734354033022,0.9968288458665592
low_persistence,300,145,estimated,0.9896325708468636,0.9896325708468636,0.32106757948283954,2.476911431094785,1.3082161762348878,1.1822580933839992,0.3702873484752008,0.8298678610300183,True,True,True,1.9529849737409677e-08,9,3.110228745940913,1.020734354033022,0.9968288458665592
low_persistence,300,146,known,0.992663859968937,1.0,0.27204706442455584,2.840777663137126,1.6271300813838447,1.2136475817532815,0.3687602041810394,0.8409795321734063,True,True,True,1.3527603259788634e-07,9,2.200842009318893,1.0293699139978685,1.0011568411622969
low_persistence,300,146,estimated,0.992663859968937,0.992663859968937,0.27204706442455584,2.825078717083202,1.6401184739591703,1.1969923819165298,0.370073756152436,0.844523119921766,True,True,True,1.975100083484449e-10,7,2.200842009318893,1.0293699139978685,1.0011568411622969
low_persistence,300,147,known,0.9975528317211206,1.0,0.3908899312971525,1.7929019521723195,0.32495422395818924,1.4679477282141302,0.3570471402918554,0.7701344427150132,True,True,True,1.0062042132830129e-07,6,0.7341504836638091,1.0230990877017814,1.0034636787828477
low_persistence,300,147,estimated,0.9975528317211206,0.9975528317211206,0.3908899312971525,1.784999367712297,0.3259382767844819,1.4598587167396346,0.3575749231073916,0.7713085727395955,True,True,True,3.403569364124337e-07,6,0.7341504836638091,1.0230990877017814,1.0034636787828477
low_persistence,300,148,known,0.9959185160441502,1.0,0.36708967928542774,1.7810492585426883,0.0,1.7810492585426883,0.3628876793802197,0.8102290407367138,True,True,True,0.20431329866633907,7,1.2244451867549522,1.0231210630201866,1.00221259275686
low_persistence,300,148,estimated,0.9959185160441502,0.9959185160441502,0.36708967928542774,1.7677608028467158,0.0,1.7677608028467158,0.3637704784682811,0.812200089904062,True,True,True,0.20431329847025925,7,1.2244451867549522,1.0231210630201866,1.00221259275686
low_persistence,300,149,known,0.9988293296300313,1.0,0.341813115967867,2.040258920935425,0.4633749140090442,1.5768840069263808,0.36315621103689943,0.8113396289461973,True,True,True,3.1213028461873904e-07,8,0.3512011109905955,1.0280434638416591,1.0055888438029272
low_persistence,300,149,estimated,0.9988293296300313,0.9988293296300313,0.341813115967867,2.03682047006991,0.46400867600378065,1.5733549952745356,0.3633967577252465,0.811901090466673,True,True,True,1.3260971210016237e-09,9,0.3512011109905955,1.0280434638416591,1.0055888438029272
low_persistence,300,150,known,0.9913296098399301,1.0,0.33664357620732505,1.945448853758307,0.0,1.945448853758307,0.3689885122482938,0.8561376410888965,True,True,True,0.5550756979916384,7,2.601117048020962,1.02099235985489,0.9981929239357962
low_persistence,300,150,estimated,0.9913296098399301,0.9913296098399301,0.33664357620732505,1.9186429612181508,0.0,1.9186429612181508,0.3708181533818351,0.8603828264865798,True,True,True,0.5550756916845897,7,2.601117048020962,1.02099235985489,0.9981929239357962
low_persistence,300,151,known,0.9979799412280118,1.0,0.3358028464051375,2.0250657607237015,0.3360350828676272,1.6890306778560742,0.3567970306105596,0.7996333316325951,True,True,True,2.748399285934511e-10,7,0.606017631596456,1.027716956122556,1.0048604385990165
low_persistence,300,151,estimated,0.9979799412280118,0.9979799412280118,0.3358028464051375,2.0190848251228695,0.3368199873550404,1.6829452339378668,0.35720369975752275,0.8005754180909496,True,True,True,7.175733873765466e-08,7,0.606017631596456,1.027716956122556,1.0048604385990165
low_persistence,300,152,known,0.9972574172365251,1.0,0.3596576221675445,2.5632803276469054,1.9301328022814672,0.6331475253654382,0.3660091659038088,0.7798501198083154,True,True,True,1.9632878989206404e-08,9,0.822774829042483,1.0250220846026685,1.0036815563606785
low_persistence,300,152,estimated,0.9972574172365251,0.9972574172365251,0.3596576221675445,2.5568657863837108,1.936652897211341,0.6255243200270955,0.36655000329652493,0.7812482363212238,True,True,True,9.231792108543857e-09,9,0.822774829042483,1.0250220846026685,1.0036815563606785
low_persistence,300,153,known,0.9988714167619696,1.0,0.30942067284946523,2.0250106818832343,0.0,2.0250106818832343,0.36913206245105284,0.8606082945157805,True,True,True,0.8935132109569704,7,0.3385749714091335,1.031143902479296,1.0063385668414684
low_persistence,300,153,estimated,0.9988714167619696,0.9988714167619696,0.30942067284946523,2.021672470672123,0.0,2.021672470672123,0.3693621195711783,0.8611446582888935,True,True,True,0.8935132130732013,7,0.3385749714091335,1.031143902479296,1.0063385668414684
low_persistence,300,154,known,0.9985066362204688,1.0,0.2643717760362811,2.831721693251728,1.5941652440407104,1.2375564492110174,0.36900954004772407,0.8439604513493867,True,True,True,3.492757457762529e-08,6,0.4480091338593728,1.036278346933679,1.0072461871532787
low_persistence,300,154,estimated,0.9985066362204688,0.9985066362204688,0.2643717760362811,2.8285471682870433,1.5967186159357736,1.2342130340984112,0.3692744244999581,0.8446733416791546,True,True,True,3.573997964245734e-07,9,0.4480091338593728,1.036278346933679,1.0072461871532787
low_persistence,300,155,known,0.9996221612029684,1.0,0.29349236964389863,2.100140660629604,0.0,2.100140660629604,0.3633403717745956,0.8509430149388866,True,True,True,0.223037526178679,9,0.11335163910947132,1.0336461266549355,1.0074945655338539
low_persistence,300,155,estimated,0.9996221612029684,0.9996221612029684,0.29349236964389863,2.099055663014296,0.0,2.099055663014296,0.3634144341592296,0.8511164690160261,True,True,True,0.22303765257381228,8,0.11335163910947132,1.0336461266549355,1.0074945655338539
low_persistence,300,156,known,0.9746423249327366,1.0,0.3120365126173952,2.1715241636573346,0.0,2.1715241636573346,0.3595220269613414,0.8487682161157192,True,True,True,0.7288039111313298,6,7.607302520179015,1.0066442665049529,0.982046876991359
low_persistence,300,156,estimated,0.9746423249327366,0.9746423249327366,0.3120365126173952,2.0970661168134623,0.0,2.0970661168134623,0.3645244336520541,0.8605780176988039,True,True,True,0.728803911130155,7,7.607302520179015,1.0066442665049529,0.982046876991359
low_persistence,300,157,known,0.9878744698422026,1.0,0.35089271126002003,2.091671775433431,0.5197503338656515,1.5719214415677796,0.3596768268983031,0.8014056973683774,True,True,True,1.857432430085737e-09,9,3.6376590473392145,1.0163326678176523,0.9944590768395088
low_persistence,300,157,estimated,0.9878744698422026,0.9878744698422026,0.35089271126002003,2.055995910950709,0.5272058152337065,1.5351827457289846,0.36215502719122555,0.8072146682667408,True,True,True,2.783434371878002e-09,8,3.6376590473392145,1.0163326678176523,0.9944590768395088
low_persistence,300,158,known,0.9710852504458429,1.0,0.30142207809290356,2.937684149517021,1.9270869304404716,1.010597219076549,0.3873523148144213,0.9070028256512029,True,True,True,1.7851565248250267e-07,9,8.674424866247122,1.0042141251067833,0.9787505502688849
low_persistence,300,158,estimated,0.9710852504458429,0.9710852504458429,0.30142207809290356,2.876129974581534,1.9905026250386229,0.9431822344327948,0.3929877556182686,0.9227544732676295,True,True,True,2.8324096401632914e-09,9,8.674424866247122,1.0042141251067833,0.9787505502688849
low_persistence,300,159,known,0.9958329314699821,1.0,0.3194327960624372,1.9963116811194066,0.0,1.9963116811194066,0.3648899680923435,0.8438365223209136,True,True,True,1.0345862642743342,7,1.2501205590053743,1.0270938864134693,1.003066035366474
low_persistence,300,159,estimated,0.9958329314699821,0.9958329314699821,0.3194327960624372,1.9837798781043074,0.0,1.9837798781043074,0.36574070709793155,0.8458039226515705,True,True,True,1.0345862641553318,7,1.2501205590053743,1.0270938864134693,1.003066035366474
low_persistence,1000,0,known,0.9995315370093883,1.0,0.3363227470871414,2.126552912752092,0.6418308272525288,1.4847220854995629,0.19944731620578404,0.4449868652878506,True,True,True,1.387774695160715e-08,10,0.4684629906116511,1.0084388508901763,1.0015924953791782
low_persistence,1000,0,estimated,0.9995315370093883,0.9995315370093883,0.3363227470871414,2.1252244583580144,0.6421809916846777,1.4833443047012154,0.19949939405164072,0.44511033528229116,True,True,True,1.4402625758691556e-08,10,0.4684629906116511,1.0084388508901763,1.0015924953791782
low_persistence,1000,1,known,0.995293276966416,1.0,0.3462126983472417,1.9952463194745444,0.3326143466340161,1.6626319728405283,0.19961094164473375,0.4502189712942362,True,True,True,4.6547287624321143e-07,8,4.706723033583993,1.0039461435072883,0.9972953617653529
low_persistence,1000,1,estimated,0.995293276966416,0.995293276966416,0.3462126983472417,1.9810816808294813,0.3344487867744935,1.6482070518632537,0.20014857919768828,0.4514700743752315,True,True,True,6.819400177882073e-08,8,4.706723033583993,1.0039461435072883,0.9972953617653529
low_persistence,1000,2,known,0.9998538712229572,1.0,0.32843207962704946,2.091313685217848,0.45810747485924397,1.6332062103586045,0.2000496022524823,0.45235722188449684,True,True,True,1.5787156293356475e-07,8,0.1461287770427866,1.0089751856723734,1.0019643446619315
low_persistence,1000,2,estimated,0.9998538712229572,0.9998538712229572,0.32843207962704946,2.0908934833694497,0.4581844085134008,1.632776028783325,0.20006589643676764,0.4523957140877795,True,True,True,3.6627548860579395e-07,9,0.1461287770427866,1.0089751856723734,1.0019643446619315
low_persistence,1000,3,known,0.9985748380338896,1.0,0.3273937765679494,2.54507432734584,1.5986971091791145,0.9463772181667253,0.1991052080588085,0.43422691030543287,True,True,True,1.210157716258209e-07,9,1.425161966110422,1.0077250799992625,1.0006920046698171
low_persistence,1000,3,estimated,0.9985748380338896,0.9985748380338896,0.3273937765679494,2.541684660355674,1.601374035980913,0.9425928417443576,0.19925428209959423,0.43460888533249076,True,True,True,5.888506633411339e-07,9,1.425161966110422,1.0077250799992625,1.0006920046698171
low_persistence,1000,4,known,0.9993126539585009,1.0,0.3465669437379743,1.8768570998578318,0.0805532227298904,1.7963038771279414,0.19627312974066624,0.4398359943987049,True,True,True,4.2222306984029956e-08,11,0.687346041499115,1.0079566759221736,1.001312692314969
low_persistence,1000,4,estimated,0.9993126539585009,0.9993126539585009,0.3465669437379743,1.8747109258224979,0.08061774878168539,1.794148589331312,0.19635128652148795,0.4400124983604779,True,True,True,4.150770949173932e-08,11,0.687346041499115,1.0079566759221736,1.001312692314969
low_persistence,1000,5,known,0.9998563594093401,1.0,0.37279184805451293,1.9057619801374777,0.47109418804337316,1.4346677920941044,0.1986570137605269,0.4353301738391996,True,True,True,4.7822566879265265e-09,10,0.1436405906598548,1.0078922976660047,1.0017157004442294
low_persistence,1000,5,estimated,0.9998563594093401,0.9998563594093401,0.37279184805451293,1.9053193399830846,0.47117641362193563,1.4342106064195066,0.19867381278641355,0.4353686494297007,True,True,True,7.972414199919342e-07,8,0.1436405906598548,1.0078922976660047,1.0017157004442294
low_persistence,1000,6,known,0.9965343662644462,1.0,0.35066664650978324,1.983179641217579,0.37365206444028504,1.609527576777294,0.1993413173952686,0.4462780060198723,True,True,True,2.885739778335233e-08,6,3.4656337355537525,1.0050773295127928,0.9985110218359382
low_persistence,1000,6,estimated,0.9965343662644462,0.9965343662644462,0.35066664650978324,1.97272971119195,0.37517821089008424,1.5988517305663712,0.19973779226610627,0.44719667427816207,True,True,True,1.517310556920244e-08,6,3.4656337355537525,1.0050773295127928,0.9985110218359382
low_persistence,1000,7,known,0.9962133577961002,1.0,0.31920419783865966,2.19964743605042,0.5767236146137793,1.6229238214366406,0.19942856799544603,0.4528853827032315,True,True,True,8.415979415588026e-07,8,3.7866422038997927,1.0055983605430507,0.9983848429621891
low_persistence,1000,7,estimated,0.9962133577961002,0.9962133577961002,0.31920419783865966,2.189128389807382,0.579206059379319,1.6121155765372635,0.19984091682101174,0.4538752605725501,True,True,True,4.89803456065464e-10,9,3.7866422038997927,1.0055983605430507,0.9983848429621891
low_persistence,1000,8,known,0.9990051458106936,1.0,0.3487279432065849,2.2966755034537636,1.2067178707926878,1.089957632661076,0.19829269471417232,0.43050854033604646,True,True,True,2.3489204359350424e-08,10,0.9948541893064489,1.0075956024457655,1.000992790317143
low_persistence,1000,8,estimated,0.9990051458106936,0.9990051458106936,0.3487279432065849,2.2940497538396674,1.2081577053169361,1.0870939892772085,0.19840146068985695,0.4307746726395105,True,True,True,3.7259245200260693e-07,9,0.9948541893064489,1.0075956024457655,1.000992790317143
low_persistence,1000,9,known,0.9935673500943686,1.0,0.35846831970548115,2.1875345117543246,0.9499019924229525,1.2376325193313722,0.20138742459566739,0.44462766923567437,True,True,True,3.739787173273612e-07,9,6.432649905631416,1.0019243850368575,0.9955009859066754
low_persistence,1000,9,estimated,0.9935673500943686,0.9935673500943686,0.35846831970548115,2.169567342141819,0.9572659186944196,1.2184591799689533,0.20211877419049695,0.4463921963643466,True,True,True,3.03916348087796e-07,8,6.432649905631416,1.0019243850368575,0.9955009859066754
low_persistence,1000,10,known,0.9991099884328919,1.0,0.4073673595550151,1.8221501523717758,0.5906534040255984,1.2314967483461774,0.19939955178548718,0.42714674645927064,False,True,True,2.0782566778621003e-08,10,0.8900115671081066,1.0064638723494295,1.0008115169532847
low_persistence,1000,10,estimated,0.9991099884328919,0.9991099884328919,0.4073673595550151,1.8193201669526866,0.5913196130110699,1.2285268352370544,0.19950751803167896,0.427390832930827,False,True,True,4.128401620562272e-08,10,0.8900115671081066,1.0064638723494295,1.0008115169532847
low_persistence,1000,11,known,0.9985624743066489,1.0,0.2863045794732365,2.1468853901628737,0.007692658351340915,2.1391927318115327,0.1990671204083322,0.4707029628050852,True,True,True,2.7622560683226993e-08,11,1.4375256933510938,1.0090259194917233,1.0009834875570665
low_persistence,1000,11,estimated,0.9985624743066489,0.9985624743066489,0.2863045794732365,2.1428210415035114,0.007704460364672437,2.1351276564985664,0.19921968603984375,0.47106397364857705,True,True,True,2.6299021627096408e-08,11,1.4375256933510938,1.0090259194917233,1.0009834875570665
low_persistence,1000,12,known,0.9980239942140603,1.0,0.31379223788417065,2.138311611658093,0.36910970829388373,1.769201903364209,0.19861439874061199,0.4544365376092614,True,True,True,9.857181204659383e-10,9,1.976005785939705,1.0075708596615727,1.0002329308825824
low_persistence,1000,12,estimated,0.9980239942140603,0.9980239942140603,0.31379223788417065,2.132705797262166,0.36992834828786936,1.7635084295308965,0.1988290651932285,0.4549454275924671,True,True,True,5.550143900023841e-09,8,1.976005785939705,1.0075708596615727,1.0002329308825824
low_persistence,1000,13,known,0.9912768310384836,1.0,0.2960407339244383,2.7053853034173727,1.55555793983622,1.149827363581153,0.20203370202593857,0.45722724360476474,False,True,True,4.249736518247005e-07,8,8.72316896151637,1.0013961556119682,0.9936182222766802
low_persistence,1000,13,estimated,0.9912768310384836,0.9912768310384836,0.2960407339244383,2.685604181569591,1.5708520962568335,1.128454893561958,0.20292660921265232,0.4595915379506285,False,True,True,4.6072574644284714e-08,9,8.72316896151637,1.0013961556119682,0.9936182222766802
low_persistence,1000,14,known,0.996332880418132,1.0,0.3249645853111009,2.054746282619032,0.2506276209153697,1.8041186617036624,0.19714752985601544,0.44777021271336037,True,True,True,1.467342709560171e-07,8,3.66711958186805,1.0055515227224496,0.998465873402264
low_persistence,1000,14,estimated,0.996332880418132,0.996332880418132,0.3249645853111009,2.0439706326227096,0.251671796381421,1.7932217468140028,0.19755067599480963,0.44870806977581557,True,True,True,9.488951979719218e-08,9,3.66711958186805,1.0055515227224496,0.998465873402264
low_persistence,1000,15,known,0.9928413591243063,1.0,0.3231037110784707,2.1513711465531595,0.4343788590979637,1.7169922874551957,0.19888445580440783,0.4533352901087627,True,True,True,2.3639057652955154e-07,6,7.158640875693734,1.0021130950123116,0.9949866368069622
low_persistence,1000,15,estimated,0.9928413591243063,0.9928413591243063,0.3231037110784707,2.1309635851707838,0.437915913090529,1.6961825548358214,0.19966881121777255,0.45519830657188454,True,True,True,2.1384586190720256e-07,9,7.158640875693734,1.0021130950123116,0.9949866368069622
low_persistence,1000,16,known,0.9983873968541414,1.0,0.3251802519323622,2.228690887707498,0.764134159673111,1.4645567280343867,0.19820635480419893,0.4430348401097147,True,True,True,8.161230979908396e-08,10,1.6126031458586487,1.0075999251542211,1.0005189751908976
low_persistence,1000,16,estimated,0.9983873968541414,0.9983873968541414,0.3251802519323622,2.2242868488555163,0.7655529609705395,1.4599684209981594,0.1983808272929546,0.44345511255764836,True,True,True,8.311546118022761e-08,10,1.6126031458586487,1.0075999251542211,1.0005189751908976
low_persistence,1000,17,known,0.9985946718597557,1.0,0.30345370321736714,2.056360199250653,0.0,2.056360199250653,0.1980014484259289,0.46051512080357004,True,True,True,2.1624805542005343,7,1.4053281402442996,1.008466794828735,1.0008788660324115
low_persistence,1000,17,estimated,0.9985946718597557,0.9985946718597557,0.30345370321736714,2.052249656806078,0.0,2.052249656806078,0.19815375660153398,0.46086936173688503,True,True,True,2.162480440195632,6,1.4053281402442996,1.008466794828735,1.0008788660324115
low_persistence,1000,18,known,0.9874016751673025,1.0,0.3284514818777949,2.4595391704699487,1.2306579281190675,1.2288812423508815,0.20229416900566738,0.4541241471014294,True,True,True,6.816575304213757e-08,10,12.598324832697516,0.9965224508034087,0.9895120239366159
low_persistence,1000,18,estimated,0.9874016751673025,0.9874016751673025,0.3284514818777949,2.4275897495575816,1.2487430888188624,1.1945787318042451,0.20365876771766575,0.457572279110644,True,True,True,2.1095477920063388e-08,10,12.598324832697516,0.9965224508034087,0.9895120239366159
low_persistence,1000,19,known,0.9974896332606543,1.0,0.35845898221876843,2.0173804771344654,0.5688883658314137,1.4484921113030518,0.19865948274100567,0.4378214718824337,True,True,True,6.29189482737047e-07,9,2.510366739345682,1.0058468858952827,0.9994233194421793
low_persistence,1000,19,estimated,0.9974896332606543,0.9974896332606543,0.35845898221876843,2.0099306041741487,0.5705973018520164,1.4407657108102618,0.19894627447280186,0.43848856975080325,True,True,True,5.131420046747242e-09,10,2.510366739345682,1.0058468858952827,0.9994233194421793
low_persistence,1000,20,known,0.9987078666154193,1.0,0.3297817718878888,2.244688876022908,0.8667416402731271,1.3779472357497808,0.20154491840594518,0.45220344131349277,True,True,True,2.535209422394047e-07,10,1.2921333845806737,1.0077918504159928,1.0008097025555682
low_persistence,1000,20,estimated,0.9987078666154193,0.9987078666154193,0.3297817718878888,2.241188771584162,0.8680427361106944,1.374267662472039,0.2016877808987298,0.45255148055767186,True,True,True,2.500959737083974e-07,10,1.2921333845806737,1.0077918504159928,1.0008097025555682
low_persistence,1000,21,known,0.9988903024552609,1.0,0.34727529960418524,2.3656132063417123,1.3686197456045213,0.9969934607371912,0.20421144760262924,0.45025207911170534,True,True,True,2.531666467575633e-07,9,1.1096975447391078,1.0075166927484043,1.000886261227307
low_persistence,1000,21,estimated,0.9988903024552609,0.9988903024552609,0.34727529960418524,2.3627715440747887,1.370442610401002,0.9938497104737548,0.2043360377799345,0.45056414114116694,True,True,True,2.792307363108648e-07,9,1.1096975447391078,1.0075166927484043,1.000886261227307
low_persistence,1000,22,known,0.9987521677476424,1.0,0.2980796763253581,2.2182116727317878,0.3935894368048628,1.8246222359269249,0.19935328731754431,0.461706619705845,True,True,True,1.6614936804160152e-07,7,1.2478322523575835,1.008802273512935,1.0010775432616823
low_persistence,1000,22,estimated,0.9987521677476424,0.9987521677476424,0.2980796763253581,2.2147820215914527,0.3941280138522081,1.8211458133864868,0.1994860165101998,0.4620256266853903,True,True,True,8.494014380744375e-10,9,1.2478322523575835,1.008802273512935,1.0010775432616823
low_persistence,1000,23,known,0.9980671616753882,1.0,0.2959866451187813,2.3265131496748257,0.6552772899626035,1.671235859712222,0.1989662251214078,0.4564477642355737,True,True,True,9.645934984092719e-08,9,1.9328383246117742,1.0081883354612926,1.0004089807810501
low_persistence,1000,23,estimated,0.9980671616753882,0.9980671616753882,0.2959866451187813,2.321419059864401,0.6566742423921261,1.6660140626147562,0.19916894789333722,0.45694413765013003,True,True,True,1.28984120273401e-07,9,1.9328383246117742,1.0081883354612926,1.0004089807810501
low_persistence,1000,24,known,0.9992922292537116,1.0,0.3416270188925731,2.0905772397972426,0.6046417881596271,1.4859354516376155,0.19919209132463078,0.444025446121659,True,True,True,5.925988018435237e-09,10,0.7077707462883609,1.0080612437282255,1.0013211881539967
low_persistence,1000,24,estimated,0.9992922292537116,0.9992922292537116,0.3416270188925731,2.088541333299398,0.6051435473014191,1.4838260888980639,0.19927141021227324,0.4442127175528888,True,True,True,9.713897259899795e-07,9,0.7077707462883609,1.0080612437282255,1.0013211881539967
low_persistence,1000,25,known,0.999562984440487,1.0,0.3449049071416919,2.144294420213165,0.7880135262564475,1.3562808939567175,0.2000515379274218,0.44346850419209294,True,True,True,1.429199203428766e-07,10,0.43701555951303206,1.0082486604384897,1.0015726606329896
low_persistence,1000,25,estimated,0.999562984440487,0.999562984440487,0.3449049071416919,2.14306546431205,0.7884205928559994,1.354989423522569,0.20010054215014705,0.44358555254847754,True,True,True,1.2000913152121484e-07,9,0.43701555951303206,1.0082486604384897,1.0015726606329896
low_persistence,1000,26,known,0.9970271241635826,1.0,0.3377881289700252,2.1240309455386908,0.6120494168522955,1.5119815286863953,0.20216599896094228,0.4565275820571979,True,True,True,5.738918835707096e-07,9,2.9728758364173657,1.0058957966142354,0.9990791417483138
low_persistence,1000,26,estimated,0.9970271241635826,0.9970271241635826,0.3377881289700252,2.1155498883406563,0.6141714572932908,1.50320428653217,0.20250249648909477,0.4573315900069936,True,True,True,8.341303376901976e-07,9,2.9728758364173657,1.0058957966142354,0.9990791417483138
low_persistence,1000,27,known,0.997566092415828,1.0,0.30258905043756334,2.067367882122037,0.0,2.067367882122037,0.19799656056289036,0.46227693937812436,True,True,True,0.2729053324911279,8,2.433907584171946,1.0074664251252303,0.9998568137078166
low_persistence,1000,27,estimated,0.997566092415828,0.997566092415828,0.30258905043756334,2.06026393724318,0.0,2.06026393724318,0.19825989020719026,0.4628917542095968,True,True,True,0.2729052798739026,8,2.433907584171946,1.0074664251252303,0.9998568137078166
low_persistence,1000,28,known,0.995411353036874,1.0,0.3108386017324053,2.1620248236533173,0.3494088768535116,1.8126159467998058,0.19897384616284866,0.45782540213308764,True,True,True,5.646867151654078e-08,9,4.588646963125997,1.0050489342666755,0.9976412793610075
low_persistence,1000,28,estimated,0.995411353036874,0.995411353036874,0.3108386017324053,2.1490557825517653,0.351198700571777,1.799468608830821,0.19947081731276045,0.4590075628814429,True,True,True,2.2455666659482176e-08,9,4.588646963125997,1.0050489342666755,0.9976412793610075
low_persistence,1000,29,known,0.9999156231807458,1.0,0.3141123360987368,2.156435807919111,0.45716241050134,1.6992733974177707,0.200825659799566,0.46000671855135006,True,True,True,2.3045556574174952e-09,7,0.08437681925421714,1.0094527598330685,1.0021223088180207
low_persistence,1000,29,estimated,0.9999156231807458,0.9999156231807458,0.3141123360987368,2.1561990520329797,0.4572058063018105,1.6990318233028496,0.20083490614127628,0.4600288209019697,True,True,True,2.5329294217613096e-09,7,0.08437681925421714,1.0094527598330685,1.0021223088180207
low_persistence,1000,30,known,0.9981120573434448,1.0,0.316700239807572,1.994548528159956,0.0,1.994548528159956,0.19735168052136098,0.4551029924994578,True,True,True,0.9333590566768486,7,1.8879426565552304,1.0075712616540389,1.000300711134743
low_persistence,1000,30,estimated,0.9981120573434448,0.9981120573434448,0.316700239807572,1.9888921111517837,0.0,1.9888921111517837,0.19755953350038613,0.45558231201933375,True,True,True,0.933359144122433,8,1.8879426565552304,1.0075712616540389,1.000300711134743
low_persistence,1000,31,known,0.9972525383683795,1.0,0.33791721251470286,1.900750645103631,0.0,1.900750645103631,0.19739364715587518,0.44787363785337037,True,True,True,0.4717230280335533,7,2.7474616316205402,1.0061178230079526,0.9993037720874366
low_persistence,1000,31,estimated,0.9972525383683795,0.9972525383683795,0.33791721251470286,1.8922131904616244,0.0,1.8922131904616244,0.19770508127332773,0.4485802620692202,True,True,True,0.47172254444277,9,2.7474616316205402,1.0061178230079526,0.9993037720874366
low_persistence,1000,32,known,0.999615262908245,1.0,0.3392586363669193,2.0891069343926874,0.5781867992462647,1.5109201351464228,0.19783060597505164,0.4399634342519405,True,True,True,1.749284263743532e-09,10,0.38473709175501636,1.0084454943376786,1.0016583860781745
low_persistence,1000,32,estimated,0.999615262908245,0.999615262908245,0.3392586363669193,2.0880000294535805,0.5784466599186601,1.509775919420593,0.19787331978267209,0.4400638749538788,True,True,True,2.034837192077532e-07,9,0.38473709175501636,1.0084454943376786,1.0016583860781745
low_persistence,1000,33,known,0.9943454518733806,1.0,0.2956251765479071,2.4821087977886473,1.0161368346093522,1.4659719631792951,0.2052841983591271,0.47660379563479105,True,True,True,7.499694709700577e-07,10,5.654548126619363,1.0044790010809819,0.9966901343820019
low_persistence,1000,33,estimated,0.9943454518733806,0.9943454518733806,0.2956251765479071,2.4680302873051687,1.0225022797624832,1.4513097958931807,0.20588592687574303,0.47813807590261104,True,True,True,7.344927561714343e-07,10,5.654548126619363,1.0044790010809819,0.9966901343820019
low_persistence,1000,34,known,0.9951106377611876,1.0,0.3221277413848264,2.0649362620596494,0.22041358860248486,1.8445226734571645,0.1983353011616533,0.4548254349289659,True,True,True,1.1528693732998363e-07,9,4.8893622388124225,1.0044104647822176,0.9972624151200083
low_persistence,1000,34,estimated,0.9951106377611876,0.9951106377611876,0.3221277413848264,2.0505886208473694,0.22163227356246526,1.8300399877541624,0.19887467865292327,0.45608851241043324,True,True,True,9.133848521969412e-08,9,4.8893622388124225,1.0044104647822176,0.9972624151200083
low_persistence,1000,35,known,0.9979673218295748,1.0,0.34153184336576353,2.0189606403818074,0.388182849728783,1.6307777906530243,0.2003839588781057,0.45221342501569034,True,True,True,4.9407589131078566e-11,7,2.032678170425184,1.0067387799871257,0.9999968461448745
low_persistence,1000,35,estimated,0.9979673218295748,0.9979673218295748,0.34153184336576353,2.0129299481467533,0.389102337618441,1.6246185303560507,0.20061507054247235,0.45275385838462756,True,True,True,2.3671731241847738e-11,7,2.032678170425184,1.0067387799871257,0.9999968461448745
low_persistence,1000,36,known,0.9989399420897578,1.0,0.34864308029711827,2.053526142048624,0.5810183469170211,1.4725077951316028,0.19801349939216606,0.43900030946277935,True,True,True,5.27385823240399e-09,10,1.060057910242218,1.0075324897204205,1.0009280704070307
low_persistence,1000,36,estimated,0.9989399420897578,0.9989399420897578,0.34864308029711827,2.050431543511797,0.5817469900182146,1.4693012389921107,0.1981327866215066,0.4392799902664674,True,True,True,6.193413197852493e-07,9,1.060057910242218,1.0075324897204205,1.0009280704070307
low_persistence,1000,37,known,0.9994466397504375,1.0,0.2582777243812605,2.50441622351146,0.6317135174025021,1.8727027061089578,0.200047750942013,0.47319265774328007,True,True,True,8.2885636132346e-09,9,0.55336024956254,1.0110455195250316,1.0021303678273379
low_persistence,1000,37,estimated,0.9994466397504375,0.9994466397504375,0.2582777243812605,2.503057834456435,0.6320768102444244,1.8713307903934704,0.20010285757617932,0.4733316337589195,True,True,True,8.684055696761561e-09,9,0.55336024956254,1.0110455195250316,1.0021303678273379
low_persistence,1000,38,known,0.9895398184905931,1.0,0.3054416469652187,2.3264492926490243,0.6322604740560969,1.6941888185929277,0.1976121485190185,0.45137730779820995,True,True,True,4.253036145485112e-08,9,10.460181509406862,0.9993476894974409,0.991809146159059
low_persistence,1000,38,estimated,0.9895398184905931,0.9895398184905931,0.3054416469652187,2.298406777265233,0.6396423536133355,1.6654551987717972,0.1987126272934293,0.454056166337396,True,True,True,8.897629455439926e-08,9,10.460181509406862,0.9993476894974409,0.991809146159059
low_persistence,1000,39,known,0.9999188680955644,1.0,0.2763332408185767,2.4070150182407195,0.6384863859400541,1.7685286323006655,0.20199822481320404,0.474951330205907,True,True,True,1.9480994595255652e-10,9,0.08113190443559404,1.0107598811589216,1.0024272423270055
low_persistence,1000,39,estimated,0.9999188680955644,0.9999188680955644,0.2763332408185767,2.406808404608128,0.638541766965798,1.768318443751946,0.20200662572206654,0.4749723351779969,True,True,True,1.9817036900349194e-10,9,0.08113190443559404,1.0107598811589216,1.0024272423270055
low_persistence,1000,40,known,0.9978544693149726,1.0,0.2785239294996464,2.215419325687248,0.07608290031219238,2.1393364253750558,0.19757195364372274,0.46782763985856474,True,True,True,1.0530155414301134e-07,11,2.1455306850274303,1.0086102139970747,1.00034311430072
low_persistence,1000,40,estimated,0.9978544693149726,0.9978544693149726,0.2785239294996464,2.209500471082883,0.07625532869527922,2.1334087505352164,0.19779453874513334,0.4683586872741237,True,True,True,1.024028311036318e-07,11,2.1455306850274303,1.0086102139970747,1.00034311430072
low_persistence,1000,41,known,0.9980460950750425,1.0,0.3345917506602479,2.333249427578349,1.1363213204988087,1.1969281070795401,0.1991914858004821,0.43838468617994086,True,True,True,7.898036837872269e-07,9,1.9539049249575058,1.0069994905716215,1.0001177157267536
low_persistence,1000,41,estimated,0.9980460950750425,0.9980460950750425,0.3345917506602479,2.3281462414503196,1.1389291643168924,1.191442436436764,0.19940272759460287,0.43890426009390837,True,True,True,5.726672460681925e-07,9,1.9539049249575058,1.0069994905716215,1.0001177157267536
low_persistence,1000,42,known,0.9967693120541157,1.0,0.312736267732774,2.1654341484183326,0.41023109305822103,1.7552030553601117,0.20252320448172878,0.4702324269687696,True,True,True,9.641869525012225e-10,9,3.230687945884325,1.0063484129856193,0.998985707311324
low_persistence,1000,42,estimated,0.9967693120541157,0.9967693120541157,0.312736267732774,2.1563425535056853,0.41171863615465765,1.7459540517859484,0.2028805797929142,0.47109461492649346,True,True,True,1.8416659308684302e-09,7,3.230687945884325,1.0063484129856193,0.998985707311324
low_persistence,1000,43,known,0.9939798677925702,1.0,0.400067246078601,2.0984422761449295,1.1330069876409534,0.9654352885039759,0.20176448451829299,0.4328365889429616,True,True,True,1.425040982994119e-07,9,6.020132207429807,1.0014679396177888,0.9957124444715012
low_persistence,1000,43,estimated,0.9939798677925702,0.9939798677925702,0.400067246078601,2.0811250876766483,1.1416693254069696,0.946328762545796,0.2024784506739487,0.43453741545988855,True,True,True,1.4181887353359457e-07,9,6.020132207429807,1.0014679396177888,0.9957124444715012
low_persistence,1000,44,known,0.9985591610710249,1.0,0.3293109215920086,2.3566829254806754,1.1543954930325384,1.2022874324481372,0.2057219966372006,0.46409201708523123,True,True,True,2.4173684387562844e-08,9,1.4408389289750634,1.0076561331941223,1.0006640022260314
low_persistence,1000,44,estimated,0.9985591610710249,0.9985591610710249,0.3293109215920086,2.3529587320646908,1.1563326107262282,1.19829221037884,0.20588244469284545,0.46449366918551166,True,True,True,2.833212233710469e-07,10,1.4408389289750634,1.0076561331941223,1.0006640022260314
low_persistence,1000,45,known,0.9999755881534379,1.0,0.32249718384012716,2.2633731313780636,0.8492271229671459,1.4141460084109176,0.1981837772373576,0.44138796342661735,True,True,True,1.1368278407530852e-07,10,0.02441184656210016,1.0092647615901866,1.002124900504964
low_persistence,1000,45,estimated,0.9999755881534379,0.9999755881534379,0.32249718384012716,2.2633075976340544,0.8492509328542144,1.4140773965633056,0.19818639597897988,0.44139430006000263,True,True,True,1.1364070751085364e-07,10,0.02441184656210016,1.0092647615901866,1.002124900504964
low_persistence,1000,46,known,0.9968588837505182,1.0,0.30537328193433194,2.668860095671553,1.6598200958296117,1.009039999841941,0.20620198829828024,0.4671322269575115,False,True,True,9.123366107033348e-08,10,3.141116249481768,1.0066689504812356,0.9991287194616496
low_persistence,1000,46,estimated,0.9968588837505182,0.9968588837505182,0.30537328193433194,2.661736964190827,1.6657725608472338,1.0011967886024111,0.2065348903583073,0.4680143563417873,False,True,True,6.730843882252202e-09,9,3.141116249481768,1.0066689504812356,0.9991287194616496
low_persistence,1000,47,known,0.996262098252163,1.0,0.33111896774195043,2.2169428325750964,0.7694971997156136,1.4474456328594827,0.19825953327319426,0.44328742942794225,True,True,True,5.623051360049211e-09,10,3.737901747836947,1.0053093971549811,0.9983554461062193
low_persistence,1000,47,estimated,0.996262098252163,0.996262098252163,0.33111896774195043,2.2066471970275368,0.7728358462613573,1.436700135226711,0.1986670188979936,0.4442696438257051,True,True,True,9.640674658584203e-08,10,3.737901747836947,1.0053093971549811,0.9983554461062193
low_persistence,1000,48,known,0.9962006976891463,1.0,0.34117709496870025,1.9498650994238644,0.16099435091473283,1.7888707485091315,0.19440556887845484,0.4347613909875758,True,True,True,7.391169232207062e-08,9,3.7993023108536805,1.0049812762148789,0.9982323322589393
low_persistence,1000,48,estimated,0.9962006976891463,0.9962006976891463,0.34117709496870025,1.9382503858536086,0.1617033777630184,1.777161368107398,0.19482828259380786,0.4357218675796444,True,True,True,5.854568696506135e-08,9,3.7993023108536805,1.0049812762148789,0.9982323322589393
low_persistence,1000,49,known,0.9934655898209822,1.0,0.3496163295717018,2.3817024905191078,1.3518251495805418,1.0298773409385662,0.20374586585632476,0.4504392398294707,True,True,True,1.5568532685250602e-08,9,6.534410179017791,1.002034217828787,0.9954481836586587
low_persistence,1000,49,estimated,0.9934655898209822,0.9934655898209822,0.3496163295717018,2.3648738001388794,1.3624199136082369,1.0113564970822206,0.20447542404506522,0.4522669618355383,True,True,True,2.6017400345246244e-07,9,6.534410179017791,1.002034217828787,0.9954481836586587
low_persistence,1000,50,known,0.9937770932545683,1.0,0.31262963776574937,2.4192612518074537,1.0485087878966561,1.3707524639107977,0.20338548450159652,0.463979818833338,True,True,True,4.854330999393142e-07,10,6.222906745431689,1.0033594613722023,0.9959942444674655
low_persistence,1000,50,estimated,0.9937770932545683,0.9937770932545683,0.31262963776574937,2.4033835898164715,1.0559393262970058,1.3540152754758459,0.20405786571523554,0.46567419994122994,True,True,True,4.245286557846839e-07,10,6.222906745431689,1.0033594613722023,0.9959942444674655
low_persistence,1000,51,known,0.9955179979743559,1.0,0.31443600184223386,2.179705221893804,0.44783870438339096,1.731866517510413,0.19922653810279164,0.45517198934430164,True,True,True,8.656046425491115e-10,9,4.482002025644083,1.0050453175433698,0.9977224121524364
low_persistence,1000,51,estimated,0.9955179979743559,0.9955179979743559,0.31443600184223386,2.16713107179343,0.45009630553177515,1.7190520988147828,0.19971297878224784,0.45633183838952895,True,True,True,1.71009263194577e-07,9,4.482002025644083,1.0050453175433698,0.9977224121524364
low_persistence,1000,52,known,0.9964662851194525,1.0,0.36964201999349694,1.76660191503643,0.0,1.76660191503643,0.19833742988023528,0.4433336364880566,False,True,True,0.37042600619531185,9,3.533714880547545,1.004570699962783,0.9983414701446077
low_persistence,1000,52,estimated,0.9964662851194525,0.9964662851194525,0.36964201999349694,1.7550480251870904,0.0,1.7550480251870904,0.19875659315409325,0.4442705709768917,False,True,True,0.3704260454324118,9,3.533714880547545,1.004570699962783,0.9983414701446077
low_persistence,1000,53,known,0.9990881355347685,1.0,0.31103185741404016,2.193166984216134,0.5039173054336051,1.689249678782529,0.19587309848758194,0.44273367198255265,True,True,True,4.767236383429463e-09,9,0.9118644652315044,1.0087197285762688,1.001316676322593
low_persistence,1000,53,estimated,0.9990881355347685,0.9990881355347685,0.31103185741404016,2.1906402015484394,0.504432738757589,1.6866674370804229,0.19596972119731706,0.44296327843188765,True,True,True,5.492703181175784e-09,9,0.9118644652315044,1.0087197285762688,1.001316676322593
low_persistence,1000,54,known,0.9996056793843087,1.0,0.3167847267188863,2.31243956434199,0.9058904403618572,1.4065491239801329,0.19863292909421126,0.4444440056467811,True,True,True,1.4217727883902853e-07,10,0.3943206156913348,1.0090623609124316,1.0017937494587066
low_persistence,1000,54,estimated,0.9996056793843087,0.9996056793843087,0.3167847267188863,2.3114009528953825,0.9062988880224097,1.405459437208498,0.19867501025409567,0.4445470329144216,True,True,True,1.4098221701175362e-07,10,0.3943206156913348,1.0090623609124316,1.0017937494587066
low_persistence,1000,55,known,0.9973282053868324,1.0,0.3600730788625403,2.0760924810481542,0.7406467211734358,1.3354457598747187,0.20163751978200556,0.4471121630929272,True,True,True,1.7128775509078764e-07,10,2.6717946131675774,1.0056479950334714,0.9992532234491368
low_persistence,1000,55,estimated,0.9973282053868324,0.9973282053868324,0.3600730788625403,2.0683469926922067,0.7430290214071851,1.3273031922218446,0.20194624194090044,0.4478453179127371,True,True,True,1.715452606632084e-07,10,2.6717946131675774,1.0056479950334714,0.9992532234491368
low_persistence,1000,56,known,0.995573166677572,1.0,0.2824428679970129,2.2374820514086498,0.16004018051158783,2.077441870897062,0.19779664653748855,0.4666397180133018,True,True,True,2.0373429698850032e-07,7,4.426833322427992,1.0061796737379156,0.9980272813290607
low_persistence,1000,56,estimated,0.995573166677572,0.995573166677572,0.2824428679970129,2.225319161680068,0.1607949338870236,2.0652360401644527,0.19825742879695205,0.46774435084726745,True,True,True,5.069827739845323e-07,7,4.426833322427992,1.0061796737379156,0.9980272813290607
low_persistence,1000,57,known,0.9982171593725132,1.0,0.33858713944734575,2.1185860396056606,0.6254193869007414,1.493166652704919,0.1960107917492845,0.43365047204345186,True,True,True,1.2014313028885226e-06,9,1.7828406274867925,1.0070649032013064,1.0002643345301148
low_persistence,1000,57,estimated,0.9982171593725132,0.9982171593725132,0.33858713944734575,2.113501267752525,0.6267221354554383,1.4878964779823218,0.19620598930667563,0.4341098543128814,True,True,True,2.4600609327407597e-08,9,1.7828406274867925,1.0070649032013064,1.0002643345301148
low_persistence,1000,58,known,0.9994447442794786,1.0,0.3077522989345542,2.3830514020436038,0.982699897435017,1.400351504608587,0.1994016887742941,0.4495528838932446,True,True,True,1.928738369016969e-07,10,0.555255720521397,1.0091789762703534,1.0016970334840098
low_persistence,1000,58,estimated,0.9994447442794786,0.9994447442794786,0.3077522989345542,2.3816291779316328,0.9833173835874355,1.3988577869465224,0.19946029594786618,0.4496986058951189,True,True,True,9.175013113704722e-07,9,0.555255720521397,1.0091789762703534,1.0016970334840098
low_persistence,1000,59,known,0.9987357395749754,1.0,0.3548882588674099,2.146626411871373,0.8897251913132729,1.2569012205581,0.20042991392828893,0.4414495845938159,True,True,True,2.4371350737517616e-07,8,1.2642604250245881,1.0071770790633952,1.0006888816224808
low_persistence,1000,59,estimated,0.9987357395749754,0.9987357395749754,0.3548882588674099,2.1430729661596652,0.8910736081054835,1.2531259071526932,0.2005729346590383,0.44179200597027607,True,True,True,9.214746699015564e-08,10,1.2642604250245881,1.0071770790633952,1.0006888816224808
low_persistence,1000,60,known,0.994874294336406,1.0,0.2989642963264071,2.6529523138707614,1.5114299738065178,1.1415223400642438,0.2043708906277941,0.4640322711328707,False,True,True,2.60252521755433e-08,10,5.125705663594049,1.0048946623548107,0.9971927891837076
low_persistence,1000,60,estimated,0.994874294336406,0.994874294336406,0.2989642963264071,2.6411530042575597,1.5201628683995208,1.1287820432821796,0.20490551290076797,0.46543631155615384,True,True,True,6.330829371847813e-08,10,5.125705663594049,1.0048946623548107,0.9971927891837076
low_persistence,1000,61,known,0.9944404522681145,1.0,0.33343583808140137,2.158745511878721,0.6106148182451031,1.5481306936336179,0.20117584688425197,0.4557934796909712,True,True,True,2.1520165827126903e-07,9,5.559547731885495,1.0034248862473518,0.9965192545484822
low_persistence,1000,61,estimated,0.9944404522681145,0.9944404522681145,0.33343583808140137,2.1430121138718468,0.6145521932474058,1.531876552876535,0.2017979503831655,0.4572863425600569,True,True,True,3.0566333255674536e-09,10,5.559547731885495,1.0034248862473518,0.9965192545484822
low_persistence,1000,62,known,0.9993192258476586,1.0,0.28488866906994026,2.5483046909559826,1.1320193481043703,1.4162853428516122,0.20213918761934987,0.4638556283315976,True,True,True,3.971732218666091e-07,9,0.6807741523413569,1.009834674859141,1.001752271650508
low_persistence,1000,62,estimated,0.9993192258476586,0.9993192258476586,0.28488866906994026,2.5466715999830303,1.1328619617056443,1.4145808614190858,0.20220889751064777,0.46403401072204614,True,True,True,4.045541150965448e-07,10,0.6807741523413569,1.009834674859141,1.001752271650508
low_persistence,1000,63,known,0.997526454863954,1.0,0.3128456694115763,2.0170225144276466,0.0,2.0170225144276466,0.19546889398756057,0.449665727487146,True,True,True,2.8008615378502495,7,2.473545136046029,1.0071022059976953,0.9997420750509416
low_persistence,1000,63,estimated,0.997526454863954,0.997526454863954,0.3128456694115763,2.009665108876046,0.0,2.009665108876046,0.19573707460607198,0.4502826626447609,True,True,True,2.8008615860580104,7,2.473545136046029,1.0071022059976953,0.9997420750509416
low_persistence,1000,64,known,0.9888421376350001,1.0,0.30076987772676417,2.294869267964953,0.4721711277408703,1.822698140224083,0.2031337354168686,0.47913816993014907,True,True,True,2.9288615976952315e-10,9,11.157862364999938,0.998802351391098,0.9911467140965753
low_persistence,1000,64,estimated,0.9888421376350001,0.9888421376350001,0.30076987772676417,2.2645142219377745,0.47797897342638074,1.7918684721102494,0.20434174466899316,0.4821145964814729,True,True,True,5.445572881512817e-10,7,11.157862364999938,0.998802351391098,0.9911467140965753
low_persistence,1000,65,known,0.9998767201047213,1.0,0.3171369845040891,2.3011327644753488,0.8868102065969858,1.4143225578783631,0.2016632261483569,0.45595008344014926,True,True,True,2.9473163909443656e-07,10,0.12327989527871619,1.009322897687063,1.0020623597949132
low_persistence,1000,65,estimated,0.9998767201047213,0.9998767201047213,0.3171369845040891,2.3008067055421266,0.8869350009137421,1.4139810458824165,0.201676608754633,0.4559829907479137,True,True,True,2.945229886641698e-07,10,0.12327989527871619,1.009322897687063,1.0020623597949132
low_persistence,1000,66,known,0.9936367857067459,1.0,0.31758252316025026,2.2764612153769033,0.7206613858840878,1.5557998294928157,0.19811300347161892,0.4470261113074997,True,True,True,2.8758153192143254e-08,10,6.363214293254149,1.003069711183071,0.9958193591483272
low_persistence,1000,66,estimated,0.9936367857067459,0.9936367857067459,0.31758252316025026,2.259227398533584,0.7258772198028768,1.5379690910309045,0.19879362788043,0.4486746576487482,True,True,True,3.751149968422851e-08,10,6.363214293254149,1.003069711183071,0.9958193591483272
low_persistence,1000,67,known,0.9977757818397356,1.0,0.33680648780317335,2.03944360006158,0.3832364618566682,1.6562071382049115,0.19640050564194714,0.4394227069969835,True,True,True,1.9237944570704713e-11,7,2.224218160264413,1.0066703025275456,0.9998337801433936
low_persistence,1000,67,estimated,0.9977757818397356,0.9977757818397356,0.33680648780317335,2.0328920463295286,0.38422334480717396,1.6495232980634722,0.1966464530121052,0.439993481229607,True,True,True,3.148708871414385e-07,9,2.224218160264413,1.0066703025275456,0.9998337801433936
low_persistence,1000,68,known,0.9911698196502303,1.0,0.28392121186558356,2.204886034590895,0.0,2.204886034590895,0.19715067263430477,0.46772805984746163,True,True,True,0.29475051472763053,8,8.830180349769678,1.0017210998940336,0.9936111560195894
low_persistence,1000,68,estimated,0.9911698196502303,0.9911698196502303,0.28392121186558356,2.1801065481809223,0.0,2.1801065481809223,0.19807276696172887,0.46991567293038766,True,True,True,0.29475051465262964,8,8.830180349769678,1.0017210998940336,0.9936111560195894
low_persistence,1000,69,known,0.9991132519928491,1.0,0.34677180658498624,1.8485995233607289,0.0,1.8485995233607289,0.19905939025582714,0.45124538317617613,False,True,True,1.4914884080485482,8,0.8867480071509393,1.0077521673160295,1.001112108783965
low_persistence,1000,69,estimated,0.9991132519928491,0.9991132519928491,0.34677180658498624,1.8458005312414985,0.0,1.8458005312414985,0.19916202911820216,0.4514780540023135,False,True,True,1.4914884081060893,8,0.8867480071509393,1.0077521673160295,1.001112108783965
low_persistence,1000,70,known,0.9999303407863499,1.0,0.3856520050573305,2.1206735259445773,1.1481487027779838,0.9725248231665934,0.20079204505823497,0.43173985269482523,True,True,True,1.320036240315403e-07,9,0.0696592136500973,1.0076983083692195,1.0017276792455572
low_persistence,1000,70,estimated,0.9999303407863499,0.9999303407863499,0.3856520050573305,2.1204771532076956,1.1482487448486476,0.972308394463689,0.20080014717835512,0.4317592527383451,True,True,True,1.2830350737402796e-07,9,0.0696592136500973,1.0076983083692195,1.0017276792455572
low_persistence,1000,71,known,0.9884064849188374,1.0,0.30716035386135626,2.361683476066279,0.7357605461623952,1.6259229299038838,0.202756928438422,0.47035350344644905,True,True,True,3.621148514376671e-07,9,11.593515081162575,0.9981594762664974,0.9906631146298216
low_persistence,1000,71,estimated,0.9884064849188374,0.9884064849188374,0.30716035386135626,2.3309836964285866,0.7453233291660115,1.5943012845196034,0.2040089639682532,0.4734681249067235,True,True,True,4.2897834062749496e-08,10,11.593515081162575,0.9981594762664974,0.9906631146298216
low_persistence,1000,72,known,0.999789840105488,1.0,0.2997063080962317,2.2162450954478605,0.42915653710236595,1.7870885583454947,0.19924988300654237,0.4598146072928832,True,True,True,1.3484706684607772e-09,9,0.21015989451200756,1.0097853997337896,1.0021025948318163
low_persistence,1000,72,estimated,0.999789840105488,0.999789840105488,0.2997063080962317,2.2156683763511342,0.42925595340582473,1.7865026353311961,0.19927230238363208,0.4598685484227965,True,True,True,9.382335086627336e-08,9,0.21015989451200756,1.0097853997337896,1.0021025948318163
low_persistence,1000,73,known,0.9990162937696158,1.0,0.290817201455387,2.245408950460286,0.3724240965089415,1.8729848539513445,0.19628309614554068,0.45289177258357444,True,True,True,4.648748772595468e-07,8,0.9837062303842403,1.009317377263171,1.001399740061964
low_persistence,1000,73,estimated,0.9990162937696158,0.9990162937696158,0.290817201455387,2.242734313340655,0.37282209797548427,1.870278962785774,0.196385252019609,0.45313656834483357,True,True,True,1.9572575456549157e-09,9,0.9837062303842403,1.009317377263171,1.001399740061964
low_persistence,1000,74,known,0.9944359515507396,1.0,0.37512808300662115,2.4135859917701934,1.6799392694622568,0.7336467223079367,0.20247041677357722,0.43486252213303755,True,False,True,9.330505701399261e-09,10,5.564048449260395,1.0024218433281384,0.9962837129206814
low_persistence,1000,74,estimated,0.9944359515507396,0.9944359515507396,0.37512808300662115,2.3995904479439827,1.6915812360954094,0.7174212518020681,0.20309669101563924,0.43644024864496545,True,False,True,6.934345986309154e-09,10,5.564048449260395,1.0024218433281384,0.9962837129206814
low_persistence,1000,75,known,0.9919070416797441,1.0,0.33932156669729574,2.0177948365291516,0.2501682306914214,1.7676266058377301,0.19841804965449375,0.4503353194786077,True,True,True,4.2609273442906215e-08,11,8.092958320255917,1.0007356354608945,0.99394978593354
low_persistence,1000,75,estimated,0.9919070416797441,0.9919070416797441,0.33932156669729574,1.993475243292486,0.252512280002932,1.7430065346469705,0.19932969181037768,0.45245354843244157,True,True,True,3.8933400059448786e-08,8,8.092958320255917,1.0007356354608945,0.99394978593354
low_persistence,1000,76,known,0.9987348863535219,1.0,0.30903723324816545,2.147854474496234,0.3444884662953922,1.8033660082008416,0.20061074029077428,0.4626002603456034,True,True,True,1.3634024043085446e-07,9,1.2651136464780777,1.0084286447465385,1.0009778108493006
low_persistence,1000,76,estimated,0.9987348863535219,0.9987348863535219,0.30903723324816545,2.1442828504900753,0.3449739916110577,1.799745290183485,0.20074886753815044,0.4629292655847092,True,True,True,1.244179070880591e-07,9,1.2651136464780777,1.0084286447465385,1.0009778108493006
low_persistence,1000,77,known,0.9975807989061365,1.0,0.36780171588623295,2.3129245382475028,1.4179952290427762,0.8949293092047265,0.2027568061874031,0.43995574639370355,True,True,True,6.771316840570307e-09,9,2.41920109386351,1.0057257643703015,0.999465366461483
low_persistence,1000,77,estimated,0.9975807989061365,0.9975807989061365,0.36780171588623295,2.306591135044938,1.4222105748847422,0.8878211735386611,0.20303109979867087,0.440634915842133,True,True,True,1.1608466188306465e-08,9,2.41920109386351,1.0057257643703015,0.999465366461483
low_persistence,1000,78,known,0.9971300456965795,1.0,0.2594566756110761,2.3003506614525615,0.0,2.3003506614525615,0.19998254833315054,0.4856807551792682,True,True,True,3.310584173074689,7,2.869954303420519,1.0086762210512834,0.9998015791189802
low_persistence,1000,78,estimated,0.9971300456965795,0.9971300456965795,0.2594566756110761,2.292673971261611,0.0,2.292673971261611,0.20027536218356223,0.48639188749146195,True,True,True,3.3105841869573918,6,2.869954303420519,1.0086762210512834,0.9998015791189802
low_persistence,1000,79,known,0.9965880072203689,1.0,0.3521924820746788,1.8898538524386324,0.13643150102828755,1.7534223514103449,0.20161972313048027,0.4573244343846782,True,True,True,3.853577110746187e-07,9,3.4119927796311122,1.0050939590110115,0.9985560991469108
low_persistence,1000,79,estimated,0.9965880072203689,0.9965880072203689,0.3521924820746788,1.879196145979948,0.13697814913785347,1.7426853652979202,0.2020196298696161,0.4582423734130957,True,True,True,1.296244390431208e-07,8,3.4119927796311122,1.0050939590110115,0.9985560991469108
low_persistence,1000,80,known,0.9970622252184096,1.0,0.3417230481354957,2.23072613781779,0.9409717859082803,1.2897543519095096,0.20375449774242357,0.45718084345227245,True,True,True,3.657588045768989e-07,10,2.9377747815904076,1.0058287754698465,0.9990906139511623
low_persistence,1000,80,estimated,0.9970622252184096,0.9970622252184096,0.3417230481354957,2.222707414251246,0.9442319729048081,1.2812493822244089,0.204086460973214,0.45799227542053284,True,True,True,2.090428274925671e-09,9,2.9377747815904076,1.0058287754698465,0.9990906139511623
low_persistence,1000,81,known,0.9937485879636474,1.0,0.2980500766376736,2.1150683455750463,0.0,2.1150683455750463,0.19996530567078574,0.47304327455811174,True,True,True,2.0151641265424223,7,6.251412036352599,1.003799691816225,0.99607419441334
low_persistence,1000,81,estimated,0.9937485879636474,0.9937485879636474,0.2980500766376736,2.0970123471474222,0.0,2.0970123471474222,0.20064270113870913,0.4746457393919113,True,True,True,2.0151641290314437,7,6.251412036352599,1.003799691816225,0.99607419441334
low_persistence,1000,82,known,0.9989109397616317,1.0,0.30819598188634856,2.030779571075847,0.0,2.030779571075847,0.19601117268855317,0.4523785715998574,True,True,True,2.5934985417265906,7,1.0890602383683001,1.0086311582252803,1.0011599865412733
low_persistence,1000,82,estimated,0.9989109397616317,0.9989109397616317,0.30819598188634856,2.0275654805558596,0.0,2.0275654805558596,0.1961288490290336,0.45265015945930076,True,True,True,2.5935001626097853,7,1.0890602383683001,1.0086311582252803,1.0011599865412733
low_persistence,1000,83,known,0.9943888745718731,1.0,0.29310700477350016,2.6172286634728352,1.346083920292782,1.2711447431800533,0.2050877080673593,0.47241363720846186,True,True,True,5.8714204165255524e-08,9,5.611125428126917,1.0046094841948636,0.9967537009638441
low_persistence,1000,83,estimated,0.9943888745718731,0.9943888745718731,0.29310700477350016,2.6040600320931304,1.3544894608329867,1.2571707815159534,0.20567421821617202,0.4739480365795723,True,True,True,3.013126050888104e-07,10,5.611125428126917,1.0046094841948636,0.9967537009638441
low_persistence,1000,84,known,0.9999550354477744,1.0,0.2799602538118443,2.1689038025893517,0.0,2.1689038025893517,0.20120552065154104,0.4816278372595404,True,True,True,1.0656977566239116,7,0.04496455222557927,1.010655598233974,1.002430912545049
low_persistence,1000,84,estimated,0.9999550354477744,0.9999550354477744,0.2799602538118443,2.1687780813881368,0.0,2.1687780813881368,0.20121030074755125,0.4816392794272094,True,True,True,1.06569846470833,8,0.04496455222557927,1.010655598233974,1.002430912545049
low_persistence,1000,85,known,0.9980139559373008,1.0,0.3294911280785591,2.327796880020739,1.069360389891598,1.2584364901291414,0.20185230327183412,0.45096473819808924,True,True,True,1.3179427860166015e-07,10,1.9860440626991993,1.0071059527113073,1.0001176459049248
low_persistence,1000,85,estimated,0.9980139559373008,0.9980139559373008,0.3294911280785591,2.3225931851968387,1.0718346434948707,1.2528872525318762,0.2020697739162959,0.4515024280138463,True,True,True,1.1725930804118434e-07,10,1.9860440626991993,1.0071059527113073,1.0001176459049248
low_persistence,1000,86,known,0.9941104592000285,1.0,0.2920172016621644,2.614940045838781,1.3220517886703127,1.2928882571684683,0.2062724657904684,0.47720754366431806,True,True,True,3.916561767435822e-10,8,5.889540799971504,1.0043692119601477,0.9964841110829126
low_persistence,1000,86,estimated,0.9941104592000285,0.9941104592000285,0.2920172016621644,2.6010939752500395,1.3307031904094697,1.278228015573139,0.20689260226756892,0.47883138944028153,True,True,True,4.586300539344279e-08,9,5.889540799971504,1.0043692119601477,0.9964841110829126
low_persistence,1000,87,known,0.9952807130792942,1.0,0.3206092667215141,2.44087321194126,1.2184133833804847,1.2224598285607753,0.200549107989927,0.448015847878646,True,True,True,2.647151475798637e-08,10,4.719286920705779,1.004624586087669,0.9974426817199636
low_persistence,1000,87,estimated,0.9952807130792942,0.9952807130792942,0.3206092667215141,2.4290048655465144,1.2250653134956984,1.2097209867618064,0.20105280430902817,0.449284665556069,True,True,True,1.620044232097939e-08,10,4.719286920705779,1.004624586087669,0.9974426817199636
low_persistence,1000,88,known,0.9990742114174589,1.0,0.3166188256258091,2.2502463623505373,0.7299676794537967,1.5202786828967405,0.19888154239630845,0.4482429557885207,True,True,True,4.9001762647549185e-08,10,0.9257885825411094,1.0085358480325048,1.001263427991015
low_persistence,1000,88,estimated,0.9990742114174589,0.9990742114174589,0.3166188256258091,2.247740632762396,0.7307348974861201,1.517682241301233,0.1989808946315508,0.44848311259665685,True,True,True,5.0673999885120224e-08,10,0.9257885825411094,1.0085358480325048,1.001263427991015
low_persistence,1000,89,known,0.9988048066099775,1.0,0.2797722582374912,2.665525008655643,1.3672442712755242,1.298280737380119,0.20236534705247766,0.4628078152719708,False,True,True,1.2429820550607928e-07,10,1.1951933900224976,1.0095125597389922,1.0012823473959247
low_persistence,1000,89,estimated,0.9988048066099775,0.9988048066099775,0.2797722582374912,2.662798111384535,1.36903108841006,1.2954032798820776,0.20248597747633965,0.46312370294107413,False,True,True,1.0233841951645672e-07,9,1.1951933900224976,1.0095125597389922,1.0012823473959247
low_persistence,1000,90,known,0.9951746441500391,1.0,0.31750829678592307,2.375753539746936,1.01504142922358,1.360712110523356,0.2038877834944801,0.4645397808076748,True,True,True,5.267006506493033e-07,10,4.825355849960911,1.0046097748344314,0.9973577278287226
low_persistence,1000,90,estimated,0.9951746441500391,0.9951746441500391,0.31750829678592307,2.3632556376562937,1.0206345794645253,1.34754598323046,0.20441298021367832,0.46585308334692177,True,True,True,4.814421128429558e-07,10,4.825355849960911,1.0046097748344314,0.9973577278287226
low_persistence,1000,91,known,0.9997715435384231,1.0,0.2953859462855633,2.4207790868695427,0.936569698991588,1.4842093878779548,0.2012576681890607,0.4617381019480873,True,True,True,3.529580423489165e-07,10,0.22845646157687582,1.0099132998109368,1.002118124983059
low_persistence,1000,91,estimated,0.9997715435384231,0.9997715435384231,0.2953859462855633,2.420202250749732,0.936807010532418,1.4836092598321202,0.20128163506410562,0.4617983297865786,True,True,True,3.527456036156451e-07,10,0.22845646157687582,1.0099132998109368,1.002118124983059
low_persistence,1000,92,known,0.9958406948867315,1.0,0.39865473788526296,2.014586957768021,0.94133694645596,1.0732500113120607,0.19986188731860505,0.4285234690852849,True,True,True,2.2208147854030358e-07,9,4.159305113268452,1.003355298348979,0.9975794104084306
low_persistence,1000,92,estimated,0.9958406948867315,0.9958406948867315,0.39865473788526296,2.0022467647881967,0.946291251163899,1.0598914276639049,0.20035482357923137,0.4296784451168177,True,True,True,2.8578901378750743e-07,9,4.159305113268452,1.003355298348979,0.9975794104084306
low_persistence,1000,93,known,0.9986659354156483,1.0,0.35237002819982643,2.1145146442233895,0.7761749551906892,1.3383396890327002,0.19625761256251187,0.4284469716202315,True,True,True,4.021867550108027e-08,10,1.3340645843517018,1.007167601374182,1.000633035694015
low_persistence,1000,93,estimated,0.9986659354156483,0.9986659354156483,0.35237002819982643,2.11071334565974,0.7774108781373089,1.3343395838424437,0.196405457328325,0.42879545697145666,True,True,True,4.566677325179569e-08,9,1.3340645843517018,1.007167601374182,1.000633035694015
low_persistence,1000,94,known,0.9980982937118662,1.0,0.3120623221525002,2.389833207797718,1.0311218196931695,1.3587113881045483,0.20102822757812158,0.45369151082464476,True,True,True,2.4144146060223193e-07,10,1.9017062881337976,1.0076980821544133,1.0003194756084144
low_persistence,1000,94,estimated,0.9980982937118662,0.9980982937118662,0.3120623221525002,2.384965666958643,1.0333540669003736,1.3535767359851625,0.2012313052750004,0.454198189552807,True,True,True,1.300543726046044e-07,9,1.9017062881337976,1.0076980821544133,1.0003194756084144
low_persistence,1000,95,known,0.9990393005946566,1.0,0.33282617783365953,2.2955147804382827,1.0398326796452861,1.2556821007929964,0.20039123276945578,0.445465511952747,True,True,True,2.5328592556661533e-09,9,0.9606994053433793,1.0080401919700075,1.0011219107579303
low_persistence,1000,95,estimated,0.9990393005946566,0.9990393005946566,0.33282617783365953,2.292969876651509,1.0410006886923435,1.2529692767017544,0.2004961374120393,0.4457230937275397,True,True,True,3.888916335625936e-07,9,0.9606994053433793,1.0080401919700075,1.0011219107579303
low_persistence,1000,96,known,0.9957559150407164,1.0,0.2965084781467218,2.253568963624308,0.4173709604363676,1.8361980031879401,0.20089347599725296,0.46776948016767855,True,True,True,9.897680985915258e-08,7,4.244084959283634,1.005859276308085,0.9980936127176676
low_persistence,1000,96,estimated,0.9957559150407164,0.9957559150407164,0.2965084781467218,2.2419942652930893,0.4193104222866975,1.8244634320628896,0.20134686960975812,0.4688675685842804,True,True,True,2.9412422275498784e-08,9,4.244084959283634,1.005859276308085,0.9980936127176676
low_persistence,1000,97,known,0.9950883071990575,1.0,0.3333714002260112,2.0300185303018456,0.2667494296800066,1.763269100621839,0.19741695897322287,0.4465546297221024,True,True,True,2.4136761211934754e-07,10,4.911692800942502,1.0040744777929447,0.9971675112942199
low_persistence,1000,97,estimated,0.9950883071990575,0.9950883071990575,0.3333714002260112,2.0154177390191745,0.2682567139176499,1.7484786196720783,0.19796383256819208,0.44782418707981997,True,True,True,1.5356675575617373e-07,9,4.911692800942502,1.0040744777929447,0.9971675112942199
low_persistence,1000,98,known,0.997841378860363,1.0,0.3410732004809594,1.9363444358780038,0.15173124352467024,1.7846131923533335,0.19652725778479072,0.442054438728677,True,True,True,2.999803099257292e-07,10,2.1586211396370514,1.0066246320427579,0.9998736322874352
low_persistence,1000,98,estimated,0.997841378860363,0.997841378860363,0.3410732004809594,1.9297330783712112,0.15211078457139365,1.7779506433549601,0.19677031861417493,0.4426091586219427,True,True,True,4.185821724789207e-07,10,2.1586211396370514,1.0066246320427579,0.9998736322874352
low_persistence,1000,99,known,0.9939251727138929,1.0,0.35223275331179865,2.0872443900310325,0.6266000161063354,1.460644373924697,0.19866861935785043,0.44126099425875165,True,True,True,6.134313663901276e-09,10,6.074827286107087,1.0024301520078036,0.9958930396258787
low_persistence,1000,99,estimated,0.9939251727138929,0.9939251727138929,0.35223275331179865,2.0695683801310008,0.6311253481522197,1.4422770094646902,0.19935476627339976,0.4428792714967997,True,True,True,2.032279344810206e-08,10,6.074827286107087,1.0024301520078036,0.9958930396258787
low_persistence,1000,100,known,0.9952781005512092,1.0,0.32679246502157233,2.217644043186916,0.7031921348921881,1.514451908294728,0.20086848916769126,0.45441967683617634,True,True,True,3.868466347256572e-08,10,4.721899448790756,1.0044451793373013,0.9973991628606299
low_persistence,1000,100,estimated,0.9952781005512092,0.9952781005512092,0.32679246502157233,2.204607812586655,0.707016328953603,1.5009299436470243,0.20138905565013648,0.45567856734736933,True,True,True,9.55854062567596e-09,9,4.721899448790756,1.0044451793373013,0.9973991628606299
low_persistence,1000,101,known,0.9993349636429835,1.0,0.306269941057059,2.3349908995795166,0.8337318181488361,1.5012590814306805,0.19754358219882925,0.44531721885219433,True,True,True,1.0912948322783222e-07,10,0.6650363570165352,1.0091163096778393,1.0015981540108256
low_persistence,1000,101,estimated,0.9993349636429835,0.9993349636429835,0.306269941057059,2.3332513355239364,0.8343549009711965,1.4994513108965408,0.19761320631219,0.4454878245792358,True,True,True,3.4835771733909837e-07,9,0.6650363570165352,1.0091163096778393,1.0015981540108256
low_persistence,1000,102,known,0.994371252672301,1.0,0.3434663372818111,2.102708128948377,0.5760735645471482,1.5266345644012287,0.2030494353145632,0.4594653864289585,True,True,True,3.7545929920668186e-08,9,5.628747327699024,1.0030933076406632,0.9963893461659619
low_persistence,1000,102,estimated,0.994371252672301,0.994371252672301,0.3434663372818111,2.0864322455814843,0.5798784798490175,1.509817755176307,0.2036945034441344,0.46100356793368624,True,True,True,1.4146694526928627e-07,9,5.628747327699024,1.0030933076406632,0.9963893461659619
low_persistence,1000,103,known,0.9996807097842833,1.0,0.30020946188796155,2.3162244011728252,0.7097138274262029,1.6065105737466223,0.19731142395449836,0.4472249352986084,True,True,True,1.2805497551227063e-08,10,0.31929021571674987,1.0096595167636315,1.001989588312631
low_persistence,1000,103,estimated,0.9996807097842833,0.9996807097842833,0.30020946188796155,2.31538257387449,0.709965463283044,1.6056437956173693,0.19734470098044837,0.4473059105225381,True,True,True,1.3058603531845847e-08,10,0.31929021571674987,1.0096595167636315,1.001989588312631
low_persistence,1000,104,known,0.9981356197016422,1.0,0.31069024467261747,2.3281980525069947,0.850226005940661,1.4779720465663337,0.1991816335905758,0.44960900934979864,True,True,True,1.3953218710894347e-09,10,1.8643802983577817,1.0077778029530369,1.000366610833309
low_persistence,1000,104,estimated,0.9981356197016422,0.9981356197016422,0.31069024467261747,2.3232988597699347,0.852019668809614,1.4728676796446625,0.19937980344341108,0.45009547123869753,True,True,True,2.2186172277116611e-07,9,1.8643802983577817,1.0077778029530369,1.000366610833309
low_persistence,1000,105,known,0.9983230110898357,1.0,0.2990679843223243,2.1253088399323254,0.13270916859794615,1.9925996713343794,0.19850806839591079,0.4629475445369286,True,True,True,9.874471129656115e-07,7,1.6769889101643232,1.0083399050089297,1.0006407021062464
low_persistence,1000,105,estimated,0.9983230110898357,0.9983230110898357,0.2990679843223243,2.1205270450919884,0.1329521089081039,1.9877978953961062,0.19868812417336965,0.46337286541817935,True,True,True,6.260874951813378e-07,10,1.6769889101643232,1.0083399050089297,1.0006407021062464
low_persistence,1000,106,known,0.9979469134849297,1.0,0.3076256923919932,2.128580516922173,0.25651418170422763,1.8720663352179454,0.1979718242980801,0.4555694651047222,True,True,True,4.442610501698141e-08,9,2.0530865150703015,1.0076851516998857,1.0002001296424303
low_persistence,1000,106,estimated,0.9979469134849297,0.9979469134849297,0.3076256923919932,2.1227309733664894,0.2570982177358097,1.866160600514562,0.1981931187551964,0.45609136103693104,True,True,True,6.342652048019204e-08,11,2.0530865150703015,1.0076851516998857,1.0002001296424303
low_persistence,1000,107,known,0.997205712466432,1.0,0.2535550799998737,2.471368216399946,0.4181151119907777,2.053253104409168,0.2038533373296635,0.4948061168365878,True,True,True,2.671155727718144e-07,9,2.7942875335680295,1.0090206296574245,0.9999394268947144
low_persistence,1000,107,estimated,0.997205712466432,0.997205712466432,0.2535550799998737,2.464378737730615,0.4193111118678046,2.0462393016753895,0.20413697328750302,0.49552293329170066,True,True,True,2.0731026673104225e-07,9,2.7942875335680295,1.0090206296574245,0.9999394268947144
low_persistence,1000,108,known,0.9950447556564153,1.0,0.3134618976460106,2.4935366024077643,1.2693325428964992,1.2242040595112653,0.20240444930637055,0.4555966763816786,True,True,True,2.66060269371593e-08,9,4.9552443435847415,1.0046016820198773,0.9972560202016925
low_persistence,1000,108,estimated,0.9950447556564153,0.9950447556564153,0.3134618976460106,2.4813286036243367,1.2765269090774896,1.2111271972924873,0.2029308859456293,0.4569351635508114,True,True,True,8.978459353770063e-08,9,4.9552443435847415,1.0046016820198773,0.9972560202016925
low_persistence,1000,109,known,0.9978289805408653,1.0,0.271893783520816,2.5772338808012547,1.0103712198551915,1.5668626609460634,0.2012117149247498,0.4671220610187317,True,True,True,1.4343481069545305e-08,8,2.171019459134671,1.0088470046926556,1.0003783112816576
low_persistence,1000,109,estimated,0.9978289805408653,0.9978289805408653,0.271893783520816,2.5720596033758265,1.0127192150657036,1.56153902143267,0.20142992688741795,0.4676818757671746,True,True,True,4.052745765648069e-07,10,2.171019459134671,1.0088470046926556,1.0003783112816576
low_persistence,1000,110,known,0.9956614244608479,1.0,0.33571102362777416,2.158671128578353,0.6590475575125024,1.4996235710658505,0.20027490554225674,0.45157841171451973,True,True,True,1.775153180005873e-08,10,4.3385755391520675,1.0045849690057407,0.9977261382526967
low_persistence,1000,110,estimated,0.9956614244608479,0.9956614244608479,0.33571102362777416,2.1464256922126634,0.6623740599459768,1.486925392160937,0.2007578561666068,0.452736630561046,True,True,True,1.2150493056140022e-08,8,4.3385755391520675,1.0045849690057407,0.9977261382526967
low_persistence,1000,111,known,0.9997914934425203,1.0,0.3228805975809401,2.129454100104163,0.4936382075680792,1.6358158925360842,0.20237329023710923,0.4629502871032984,True,True,True,8.448037158714783e-08,8,0.20850655747972624,1.0090696361863034,1.001938253532018
low_persistence,1000,111,estimated,0.9997914934425203,0.9997914934425203,0.3228805975809401,2.1288630480390425,0.49375544551957107,1.6352105537676536,0.20239655866422482,0.4630059494350996,True,True,True,6.261191598586617e-10,10,0.20850655747972624,1.0090696361863034,1.001938253532018
low_persistence,1000,112,known,0.9935547416138536,1.0,0.3285557234092729,2.161867649349415,0.5437594538768151,1.6181081954726,0.19805512741119846,0.4468191326280099,True,True,True,5.4534048388177325e-09,9,6.445258386146402,1.0026726234832322,0.9956644208285922
low_persistence,1000,112,estimated,0.9935547416138536,0.9935547416138536,0.3285557234092729,2.1436054898587082,0.5477885977355638,1.5993475311765353,0.19876051209970602,0.44849636812974225,True,True,True,6.102654381834327e-09,9,6.445258386146402,1.0026726234832322,0.9956644208285922
low_persistence,1000,113,known,0.9940089193456355,1.0,0.30738042872103455,2.4421131486384486,1.0486658068535035,1.3934473417849451,0.20321833408691373,0.46458978600110956,True,True,True,4.927392094344896e-07,10,5.991080654364489,1.0037549278537854,0.9962639333796911
low_persistence,1000,113,estimated,0.9940089193456355,0.9940089193456355,0.30738042872103455,2.426970550566957,1.0557768631162712,1.3775189317906273,0.203861334900147,0.46621580540475943,True,True,True,4.3996611864827173e-07,10,5.991080654364489,1.0037549278537854,0.9962639333796911
low_persistence,1000,114,known,0.9949769154173851,1.0,0.3052292559947147,2.2364547441485336,0.47552314810718416,1.7609315960413494,0.200687610726115,0.4639573459214339,True,True,True,2.7849611505814664e-11,7,5.023084582614912,1.004791611141067,0.9972478221766374
low_persistence,1000,114,estimated,0.9949769154173851,0.9949769154173851,0.3052292559947147,2.222650562115058,0.4781774825458634,1.7468750055095241,0.20122951474482875,0.46526818436936035,True,True,True,8.804928260849158e-09,7,5.023084582614912,1.004791611141067,0.9972478221766374
low_persistence,1000,115,known,0.9943121545339548,1.0,0.33339321095003993,2.124434778390167,0.5142583603128457,1.6101764180773213,0.19863447193534015,0.44806479209003075,True,True,True,1.3813632815384835e-07,8,5.687845466045172,1.0032977372487837,0.9963912226067112
low_persistence,1000,115,estimated,0.9943121545339548,0.9943121545339548,0.33339321095003993,2.108110732825287,0.5176409484392429,1.5934140461076636,0.19926412964580784,0.449556631327063,True,True,True,4.198144591960329e-07,9,5.687845466045172,1.0032977372487837,0.9963912226067112
low_persistence,1000,116,known,0.9937181372950488,1.0,0.3065618866706591,2.4527937137861864,1.0653000854646348,1.3874936283215513,0.20608182977451486,0.47578538231631234,True,True,True,3.535040926649913e-08,9,6.281862704951235,1.0034901683393787,0.9959791723770275
low_persistence,1000,116,estimated,0.9937181372950488,0.9937181372950488,0.3065618866706591,2.4369720305249145,1.0728465865568646,1.3708649189282758,0.20676347946422907,0.4775204153057489,True,True,True,7.964433810236926e-07,10,6.281862704951235,1.0034901683393787,0.9959791723770275
low_persistence,1000,117,known,0.9995099533385652,1.0,0.30884129014077155,2.4756007517557967,1.2376777534413939,1.237922998314403,0.20282467217881842,0.4567459167759385,True,True,True,2.4071622917176683e-08,9,0.49004666143481757,1.0092098618973868,1.0017543008487184
low_persistence,1000,117,estimated,0.9995099533385652,0.9995099533385652,0.30884129014077155,2.4743945656457167,1.238365618646886,1.2366358039358842,0.20287658469973407,0.4568773178336028,True,True,True,2.3322565212424706e-07,9,0.49004666143481757,1.0092098618973868,1.0017543008487184
low_persistence,1000,118,known,0.9990444120606061,1.0,0.3293455600624615,2.618074546602572,1.8092283842629648,0.8088461623396075,0.20261387233630912,0.44413685958620597,True,False,True,8.395944037786762e-07,9,0.955587939393876,1.0081404274220576,1.0011490318418126
low_persistence,1000,118,estimated,0.9990444120606061,0.9990444120606061,0.3293455600624615,2.6158878382660147,1.81128357371626,0.8063351052876202,0.20271615241378066,0.44440519672694095,True,False,True,2.0574535852802e-08,9,0.955587939393876,1.0081404274220576,1.0011490318418126
low_persistence,1000,119,known,0.994154649920474,1.0,0.3053829007316277,2.6391769992789937,1.5393911284608353,1.0997858708181587,0.20451139380961167,0.46252691303586874,True,True,True,2.8178047362104053e-07,10,5.845350079526024,1.0039644076586345,0.9964244141374596
low_persistence,1000,119,estimated,0.994154649920474,0.994154649920474,0.3053829007316277,2.625640666152198,1.5496335606108176,1.0850652561981329,0.20512615543640106,0.4641385250652174,True,True,True,2.697094108050635e-07,10,5.845350079526024,1.0039644076586345,0.9964244141374596
low_persistence,1000,120,known,0.9950817414237679,1.0,0.3366235708929241,1.9208883622398971,0.0,1.9208883622398971,0.20065592613778932,0.4610454680955076,True,True,True,0.7652845792334295,6,4.918258576232071,1.0039810952794934,0.9971408580171821
low_persistence,1000,120,estimated,0.9950817414237679,0.9950817414237679,0.3366235708929241,1.9056550825033602,0.0,1.9056550825033602,0.20122116042608784,0.46234420226223866,True,True,True,0.7652839050529795,8,4.918258576232071,1.0039810952794934,0.9971408580171821
low_persistence,1000,121,known,0.9981564837172137,1.0,0.3379718006266648,2.006430383499863,0.3134473838284828,1.6929829996713803,0.19886942077840447,0.448548490762207,True,True,True,6.557646159421893e-08,9,1.8435162827863394,1.0070203364646895,1.0002073861276357
low_persistence,1000,121,estimated,0.9981564837172137,0.9981564837172137,0.3379718006266648,2.000935337453331,0.3141164837728458,1.6873979325330122,0.1990770777936922,0.44903069051182654,True,True,True,5.2631162095195805e-08,9,1.8435162827863394,1.0070203364646895,1.0002073861276357
low_persistence,1000,122,known,0.9992413549615148,1.0,0.3455180816222383,2.028418482888098,0.48239044248273943,1.5460280404053584,0.19851538893897933,0.442263469674039,True,True,True,2.9571641024890436e-10,10,0.7586450384852172,1.00791161690407,1.0012474646774103
low_persistence,1000,122,estimated,0.9992413549615148,0.9992413549615148,0.3455180816222383,2.0261826604562536,0.48282100026740776,1.5437279499451753,0.19860113420122538,0.44246362919876764,True,True,True,8.201803856661863e-11,10,0.7586450384852172,1.00791161690407,1.0012474646774103
low_persistence,1000,123,known,0.9992078580038672,1.0,0.256315531306234,2.463737084998649,0.4783723916375284,1.9853646933611204,0.20384008336646792,0.49160165871354233,True,True,True,2.4595831149554215e-08,7,0.7921419961327558,1.0108955316235155,1.0019121310419759
low_persistence,1000,123,estimated,0.9992078580038672,0.9992078580038672,0.256315531306234,2.461758095122401,0.4787621411808275,1.9833752015397617,0.20392055244948545,0.49180458513921865,True,True,True,1.7176273736652092e-08,7,0.7921419961327558,1.0108955316235155,1.0019121310419759
low_persistence,1000,124,known,0.9920783856422309,1.0,0.3620177512698977,2.1686973297135625,0.9145356584129897,1.2541616713005728,0.20037392183647068,0.44129396163695955,True,True,True,8.549520735812166e-08,10,7.921614357769058,1.0003534833772052,0.9939930629698717
low_persistence,1000,124,estimated,0.9920783856422309,0.9920783856422309,0.3620177512698977,2.1463296536743925,0.9232808320584908,1.2303626963113894,0.20127184064955161,0.44344674450723026,True,True,True,4.946992993026811e-08,10,7.921614357769058,1.0003534833772052,0.9939930629698717
low_persistence,1000,125,known,0.9907821470565467,1.0,0.37187788547729084,2.1316325417705526,0.9025894306691902,1.2290431111013624,0.20375524190306193,0.4519425030633964,True,True,True,2.433086052633371e-07,10,9.217852943453341,0.998837835201888,0.992646057785388
low_persistence,1000,125,estimated,0.9907821470565467,0.9907821470565467,0.37187788547729084,2.105172359826969,0.9127513962752215,1.2008345716965443,0.204833890399703,0.4545354399840951,True,True,True,1.5361022676074754e-07,10,9.217852943453341,0.998837835201888,0.992646057785388
low_persistence,1000,126,known,0.9990287939891254,1.0,0.2875398979145318,2.4267334222529455,0.8349610862818132,1.5917723359711322,0.19919046241431818,0.45778632298450767,True,True,True,1.1959364698554964e-07,10,0.9712060108746368,1.009447286501926,1.0014394061705554
low_persistence,1000,126,estimated,0.9990287939891254,0.9990287939891254,0.2875398979145318,2.4242794993100256,0.8358474341890293,1.5892438451732551,0.19929027550190978,0.4580355420508412,True,True,True,1.2167357255066236e-07,10,0.9712060108746368,1.009447286501926,1.0014394061705554
low_persistence,1000,127,known,0.9991991109991004,1.0,0.3378358766985243,1.9638728781735124,0.2122574938269605,1.7516153843465518,0.19593561606574605,0.43895130007001165,True,True,True,1.519826060558671e-07,9,0.800889000899585,1.0080665300039424,1.0012508385637797
low_persistence,1000,127,estimated,0.9991991109991004,0.9991991109991004,0.3378358766985243,1.961451600325057,0.21245403379250505,1.7491677186314132,0.1960249759818757,0.4391557028822844,True,True,True,3.0551281504642702e-09,11,0.800889000899585,1.0080665300039424,1.0012508385637797
low_persistence,1000,128,known,0.9987199659231747,1.0,0.34881744322720787,1.946310220912922,0.28936370990098287,1.656946511011939,0.1974195971963533,0.4402038109275487,True,True,True,3.6609046505375886e-07,9,1.2800340768253093,1.0073082184080215,1.0007071004372834
low_persistence,1000,128,estimated,0.9987199659231747,0.9987199659231747,0.34881744322720787,1.9424123879056137,0.2897987194253647,1.6529846207165337,0.19756500079790743,0.4405370405176753,True,True,True,5.4824162987188174e-09,8,1.2800340768253093,1.0073082184080215,1.0007071004372834
low_persistence,1000,129,known,0.99707196715498,1.0,0.35578975844864785,1.8221699195709251,0.0,1.8221699195709251,0.20051658422236243,0.45482741307400615,False,True,True,0.09400706724173127,8,2.9280328450199677,1.0054919179894737,0.9990201603339582
low_persistence,1000,129,estimated,0.99707196715498,0.99707196715498,0.35578975844864785,1.8128005636215112,0.0,1.8128005636215112,0.2008617147616022,0.45561026518044867,False,True,True,0.09400706723406163,8,2.9280328450199677,1.0054919179894737,0.9990201603339582
low_persistence,1000,130,known,0.9992332723573474,1.0,0.29249874035551177,2.4199905550148526,0.8858067060875551,1.5341838489272974,0.19968303795887832,0.45695046622097907,True,True,True,2.0964201641326952e-07,10,0.7667276426526204,1.0094751362023433,1.0016030165132281
low_persistence,1000,130,estimated,0.9992332723573474,0.9992332723573474,0.29249874035551177,2.4180501608940776,0.8865549376390478,1.532174969432448,0.19976240141344156,0.4571485610714618,True,True,True,2.102187326435967e-07,10,0.7667276426526204,1.0094751362023433,1.0016030165132281
low_persistence,1000,131,known,0.998990590069247,1.0,0.3059115018600576,2.4483907129404923,1.1261817301318056,1.322208982808687,0.20199916990166147,0.45752112800953415,True,True,True,1.6229636745634934e-08,9,1.0094099307530469,1.0087833969932718,1.0012564322371462
low_persistence,1000,131,estimated,0.998990590069247,0.998990590069247,0.3059115018600576,2.44587359523871,1.1274680375965975,1.3195436350758691,0.20210629094494303,0.4577918092200922,True,True,True,2.3318281949791242e-07,10,1.0094099307530469,1.0087833969932718,1.0012564322371462
low_persistence,1000,132,known,0.9987711925613748,1.0,0.309787030766334,2.5944054562768337,1.542679897008666,1.0517255592681678,0.20117105657648968,0.4482029491943148,True,True,True,1.716535313889267e-07,9,1.2288074386251902,1.0084414885261326,1.0010086883624265
low_persistence,1000,132,estimated,0.9987711925613748,0.9987711925613748,0.309787030766334,2.5915369217412274,1.5448573068831493,1.0485779470083907,0.2012990678657882,0.44853564149781555,True,True,True,1.6228594557077258e-07,9,1.2288074386251902,1.0084414885261326,1.0010086883624265
low_persistence,1000,133,known,0.9947561899462277,1.0,0.29423208093777753,2.468047664692503,0.9661464477430104,1.501901216949493,0.20218232195770852,0.46645770941492964,True,True,True,4.3520323256274196e-07,9,5.24381005377228,1.0049377182962498,0.9971119737830912
low_persistence,1000,133,estimated,0.9947561899462277,0.9947561899462277,0.29423208093777753,2.4549196447489274,0.97174398968456,1.488271295967168,0.2027307858787048,0.46784518094894634,True,True,True,4.474047798908032e-09,9,5.24381005377228,1.0049377182962498,0.9971119737830912
low_persistence,1000,134,known,0.9997875366890113,1.0,0.31973553364729573,2.306976018164715,0.9303806667681672,1.376595351396548,0.19855899962980217,0.4434108666290026,True,True,True,1.2799032944599276e-07,10,0.21246331098867532,1.0091569434589784,1.0019554132858133
low_persistence,1000,134,estimated,0.9997875366890113,0.9997875366890113,0.31973553364729573,2.306415532737907,0.930607466636106,1.3760057860453931,0.1985816979409298,0.4434664151132689,True,True,True,1.2716473563045838e-07,10,0.21246331098867532,1.0091569434589784,1.0019554132858133
low_persistence,1000,135,known,0.9905808134602259,1.0,0.29854222429200894,2.3306759561515538,0.5731841309050688,1.757491825246485,0.2008973724777999,0.4685062904600007,True,True,True,4.776412443341371e-08,9,9.419186539774138,1.0006153480412499,0.992902586141473
low_persistence,1000,135,estimated,0.9905808134602259,0.9905808134602259,0.29854222429200894,2.3055035613742825,0.5791361415646986,1.731822411158907,0.2018987185585872,0.4709734608553528,True,True,True,1.7677310726327278e-09,9,9.419186539774138,1.0006153480412499,0.992902586141473
low_persistence,1000,136,known,0.9976665753496285,1.0,0.3054149866805671,2.2565086546778357,0.5806436417906695,1.6758650128871662,0.20019858765415557,0.45920485640005787,True,True,True,6.24593932130324e-10,9,2.3334246503714517,1.0074753025051404,0.9999361011122425
low_persistence,1000,136,estimated,0.9976665753496285,0.9976665753496285,0.3054149866805671,2.2501824290594032,0.5821526820700879,1.6693881564079376,0.20044856437740774,0.45981071363719483,True,True,True,8.552385140081498e-07,8,2.3334246503714517,1.0074753025051404,0.9999361011122425
low_persistence,1000,137,known,0.9973542897237835,1.0,0.2972534787063157,2.3761179914886545,0.7964635925690844,1.5796543989195702,0.197849431122692,0.45040233439295296,True,True,True,7.059056361669036e-08,10,2.6457102762165174,1.0074323291351026,0.9996861284749281
low_persistence,1000,137,estimated,0.9973542897237835,0.9973542897237835,0.2972534787063157,2.369275838152129,0.79879751971675,1.5725917052419098,0.19812342405397287,0.45107780867501335,True,True,True,7.458618700439956e-08,10,2.6457102762165174,1.0074323291351026,0.9996861284749281
low_persistence,1000,138,known,0.9965691135628357,1.0,0.348183339963478,1.8667935541960436,0.022021085904927476,1.8447724682911162,0.1981346122763982,0.4479709889669655,True,True,True,1.2884329425588703e-07,9,3.430886437164271,1.005173006769984,0.9985598669993231
low_persistence,1000,138,estimated,0.9965691135628357,0.9965691135628357,0.348183339963478,1.8559836462667396,0.02210915617686733,1.8339503440939366,0.1985298304054259,0.44886637943291613,False,True,True,1.0658003546382133e-07,9,3.430886437164271,1.005173006769984,0.9985598669993231
low_persistence,1000,139,known,0.9965752773416752,1.0,0.346827706425563,2.2699356628304095,1.0855386712132182,1.1843969916171913,0.2007514143886441,0.4425504164018003,True,True,True,1.9704060605363338e-08,10,3.4247226583248302,1.005212800290543,0.9985738119677107
low_persistence,1000,139,estimated,0.9965752773416752,0.9965752773416752,0.346827706425563,2.260737322882136,1.0899648851795738,1.174505265141615,0.20113140289211234,0.44347878624892517,True,True,True,1.2880219557587225e-08,10,3.4247226583248302,1.005212800290543,0.9985738119677107
low_persistence,1000,140,known,0.9985412089936565,1.0,0.35722895486354883,2.1021755822601182,0.7957597226136325,1.3064158596464859,0.1988027920616429,0.4361933756536593,True,True,True,8.464909795335984e-08,10,1.4587910063434961,1.006927237709325,1.0004815533333944
low_persistence,1000,140,estimated,0.9985412089936565,0.9985412089936565,0.35722895486354883,2.097999126854236,0.7971519532499914,1.3020100517043347,0.19896734729403603,0.436582621833392,True,True,True,8.061157208416603e-08,10,1.4587910063434961,1.006927237709325,1.0004815533333944
low_persistence,1000,141,known,0.9928724896923177,1.0,0.35675410459209483,2.1602346570646764,0.8513094686227352,1.3089251884419413,0.20078570802432993,0.4451885265256692,True,True,True,4.791258900738171e-08,9,7.127510307682328,1.0012696804603938,0.9948154166877967
low_persistence,1000,141,estimated,0.9928724896923177,0.9928724896923177,0.35675410459209483,2.140065093054562,0.8585931139452447,1.287591610379067,0.2015954419141436,0.44713307528523666,True,True,True,1.3587113656399197e-07,10,7.127510307682328,1.0012696804603938,0.9948154166877967
low_persistence,1000,142,known,0.9962262027639762,1.0,0.3653292389503075,2.1000318480903575,0.8386414230942084,1.261390424996149,0.19833449938135633,0.4332073488716662,True,True,True,4.707826151140182e-08,10,3.7737972360237793,1.0044262917635909,0.9981235247044581
low_persistence,1000,142,estimated,0.9962262027639762,0.9962262027639762,0.3653292389503075,2.089177095332101,0.8424819020037922,1.2498745492014909,0.19876263021537993,0.43422073776027337,True,True,True,1.0428996932709822e-07,9,3.7737972360237793,1.0044262917635909,0.9981235247044581
low_persistence,1000,143,known,0.9949428126290736,1.0,0.2949221587167868,2.273719280723986,0.4382571362166125,1.8354621445073735,0.19958910291602855,0.4641680353642903,True,True,True,2.4388651098661285e-09,7,5.057187370926419,1.0051005175861663,0.9972930842518497
low_persistence,1000,143,estimated,0.9949428126290736,0.9949428126290736,0.2949221587167868,2.2600119643369565,0.4406792180413876,1.8215613436716775,0.2001236753185352,0.4654645644903517,True,True,True,1.5255449348217098e-08,9,5.057187370926419,1.0051005175861663,0.9972930842518497
low_persistence,1000,144,known,0.9962460207526255,1.0,0.3357917287549726,2.2084997442214873,0.8000572300494017,1.4084425141720855,0.19940003944043871,0.44497557576906555,True,True,True,1.3724967384831643e-07,10,3.753979247374528,1.0051674205877594,0.9983102383053626
low_persistence,1000,144,estimated,0.9962460207526255,0.9962460207526255,0.3357917287549726,2.1981306403832495,0.8035670544927312,1.3975801599369577,0.19981386813718505,0.4459731126674382,True,True,True,1.3528139675145212e-07,10,3.753979247374528,1.0051674205877594,0.9983102383053626
low_persistence,1000,145,known,0.9994930256230093,1.0,0.33061515194225805,2.124654337952924,0.5697314508159326,1.5549228871369913,0.20054899155050726,0.45245549143283587,True,True,True,3.1962068526563357e-09,10,0.5069743769906543,1.0085541114684553,1.0015895634752159
low_persistence,1000,145,estimated,0.9994930256230093,0.9994930256230093,0.33061515194225805,2.1232147848021734,0.5700651034788077,1.5534386897240458,0.20060553998739195,0.4525901406522167,True,True,True,1.1116673803712729e-08,9,0.5069743769906543,1.0085541114684553,1.0015895634752159
low_persistence,1000,146,known,0.9975308545458755,1.0,0.30269388588683926,2.2939335070143967,0.647892913518254,1.6460405934961426,0.20285404297104528,0.470094254047258,True,True,True,6.059863721930014e-11,9,2.469145454124466,1.007427758359367,0.9998207824660552
low_persistence,1000,146,estimated,0.9975308545458755,0.9975308545458755,0.30269388588683926,2.28733666851286,0.6496711523746408,1.639269648710781,0.20312080087928042,0.4707508325897429,True,True,True,7.841765725657979e-08,9,2.469145454124466,1.007427758359367,0.9998207824660552
low_persistence,1000,147,known,0.9954365078193529,1.0,0.3159115423488973,2.397072416660815,1.0512867480657393,1.3457856685950755,0.19967424973574566,0.4477661050228283,True,True,True,2.719965586095441e-09,9,4.563492180647111,1.0049193277609094,0.997630625753146
low_persistence,1000,147,estimated,0.9954365078193529,0.9954365078193529,0.3159115423488973,2.385362828766939,1.056768922647607,1.3334164628345853,0.20015797781997735,0.44896829561689944,True,True,True,1.0135063899241459e-07,10,4.563492180647111,1.0049193277609094,0.997630625753146
low_persistence,1000,148,known,0.9976344520711079,1.0,0.31376239054372296,2.2695931815468766,0.7261697354252061,1.5434234461216707,0.2029210133469673,0.4659746338370217,True,True,True,4.7412207493380265e-08,10,2.3655479288920978,1.0071822256852834,0.9998435988696097
low_persistence,1000,148,estimated,0.9976344520711079,0.9976344520711079,0.31376239054372296,2.2632193373954936,0.7281094964427095,1.5368322188641008,0.20317926979785197,0.4666081038287622,True,True,True,5.4740016963705784e-08,10,2.3655479288920978,1.0071822256852834,0.9998435988696097
low_persistence,1000,149,known,0.9963150820343096,1.0,0.3211574479013088,2.007721930346608,0.06586684227355567,1.941855088073052,0.19578053759324454,0.4471520836471117,True,True,True,1.1092979601556863e-07,11,3.684917965690371,1.0056430060576522,0.9984733604273206
low_persistence,1000,149,estimated,0.9963150820343096,0.9963150820343096,0.3211574479013088,1.996697742912734,0.06613992366651696,1.930801539439185,0.19618409530076492,0.44807973693740694,True,True,True,1.0651861614974223e-07,11,3.684917965690371,1.0056430060576522,0.9984733604273206
low_persistence,1000,150,known,0.9961411516854859,1.0,0.27808448092239224,2.2873502043545226,0.24997224715769328,2.037377957196829,0.20110074056955554,0.4778708993238948,True,True,True,1.4562247701022102e-06,10,3.8588483145141073,1.0069138933488009,0.9986337294023754
low_persistence,1000,150,estimated,0.9961411516854859,0.9961411516854859,0.27808448092239224,2.2769610483668337,0.2509949853823271,2.0269346145608007,0.20150493230576624,0.4788545759388108,True,True,True,2.6015644305488195e-07,10,3.8588483145141073,1.0069138933488009,0.9986337294023754
low_persistence,1000,151,known,0.9987482269358321,1.0,0.30519381706315896,2.1684141917268125,0.35141877400646215,1.8169954177203502,0.20306462887900412,0.4739042255464566,True,True,True,1.5006244247217637e-08,10,1.2517730641679048,1.0085640623363705,1.001019397391479
low_persistence,1000,151,estimated,0.9987482269358321,0.9987482269358321,0.30519381706315896,2.164907797800223,0.35190621193177835,1.8134420925856545,0.2032022793788749,0.47423599566508845,True,True,True,2.4947813148656905e-07,9,1.2517730641679048,1.0085640623363705,1.001019397391479
low_persistence,1000,152,known,0.9908976369321951,1.0,0.3537568516965198,2.3884818003206885,1.3721063224085968,1.016375477912092,0.20240359104240183,0.4460302397591188,True,True,True,3.129991004158228e-07,9,9.102363067804875,0.9993659740377163,0.9928570256401051
low_persistence,1000,152,estimated,0.9908976369321951,0.9908976369321951,0.3537568516965198,2.365007571825987,1.3872211132701833,0.9904134487841134,0.2034197153948988,0.4485829390800346,True,True,True,6.924108708616927e-08,10,9.102363067804875,0.9993659740377163,0.9928570256401051
low_persistence,1000,153,known,0.9999137856063167,1.0,0.3248179491407881,2.176788300340812,0.6497978329334977,1.526990467407314,0.20423986933404528,0.46730897376240005,True,True,True,2.514054130007008e-09,10,0.08621439368328154,1.0091365895846016,1.002047741511135
low_persistence,1000,153,estimated,0.9999137856063167,0.9999137856063167,0.3248179491407881,2.1765486294976073,0.6498621192116522,1.526742537754541,0.2042495679453715,0.4673325121394484,True,True,True,2.5591392583900935e-09,10,0.08621439368328154,1.0091365895846016,1.002047741511135
low_persistence,1000,154,known,0.999348893449754,1.0,0.32043666166873536,2.2550420941664298,0.794413836246155,1.4606282579202745,0.2000601526880337,0.45053154664361644,True,True,True,1.4257930480710002e-07,10,0.6511065502460278,1.0086977995891238,1.0015120266472797
low_persistence,1000,154,estimated,0.999348893449754,0.999348893449754,0.32043666166873536,2.2532855435349703,0.7950057407027674,1.4587974362774578,0.20013079170341677,0.4507032129026522,True,True,True,1.4356227318046422e-07,10,0.6511065502460278,1.0086977995891238,1.0015120266472797
low_persistence,1000,155,known,0.9965492146816624,1.0,0.32838433659157434,2.1507082522594234,0.5632574241792468,1.5874508280801767,0.20011791005054141,0.4530310285531844,True,True,True,7.591525019723377e-07,8,3.450785318337646,1.0056718552577868,0.9986599949574647
low_persistence,1000,155,estimated,0.9965492146816624,0.9965492146816624,0.32838433659157434,2.140949032126627,0.5654945859453626,1.577405846596044,0.20050029445350118,0.45394434467244776,True,True,True,1.218399381386348e-09,8,3.450785318337646,1.0056718552577868,0.9986599949574647
low_persistence,1000,156,known,0.9911545535481346,1.0,0.33272068600334526,2.5121774938280153,1.4686083019025666,1.0435691919254486,0.20375280406248567,0.4536345189451633,True,True,True,1.1215707029776922e-08,9,8.845446451865357,1.0001582987301336,0.9932378240200913
low_persistence,1000,156,estimated,0.9911545535481346,0.9911545535481346,0.33272068600334526,2.4904894481375344,1.4839313658167679,1.0196841177553424,0.2047164052497603,0.4561024455844555,True,True,True,2.0801071620724088e-07,9,8.845446451865357,1.0001582987301336,0.9932378240200913
low_persistence,1000,157,known,0.9919491483332206,1.0,0.30944142296223787,2.4851754662522407,1.1519369067334289,1.3332385595188119,0.20200010169496613,0.4581529187868808,True,True,True,2.3526783254901318e-07,10,8.050851666779435,1.0016302448227477,0.9941891431403945
low_persistence,1000,157,estimated,0.9919491483332206,0.9919491483332206,0.30944142296223787,2.4651153037837306,1.162483290720088,1.3119909936023397,0.20285500936659873,0.460323092496544,True,True,True,1.643006195539698e-07,10,8.050851666779435,1.0016302448227477,0.9941891431403945
low_persistence,1000,158,known,0.9932486779287908,1.0,0.3510829292907726,2.0604440116234786,0.5299954416480079,1.5304485699754709,0.19883709696484506,0.44318085391854084,True,True,True,1.7810575232211809e-09,10,6.751322071209209,1.0017815116943223,0.9952229897586488
low_persistence,1000,158,estimated,0.9932486779287908,0.9932486779287908,0.3510829292907726,2.0405581202376406,0.5342298864428446,1.509934991818237,0.19960154503611283,0.4449720344728605,True,True,True,1.1983137593318816e-08,9,6.751322071209209,1.0017815116943223,0.9952229897586488
low_persistence,1000,159,known,0.9963585603119589,1.0,0.2809663790535491,2.4475174536923823,0.7570303860752642,1.690487067617118,0.2050120004217966,0.4836016062185391,True,True,True,4.977801193462028e-08,8,3.6414396880410926,1.0070208049678686,0.9988255714287155
low_persistence,1000,159,estimated,0.9963585603119589,0.9963585603119589,0.2809663790535491,2.438335103231025,0.7600048274423236,1.6810977875304527,0.20539552347168966,0.4845725115803717,True,True,True,1.4998376762775933e-08,10,3.6414396880410926,1.0070208049678686,0.9988255714287155
low_persistence,3000,0,known,0.9990993769484731,1.0,0.3236545676416594,2.476555020077549,1.40085444031449,1.0757005797630588,0.11631535351228865,0.25781809000497075,True,False,True,5.183874254299781e-07,9,2.701869154580816,1.002184695446507,0.9998132524295769
low_persistence,3000,0,estimated,0.9990993769484731,0.9990993769484731,0.3236545676416594,2.4743471925738794,1.4023254216175045,1.073284737556826,0.11637098659216709,0.25795948489361425,True,False,True,5.97904140420269e-07,9,2.701869154580816,1.002184695446507,0.9998132524295769
low_persistence,3000,1,known,0.9992851580293831,1.0,0.3068121793327214,2.238305868132829,0.5781016088117603,1.660204259321069,0.11636319706935201,0.2679676782203366,True,True,True,1.3343728966219714e-06,9,2.1445259118506588,1.0025398444198965,1.0000382215508155
low_persistence,3000,1,estimated,0.9992851580293831,0.9992851580293831,0.3068121793327214,2.2363605693268163,0.5785629920972475,1.6582111583389654,0.11640789467726113,0.26807633054955726,True,True,True,2.0000928060426304e-06,8,2.1445259118506588,1.0025398444198965,1.0000382215508155
low_persistence,3000,2,known,0.9997034564129632,1.0,0.31175750932940005,2.155908581677679,0.42108663861434587,1.7348219430633334,0.11475870649130111,0.26223906011956566,True,True,True,1.298463558896401e-10,7,0.8896307611103715,1.002906514541911,1.0004445742794859
low_persistence,3000,2,estimated,0.9997034564129632,0.9997034564129632,0.31175750932940005,2.155075827779128,0.42122662748241224,1.7339741123517847,0.11477724379835733,0.26228317513912364,True,True,True,1.2228795753799204e-10,7,0.8896307611103715,1.002906514541911,1.0004445742794859
low_persistence,3000,3,known,0.9977258937497535,1.0,0.30370102190832216,2.3189087670011874,0.7315385311281496,1.587370235873038,0.11627539670472124,0.26693907417954216,True,True,True,9.116314636514744e-08,10,6.8223187507394645,1.0010139216208598,0.9984866717633896
low_persistence,3000,3,estimated,0.9977258937497535,0.9977258937497535,0.30370102190832216,2.3128980797139347,0.7333950059515866,1.581170891929282,0.11641588310200633,0.2672848688422459,True,True,True,1.048914777257437e-07,10,6.8223187507394645,1.0010139216208598,0.9984866717633896
low_persistence,3000,4,known,0.9988644992046646,1.0,0.3242185255594811,2.216216084319931,0.728216178842499,1.487999905477432,0.11522636556814306,0.2592258153256855,True,True,True,1.9534300310652952e-07,10,3.4065023860062604,1.001944450983468,0.9995771329438624
low_persistence,3000,4,estimated,0.9988644992046646,0.9988644992046646,0.3242185255594811,2.213101988258053,0.729165894271688,1.484764062439242,0.11529787037662949,0.2593983075487665,True,True,True,1.5835303485791186e-08,10,3.4065023860062604,1.001944450983468,0.9995771329438624
low_persistence,3000,5,known,0.9999287663337006,1.0,0.32761514836045275,2.1651013815752975,0.649552158769609,1.5155492228056886,0.11466433401938309,0.25704476141050575,True,True,True,2.998824122357746e-08,10,0.2137009988980587,1.0029767860285022,1.0006340116843595
low_persistence,3000,5,estimated,0.9999287663337006,0.9999287663337006,0.32761514836045275,2.1649024851934286,0.6496055255930483,1.5153432333836165,0.1146688415803252,0.2570555273823479,True,True,True,3.017066774191335e-08,10,0.2137009988980587,1.0029767860285022,1.0006340116843595
low_persistence,3000,6,known,0.9997159479005174,1.0,0.313183608830382,2.001125682788865,0.0,2.001125682788865,0.1149593379405771,0.26639332344568417,False,False,True,1.9960056201284277,9,0.8521562984477038,1.0029044207208138,1.000453691044386
low_persistence,3000,6,estimated,0.9997159479005174,0.9997159479005174,0.313183608830382,2.0002793546781183,0.0,2.0002793546781183,0.11497747520882712,0.26643535262968887,False,False,True,1.996006284731185,8,0.8521562984477038,1.0029044207208138,1.000453691044386
low_persistence,3000,7,known,0.9988650353260289,1.0,0.3046492414086591,2.2658369215727414,0.6183039120053505,1.6475330095673908,0.11696299038340154,0.27016598360138605,True,True,True,2.5918971638796566e-07,8,3.4048940219133517,1.0021428292240235,0.9996234454212528
low_persistence,3000,7,estimated,0.9988650353260289,0.9988650353260289,0.3046492414086591,2.2627792734813235,0.619086075473475,1.6443958388336584,0.11703404637536018,0.2703398668706174,True,True,True,9.183769146577183e-07,8,3.4048940219133517,1.0021428292240235,0.9996234454212528
low_persistence,3000,8,known,0.999809824280539,1.0,0.3081481824998457,2.254373201758889,0.6478939178898263,1.6064792838690625,0.1155744157640019,0.26389546997222263,True,True,True,9.003589767075937e-07,9,0.5705271583830163,1.0030503996959677,1.0005596228297704
low_persistence,3000,8,estimated,0.999809824280539,0.999809824280539,0.3081481824998457,2.253859702654763,0.6480321214469813,1.605950821182712,0.11558621999314792,0.263924155316614,True,True,True,1.3078702618685156e-06,9,0.5705271583830163,1.0030503996959677,1.0005596228297704
low_persistence,3000,9,known,0.9977063932368367,1.0,0.3275937152396739,2.1141524768538558,0.47385999339254387,1.6402924834613117,0.1164092704473567,0.26534678325656025,True,True,True,3.887669430824303e-07,10,6.880820289489775,1.0007546123511364,0.9984116847288228
low_persistence,3000,9,estimated,0.9977063932368367,0.9977063932368367,0.3275937152396739,2.107586248868062,0.47510613760038484,1.633569817918098,0.116557564804269,0.26569990987912107,True,True,True,1.3155120329381802e-09,9,6.880820289489775,1.0007546123511364,0.9984116847288228
low_persistence,3000,10,known,0.9993489559916928,1.0,0.31578810586749506,2.294579709321149,0.8444361860542207,1.4501435232669284,0.1162226958548971,0.2632478882409184,True,True,True,5.323992180450432e-07,9,1.9531320249215334,1.0025111315327089,1.0000806145180707
low_persistence,3000,10,estimated,0.9993489559916928,0.9993489559916928,0.31578810586749506,2.2928503961447033,0.845061092501924,1.4483394756037065,0.11626333654107027,0.26334753096858693,True,True,True,1.5850609713652375e-09,9,1.9531320249215334,1.0025111315327089,1.0000806145180707
low_persistence,3000,11,known,0.9996798260638432,1.0,0.30907065963299696,2.1003954897609907,0.22812442075081876,1.872271069010172,0.11561510017508868,0.2678806679040313,True,True,True,4.301093367949661e-09,9,0.9605218084703937,1.0029107293974167,1.0004273867040574
low_persistence,3000,11,estimated,0.9996798260638432,0.9996798260638432,0.30907065963299696,2.0994765786485465,0.22820555862501263,1.8713440854954917,0.11563535788846377,0.26792862554961283,True,True,True,2.3972798359750414e-06,10,0.9605218084703937,1.0029107293974167,1.0004273867040574
low_persistence,3000,12,known,0.9989989095997062,1.0,0.31869493854187303,2.1044199074394063,0.3563251208964786,1.748094786542928,0.11595177412656173,0.266095735320507,True,True,True,1.1002681343796894e-06,9,3.0032712008815077,1.002132242777468,0.9997238946316108
low_persistence,3000,12,estimated,0.9989989095997062,0.9989989095997062,0.31869493854187303,2.1015487172777654,0.3567282061906892,1.7451776282698075,0.11601580971628177,0.26624765270426154,True,True,True,3.817723072785384e-06,8,3.0032712008815077,1.002132242777468,0.9997238946316108
low_persistence,3000,13,known,0.9979274041668568,1.0,0.3060112497879786,2.3847951155307268,0.9411895633183001,1.443605552212427,0.11566878228892383,0.26235234409792546,True,True,True,2.4456042257980926e-06,10,6.217787499429694,1.001190609115073,0.9986824386969492
low_persistence,3000,13,estimated,0.9979274041668568,0.9979274041668568,0.3060112497879786,2.379469367698483,0.9433839841150924,1.4380406372979218,0.11579524378633978,0.26266659564427447,True,True,True,7.867279556705853e-07,10,6.217787499429694,1.001190609115073,0.9986824386969492
low_persistence,3000,14,known,0.9982211491607106,1.0,0.3177421310632848,2.337482349197953,0.9626702907824354,1.3748120584155172,0.115699711269063,0.2602818408665809,True,True,True,6.750246512865488e-07,10,5.336552517868243,1.0013638782069858,0.9989483081918831
low_persistence,3000,14,estimated,0.9982211491607106,0.9982211491607106,0.3177421310632848,2.3328331910746987,0.9646327556659791,1.369916373195742,0.11581024966729644,0.2605549754847722,True,True,True,1.2101982731493877e-06,9,5.336552517868243,1.0013638782069858,0.9989483081918831
low_persistence,3000,15,known,0.9995922481684132,1.0,0.32175681023913155,2.2471428488787093,0.7934678684466127,1.4536749804320968,0.11551006028044701,0.2599914893118229,True,True,True,1.4854311158156874e-08,10,1.2232554947604335,1.0026957642176177,1.0003103341663908
low_persistence,3000,15,estimated,0.9995922481684132,0.9995922481684132,0.32175681023913155,2.2460400286286615,0.793838774145836,1.452524943696968,0.11553565309624886,0.26005363650925595,True,True,True,4.4159027234869086e-07,10,1.2232554947604335,1.0026957642176177,1.0003103341663908
low_persistence,3000,16,known,0.9993236304887723,1.0,0.3280944263782403,2.2449467933706977,0.8566367950973468,1.388309998273351,0.11492451793280344,0.2561025979907298,True,True,True,3.5788914498624536e-07,9,2.0291085336832104,1.0023671976579591,1.0000278456220104
low_persistence,3000,16,estimated,0.9993236304887723,0.9993236304887723,0.3280944263782403,2.24311641741732,0.8573078246664897,1.3863884496251717,0.11496696374443509,0.25620537632673407,True,True,True,4.2128854005341054e-07,10,2.0291085336832104,1.0023671976579591,1.0000278456220104
low_persistence,3000,17,known,0.9997758535587989,1.0,0.3348857009998362,2.195218357008922,0.8125961887606669,1.3826221682482551,0.11611716068012544,0.2596503368129504,True,True,True,6.12712298675433e-07,10,0.6724393236031689,1.0027576990706755,1.0004657876452554
low_persistence,3000,17,estimated,0.9997758535587989,0.9997758535587989,0.3348857009998362,2.194600441212015,0.8128087063970584,1.3819739229938726,0.11613154687169953,0.25968504988894325,True,True,True,1.243996017308291e-09,9,0.6724393236031689,1.0027576990706755,1.0004657876452554
low_persistence,3000,18,known,0.9990436595968889,1.0,0.3093248123758913,2.2586056959447225,0.6607708621644302,1.5978348337802926,0.11513525298029031,0.26188517915898296,True,True,True,1.9897916114786085e-06,9,2.8690212093333,1.0022719083004055,0.9997906060135439
low_persistence,3000,18,estimated,0.9990436595968889,0.9990436595968889,0.3093248123758913,2.2560239489462024,0.6614808004423101,1.5951757493192378,0.11519437857324526,0.26202854074076043,True,True,True,2.1854754184147396e-06,9,2.8690212093333,1.0022719083004055,0.9997906060135439
low_persistence,3000,19,known,0.9988164747122152,1.0,0.3123198117897919,2.260779259301357,0.7016341928129909,1.5591450664883664,0.11533938557981278,0.26207663858540076,True,True,True,6.337288027680188e-08,10,3.550575863354277,1.0020137660361166,0.9995562582656907
low_persistence,3000,19,estimated,0.9988164747122152,0.9988164747122152,0.3123198117897919,2.2575867466814996,0.7025719821905287,1.5558462761983822,0.11541288109222554,0.26225531224095966,True,True,True,6.85314294202044e-08,10,3.550575863354277,1.0020137660361166,0.9995562582656907
low_persistence,3000,20,known,0.9996481870273006,1.0,0.3531239164565447,2.148359346730951,0.8898692232668327,1.2584901234641184,0.11600647966597522,0.2558933443191017,True,True,True,1.2917261056344387e-06,9,1.0554389180981172,1.0024760255790994,1.0003024872585202
low_persistence,3000,20,estimated,0.9996481870273006,0.9996481870273006,0.3531239164565447,2.1473728748400296,0.8902435569722823,1.257442517099952,0.1160294704832972,0.25594843306065296,True,True,True,3.583633088055649e-07,10,1.0554389180981172,1.0024760255790994,1.0003024872585202
low_persistence,3000,21,known,0.9987375696824392,1.0,0.30089815661187785,2.2272243598887864,0.45816925659218116,1.7690551032966053,0.11759278857137924,0.27464405073518705,True,True,True,3.7267611219249375e-10,7,3.787290952682376,1.0020562255218834,0.999505434340662
low_persistence,3000,21,estimated,0.9987375696824392,0.9987375696824392,0.30089815661187785,2.2237679147168024,0.4588076752961702,1.7655394521398555,0.11767232806566125,0.2748377645352876,True,True,True,2.71220823577778e-10,7,3.787290952682376,1.0020562255218834,0.999505434340662
low_persistence,3000,22,known,0.9982763697327166,1.0,0.33545586643478037,2.218132696398293,0.8542570797088179,1.3638756166894752,0.1148728753092328,0.25518887796139805,True,True,True,7.882367434319804e-07,9,5.170890801850181,1.0012531470808992,0.9989651311565135
low_persistence,3000,22,estimated,0.9982763697327166,0.9982763697327166,0.33545586643478037,2.213410838595278,0.8559789516531191,1.358907278171386,0.11498203284025546,0.25545225524184706,True,True,True,3.7494797222592524e-07,10,5.170890801850181,1.0012531470808992,0.9989651311565135
low_persistence,3000,23,known,0.9984415319178671,1.0,0.33365585552267096,2.3382304574648933,1.1489316972543984,1.189298760210495,0.11619182569830236,0.2579399735126339,True,True,True,8.586027711032784e-08,10,4.675404246398673,1.0014343684228753,0.9991340090806752
low_persistence,3000,23,estimated,0.9984415319178671,0.9984415319178671,0.33365585552267096,2.334172343500893,1.1510324376177752,1.1849337531986448,0.11629018280630717,0.25818360287811304,True,True,True,7.271991364632413e-08,10,4.675404246398673,1.0014343684228753,0.9991340090806752
low_persistence,3000,24,known,0.9988312485328776,1.0,0.30386579435470773,2.300664815690037,0.7033263945178968,1.5973384211721404,0.1166137386038117,0.26839642214495646,True,True,True,3.593218567132794e-08,10,3.5062544013670927,1.002117493457676,0.9995916140115828
low_persistence,3000,24,estimated,0.9988312485328776,0.9988312485328776,0.30386579435470773,2.2975598817144274,0.7042432796932273,1.5941396873875529,0.11668630437132421,0.2685748772975333,True,True,True,3.995839792381162e-08,10,3.5062544013670927,1.002117493457676,0.9995916140115828
low_persistence,3000,25,known,0.999512529304742,1.0,0.3097096330806408,2.262097911142413,0.6833572100411087,1.578740701101304,0.11544844862945515,0.2627053778401156,True,True,True,1.1419790011402142e-06,9,1.462412085774023,1.0027367668416416,1.0002585476248325
low_persistence,3000,25,estimated,0.999512529304742,0.999512529304742,0.3097096330806408,2.260785172761569,0.6837318433591891,1.577386628639432,0.1154786690720416,0.2627788135751635,True,True,True,1.1586660049189845e-06,9,1.462412085774023,1.0027367668416416,1.0002585476248325
low_persistence,3000,26,known,0.9994955464013543,1.0,0.3258130447373492,2.377987461254296,1.179818385390021,1.1981690758642751,0.11612609511679217,0.25829043672602703,True,True,True,8.05857505170593e-08,10,1.5133607959371131,1.0025604249893894,1.0002046925326054
low_persistence,3000,26,estimated,0.9994955464013543,0.9994955464013543,0.3258130447373492,2.3766972094544068,1.1805100766576053,1.1967826453532087,0.11615755207693962,0.2583688052721623,True,True,True,2.8441908384024828e-08,9,1.5133607959371131,1.0025604249893894,1.0002046925326054
low_persistence,3000,27,known,0.9999249007133583,1.0,0.3073528672204059,2.2681189901959544,0.6772461193227717,1.5908728708731827,0.11596501854234785,0.2651605254968899,True,True,True,3.4186043862405313e-07,9,0.2252978599251998,1.0031738615366257,1.000676639463272
low_persistence,3000,27,estimated,0.9999249007133583,0.9999249007133583,0.3073528672204059,2.267917369492783,0.6773031222752636,1.5906651121988427,0.1159696841272949,0.26517190408823366,True,True,True,1.042703701159553e-09,9,0.2252978599251998,1.0031738615366257,1.000676639463272
low_persistence,3000,28,known,0.9989948780062563,1.0,0.28550200272642196,2.565750617376078,1.1828739279145135,1.3828766894615643,0.11721468399719019,0.26957742150582403,False,True,True,1.3849604192373022e-06,10,3.0153659812310885,1.0024924976901184,0.9998041509990208
low_persistence,3000,28,estimated,0.9989948780062563,0.9989948780062563,0.28550200272642196,2.563357823885754,1.184180008431469,1.3803680608253108,0.11727456197489325,0.269731864535071,False,True,True,1.3488799632810355e-06,10,3.0153659812310885,1.0024924976901184,0.9998041509990208
low_persistence,3000,29,known,0.9995634777199706,1.0,0.3519381292546181,2.1394969606256495,0.8519894059082939,1.2875075547173558,0.11507071966687224,0.2530103931027448,True,True,True,4.883311550685221e-07,8,1.3095668400883165,1.0024008441247785,1.0002199824887945
low_persistence,3000,29,estimated,0.9995634777199706,0.9995634777199706,0.3519381292546181,2.1382682549475343,0.8524339005086043,1.2862064608287544,0.115099052918653,0.2530779946594199,True,True,True,2.6003833841770074e-07,10,1.3095668400883165,1.0024008441247785,1.0002199824887945
low_persistence,3000,30,known,0.9971191747277035,1.0,0.3117573323317326,2.168052346457282,0.40947605177052065,1.7585762946867611,0.1149550778605937,0.2637449388171483,True,True,True,8.84519829824626e-07,6,8.642475816889483,1.000322234675161,0.9978602930149898
low_persistence,3000,30,estimated,0.9971191747277035,0.9971191747277035,0.3117573323317326,2.1599579740438104,0.4107965397648109,1.7503448673325257,0.11513518830834953,0.26417450092865064,True,True,True,4.6909774638441724e-07,6,8.642475816889483,1.000322234675161,0.9978602930149898
low_persistence,3000,31,known,0.9994167806851726,1.0,0.3384964125844051,2.296600537518154,1.110246339203066,1.186354198315088,0.11676790256056312,0.25918809633345063,True,True,True,1.590828890840612e-07,10,1.7496579444822302,1.00236681911215,1.0000993553051591
low_persistence,3000,31,estimated,0.9994167806851726,0.9994167806851726,0.3384964125844051,2.2950592387588964,1.1110093784251889,1.1846978224621596,0.1168051905265506,0.25927988692740045,True,True,True,1.5081168935893174e-07,10,1.7496579444822302,1.00236681911215,1.0000993553051591
low_persistence,3000,32,known,0.9995389881042123,1.0,0.3330872228122438,2.2463304366863186,0.9215730725948373,1.3247573640914814,0.11530741859037733,0.25628729858782107,True,True,True,4.0268070922167e-07,10,1.3830356873631988,1.0025369338557395,1.0002326474353505
low_persistence,3000,32,estimated,0.9995389881042123,0.9995389881042123,0.3330872228122438,2.245085303823614,0.9220694233458343,1.323440965450684,0.11533659678453442,0.2563581949982577,True,True,True,3.959120307150954e-07,10,1.3830356873631988,1.0025369338557395,1.0002326474353505
low_persistence,3000,33,known,0.9985492161069994,1.0,0.3346178748522787,2.0887150102066148,0.5043521018073303,1.5843629083992843,0.11492638579623547,0.25825037373395276,True,True,True,4.240900608465381e-08,9,4.35235167900172,1.001533448270206,0.9992397024125761
low_persistence,3000,33,estimated,0.9985492161069994,0.9985492161069994,0.3346178748522787,2.0845294313179887,0.5051998988149373,1.5800624683789977,0.11501969763713003,0.25847032768678924,True,True,True,1.2864449914218312e-06,8,4.35235167900172,1.001533448270206,0.9992397024125761
low_persistence,3000,34,known,0.994474189253007,1.0,0.33809124537789476,2.35848519737565,1.1887000778273087,1.169785119548341,0.11690684740936509,0.26047074248265245,True,True,True,1.013350763301446e-07,10,16.57743224097896,0.997427762994326,0.995157581867709
low_persistence,3000,34,estimated,0.994474189253007,0.994474189253007,0.33809124537789476,2.3441052011493695,1.1964464118196332,1.1542701257703705,0.11725848546569971,0.26134651216480936,True,True,True,6.331103286072448e-08,10,16.57743224097896,0.997427762994326,0.995157581867709
low_persistence,3000,35,known,0.9987113384546548,1.0,0.30324745764514655,2.4528215283732697,1.1000410714063615,1.3527804569669084,0.11606219101266156,0.2627373365977189,True,True,True,9.904923619075134e-07,9,3.865984636035713,1.0020042841969616,0.9994732543565418
low_persistence,3000,35,estimated,0.9987113384546548,0.9987113384546548,0.30324745764514655,2.449610033393247,1.10163820338318,1.3493914687996502,0.11614046137573107,0.2629347489859079,True,True,True,2.7999647045362508e-08,9,3.865984636035713,1.0020042841969616,0.9994732543565418
low_persistence,3000,36,known,0.9991042236341955,1.0,0.3280107367675659,2.088788868228474,0.43329631276751396,1.6554925554609603,0.11491048439577964,0.2598169379456575,True,True,True,2.8642274484051103e-08,7,2.6873290974135378,1.002148567347937,0.9998086184429251
low_persistence,3000,36,estimated,0.9991042236341955,0.9991042236341955,0.3280107367675659,2.086206147836479,0.4337412913258594,1.6528533917082626,0.11496776741036745,0.2599518801658802,True,True,True,4.63431737429687e-07,8,2.6873290974135378,1.002148567347937,0.9998086184429251
low_persistence,3000,37,known,0.9976526952580637,1.0,0.293307225954827,2.3638955714778933,0.7168199340797291,1.6470756373981643,0.11639850365321563,0.2696316352654075,True,True,True,4.451326461207827e-06,9,7.041914225809021,1.00105723949071,0.9984404326192368
low_persistence,3000,37,estimated,0.9976526952580637,0.9976526952580637,0.293307225954827,2.357795268596925,0.7186681119062505,1.6408140897576307,0.11654152426391853,0.2699863802701956,True,True,True,5.992734477544559e-07,9,7.041914225809021,1.00105723949071,0.9984404326192368
low_persistence,3000,38,known,0.9996080557568676,1.0,0.32120528694684614,2.119169410740525,0.44030675345898834,1.6788626572815366,0.1154302021905331,0.2628687296096301,True,True,True,1.2512518381413429e-06,9,1.1758327293971416,1.0027169006766066,1.0003273747393877
low_persistence,3000,38,estimated,0.9996080557568676,0.9996080557568676,0.32120528694684614,2.1180532779883086,0.4405027110618572,1.6777232194281364,0.11545513825651353,0.2629279002507403,True,True,True,5.653006045491793e-07,9,1.1758327293971416,1.0027169006766066,1.0003273747393877
low_persistence,3000,39,known,0.9980607187843633,1.0,0.3252371813135248,2.096704205856324,0.4022230453099438,1.6944811605463803,0.11523836877432152,0.2620769193412801,True,True,True,7.135190216445153e-10,7,5.81784364691007,1.001131024032014,0.9987711205264197
low_persistence,3000,39,estimated,0.9980607187843633,0.9980607187843633,0.3252371813135248,2.0911169899718494,0.40311262171375206,1.6887861169931728,0.11536231404847859,0.26236955389952693,True,True,True,1.4319876254541923e-07,7,5.81784364691007,1.001131024032014,0.9987711205264197
low_persistence,3000,40,known,0.9957951015705166,1.0,0.2973127863495993,2.410797742946034,0.8660329132221094,1.544764829723925,0.11560130500390922,0.26484030176237305,True,True,True,5.917173426794875e-07,10,12.61469528845005,0.9991537779220403,0.9965722261033141
low_persistence,3000,40,estimated,0.9957951015705166,0.9957951015705166,0.2973127863495993,2.4000436925615807,0.8700697186601328,1.533632528694983,0.11585505356180023,0.26547276551395826,True,True,True,6.12171504599246e-08,9,12.61469528845005,0.9991537779220403,0.9965722261033141
low_persistence,3000,41,known,0.9990985633193484,1.0,0.31378700699430717,2.301078084241418,0.8331307507844249,1.467947333456993,0.11594079150880797,0.2627527464925874,True,True,True,6.121526574531799e-07,10,2.704310041954705,1.0022809048512147,0.9998348878166557
low_persistence,3000,41,estimated,0.9990985633193484,0.9990985633193484,0.31378700699430717,2.298688561441539,0.8339833123504119,1.4654570322399307,0.11599690222109867,0.2628904750064547,True,True,True,1.723835072552659e-08,10,2.704310041954705,1.0022809048512147,0.9998348878166557
low_persistence,3000,42,known,0.9999086199577628,1.0,0.3390706977144235,2.267403684637301,1.0481007114001608,1.21930297323714,0.11605653333491625,0.25682922123069024,True,True,True,1.639234259442901e-07,10,0.27414012671156396,1.002853661895179,1.0005900384989228
low_persistence,3000,42,estimated,0.9999086199577628,0.9999086199577628,0.3390706977144235,2.2671595262743143,1.0482137532654423,1.219041558825919,0.11606237140319613,0.256843499022747,True,True,True,1.626970931312144e-07,10,0.27414012671156396,1.002853661895179,1.0005900384989228
low_persistence,3000,43,known,0.9990336197493004,1.0,0.30431785401202865,2.268884181979535,0.6244653560111902,1.6444188259683448,0.11547906090154683,0.26456814452405025,True,True,True,6.438311039858036e-08,9,2.89914075209885,1.0023149830060172,0.9997928557163677
low_persistence,3000,43,estimated,0.9990336197493004,0.9990336197493004,0.30431785401202865,2.2662845654609804,0.6251377598373856,1.6417509264086683,0.11553866006785317,0.26471312286426646,True,True,True,8.006228924273273e-08,9,2.89914075209885,1.0023149830060172,0.9997928557163677
low_persistence,3000,44,known,0.9997620605098462,1.0,0.2965847738762769,2.3403019551607445,0.7305289562041943,1.60977299895655,0.11563114430806087,0.2652862251568191,True,True,True,6.632913640558513e-08,10,0.7138184704614803,1.003128981243729,1.0005410926131026
low_persistence,3000,44,estimated,0.9997620605098462,0.9997620605098462,0.2965847738762769,2.3396806988263084,0.7307211776907362,1.6091333885600363,0.11564563158859141,0.2653219221086549,True,True,True,6.735238988753167e-08,10,0.7138184704614803,1.003128981243729,1.0005410926131026
low_persistence,3000,45,known,0.9992320195359133,1.0,0.32160238357026266,2.2512038278877586,0.7961564862473669,1.4550473416403915,0.11501063532783255,0.2582544096618837,True,True,True,1.707272544317462e-08,10,2.3039413922599783,1.002337025827945,0.9999504503436134
low_persistence,3000,45,estimated,0.9992320195359133,0.9992320195359133,0.32160238357026266,2.249128581768829,0.7968576606298906,1.4528828922549597,0.11505860452246698,0.2583707744402279,True,True,True,3.8531218304882486e-07,10,2.3039413922599783,1.002337025827945,0.9999504503436134
low_persistence,3000,46,known,0.9999921176547986,1.0,0.32605756065083225,2.244196979656976,0.8427649236327276,1.4014320560242484,0.1156099164372387,0.25900895777694793,True,True,True,1.528685638518823e-06,9,0.023647035604312805,1.0030546978401031,1.0007007319857328
low_persistence,3000,46,estimated,0.9999921176547986,0.9999921176547986,0.32605756065083225,2.2441756646949322,0.842772586274149,1.4014097214452343,0.11561041296586895,0.25901016273022104,True,True,True,1.5278549359010185e-06,9,0.023647035604312805,1.0030546978401031,1.0007007319857328
low_persistence,3000,47,known,0.998135269973409,1.0,0.2975158091454716,2.3779129544478996,0.8184674007796654,1.5594455536682343,0.11562340214373372,0.2648141883578023,True,True,True,3.887520110268383e-07,10,5.594190079773131,1.0014916543866814,0.9989118642016293
low_persistence,3000,47,estimated,0.998135269973409,0.998135269973409,0.2975158091454716,2.373103062775958,0.8201596859088517,1.5544727532600202,0.11573647102997381,0.2650946714261666,True,True,True,2.1409274353345609e-10,9,5.594190079773131,1.0014916543866814,0.9989118642016293
low_persistence,3000,48,known,0.9999298729324368,1.0,0.3182671060631989,2.245079401304679,0.7506158079809272,1.4944635933237516,0.11426978990356364,0.2563394597489923,True,True,True,1.931872755100983e-07,10,0.21038120268945804,1.0030674181122385,1.0006558325298474
low_persistence,3000,48,estimated,0.9999298729324368,0.9999298729324368,0.3182671060631989,2.244889607228546,0.7506758298818542,1.4942664200413316,0.1142741272829232,0.2563499338738842,True,True,True,1.9347734525609894e-07,10,0.21038120268945804,1.0030674181122385,1.0006558325298474
low_persistence,3000,49,known,0.998625293318202,1.0,0.3502262081476172,1.994290946385693,0.43443117825749394,1.5598597681281992,0.11393052060865794,0.25267582951110107,False,True,True,8.205196044830387e-07,8,4.124120045393864,1.001476528894773,0.9992850071112065
low_persistence,3000,49,estimated,0.998625293318202,0.998625293318202,0.3502262081476172,1.9901809892071525,0.4351361674491639,1.555643006354873,0.11402018241988739,0.25288308401675946,False,True,True,9.92780270658855e-07,9,4.124120045393864,1.001476528894773,0.9992850071112065
low_persistence,3000,50,known,0.9989453768148909,1.0,0.30757864484784286,2.0882198856343672,0.15873479843913654,1.9294850871952307,0.11544727235323149,0.26819666711841067,True,False,True,1.1454233277419235e-06,9,3.1638695553272145,1.0021919527435026,0.9996965637521406
low_persistence,3000,50,estimated,0.9989453768148909,0.9989453768148909,0.30757864484784286,2.0851743136053877,0.1589199898636035,1.9264219244476717,0.11551389641597092,0.2683537526435958,True,False,True,4.09857916349832e-09,9,3.1638695553272145,1.0021919527435026,0.9996965637521406
low_persistence,3000,51,known,0.9978951603056324,1.0,0.320445976932244,2.4437193651001428,1.2643150046627636,1.1794043604373792,0.11635708324046404,0.259760255108623,True,False,True,6.277446118474472e-08,9,6.314519083102765,1.0010113717621711,0.9986161837442743
low_persistence,3000,51,estimated,0.9978951603056324,0.9978951603056324,0.320445976932244,2.4384640523383583,1.2673944173110872,1.1737372971052473,0.11648730707397285,0.260088947619484,True,False,True,4.288379074068871e-08,10,6.314519083102765,1.0010113717621711,0.9986161837442743
low_persistence,3000,52,known,0.9999753211260868,1.0,0.308333191574893,2.3019281025048492,0.7808777237906378,1.5210503787142113,0.11503364432702731,0.26036748383527175,True,True,True,1.7651473482871438e-07,9,0.0740366217396593,1.0032139520999936,1.0007246697739132
low_persistence,3000,52,estimated,0.9999753211260868,0.9999753211260868,0.308333191574893,2.301862777042489,0.7808994190943002,1.5209826296664917,0.11503515987023545,0.26037118687241684,True,True,True,2.7678602299019417e-07,10,0.0740366217396593,1.0032139520999936,1.0007246697739132
low_persistence,3000,53,known,0.999869773140186,1.0,0.3153002829545238,2.435255685294571,1.2136284722876511,1.22162721300692,0.11558653736633805,0.2577397628716248,True,True,True,6.197172908173343e-08,10,0.3906805794420265,1.0030368411020691,1.000602563666162
low_persistence,3000,53,estimated,0.999869773140186,0.999869773140186,0.3153002829545238,2.434930346288019,1.2138099036839847,1.2212785132562023,0.11559449624982043,0.25775976164012465,True,True,True,7.251830815846461e-07,9,0.3906805794420265,1.0030368411020691,1.000602563666162
low_persistence,3000,54,known,0.9961585716792387,1.0,0.32863584486824726,2.4147208240152067,1.2547252463055272,1.1599955777096795,0.1164785889560383,0.25942794809033837,True,True,True,4.321255531181123e-08,10,11.52428496228386,0.9991971246554617,0.9968616266374685
low_persistence,3000,54,estimated,0.9961585716792387,0.9961585716792387,0.32863584486824726,2.4049845722913514,1.2603549902262738,1.1494711454187456,0.11671874273722212,0.26003119349802295,True,False,True,9.23440488520555e-08,10,11.52428496228386,0.9991971246554617,0.9968616266374685
low_persistence,3000,55,known,0.9993020037254375,1.0,0.34813696210715306,2.165753367880098,0.8753586528058908,1.2903947150742072,0.115647102234966,0.25556187253353585,True,True,True,3.871004414790491e-07,9,2.093988823687387,1.0021703501902137,0.9999656766051805
low_persistence,3000,55,estimated,0.9993020037254375,0.9993020037254375,0.34813696210715306,2.163807345579726,0.8760846806798441,1.2883341687431977,0.11569231153789881,0.2556703506492055,True,True,True,3.6460496577461754e-07,9,2.093988823687387,1.0021703501902137,0.9999656766051805
low_persistence,3000,56,known,0.9997487392077691,1.0,0.3120268906325685,2.1900151826571794,0.5200674633208261,1.6699477193363534,0.11507298387912436,0.2624686210241296,True,True,True,2.2348034534047656e-09,9,0.7537823766927687,1.002949032049497,1.000489217247076
low_persistence,3000,56,estimated,0.9997487392077691,0.9997487392077691,0.3120268906325685,2.189319123877073,0.5202143233617293,1.6692355099783613,0.11508866899239692,0.2625062235224276,True,True,True,1.0555269103207365e-08,9,0.7537823766927687,1.002949032049497,1.000489217247076
low_persistence,3000,57,known,0.9993397125341587,1.0,0.3060483042657747,2.3894362425518874,0.9782951836774354,1.411141058874452,0.11705467359161621,0.2668803036414878,True,True,True,3.7016000931089366e-07,9,1.9808623975240414,1.0026025223932546,1.0000946556492363
low_persistence,3000,57,estimated,0.9993397125341587,0.9993397125341587,0.3060483042657747,2.387748428489476,0.9790225685843066,1.4093722962359814,0.11709549638388171,0.2669823984378603,True,True,True,2.8544932639817944e-07,9,1.9808623975240414,1.0026025223932546,1.0000946556492363
low_persistence,3000,58,known,0.9993399716184618,1.0,0.31004992366476924,2.3545734937502036,0.9328537425172346,1.421719751232969,0.1153489424354591,0.26018081180357083,True,True,True,6.5808472959894e-07,10,1.9800851446146739,1.0025606704424281,1.000085171157477
low_persistence,3000,58,estimated,0.9993399716184618,0.9993399716184618,0.31004992366476924,2.3528623881926087,0.9335508074932317,1.4199277507279302,0.11538939191305618,0.2602807573573522,True,True,True,2.8505036109294224e-09,9,1.9800851446146739,1.0025606704424281,1.000085171157477
low_persistence,3000,59,known,0.9974496829923173,1.0,0.3233908837822202,2.2329143742684314,0.7398922273590351,1.493022146909396,0.11573551959142377,0.26149168473357165,True,True,True,2.408131827280613e-07,10,7.650951023048136,1.0005375171725488,0.9981641405474728
low_persistence,3000,59,estimated,0.9974496829923173,0.9974496829923173,0.3233908837822202,2.225946137151367,0.7420571968146473,1.4857814214264293,0.11589655512835832,0.26188204022762,True,True,True,2.6151137033636473e-07,10,7.650951023048136,1.0005375171725488,0.9981641405474728
low_persistence,3000,60,known,0.9998642928209077,1.0,0.32244260725182244,2.244390773214073,0.7987227443791918,1.445668028834881,0.11511636915436466,0.2584094767897868,True,True,True,4.094658363484882e-07,10,0.4071215372768444,1.0029612080612007,1.000580851535514
low_persistence,3000,60,estimated,0.9998642928209077,0.9998642928209077,0.32244260725182244,2.244023602665107,0.7988472688872205,1.4452847430872728,0.11512487163411493,0.25843010325720095,True,True,True,4.097867147834222e-07,10,0.4071215372768444,1.0029612080612007,1.000580851535514
low_persistence,3000,61,known,0.9994468944125605,1.0,0.31824968623344274,2.1871133933009532,0.5866051468434091,1.6005082464575442,0.11533876187295587,0.26189435670158273,True,True,True,1.4474785814400093e-09,9,1.6593167623184524,1.0025846113301682,1.0001728937463576
low_persistence,3000,61,estimated,0.9994468944125605,0.9994468944125605,0.31824968623344274,2.185579404725437,0.5869736317626083,1.5989304313582362,0.11537358048237613,0.2619779649171762,True,True,True,1.4886186718854333e-06,8,1.6593167623184524,1.0025846113301682,1.0001728937463576
low_persistence,3000,62,known,0.9992620827582666,1.0,0.3270094425493367,2.3615494544219438,1.1481764332407047,1.2133730211812392,0.11581829527944329,0.2575964902825566,True,True,True,9.687402435787362e-08,10,2.2137517252003303,1.0023157481715133,0.9999686344051714
low_persistence,3000,62,estimated,0.9992620827582666,0.9992620827582666,0.3270094425493367,2.3596489359306676,1.1491646668279738,1.2113322575239371,0.11586446848544994,0.2577114023877802,True,True,True,9.020064961617891e-08,10,2.2137517252003303,1.0023157481715133,0.9999686344051714
low_persistence,3000,63,known,0.9992675776311265,1.0,0.30366763549910103,2.3053843483359002,0.718630459892391,1.5867538884435093,0.11451750788039146,0.2599474150003262,True,True,True,6.225295923201202e-08,10,2.197267106620493,1.002555967000895,1.000028439287677
low_persistence,3000,63,estimated,0.9992675776311265,0.9992675776311265,0.30366763549910103,2.3034440881282867,0.7192183606256608,1.5847524991180528,0.11456208521011511,0.26005609056429013,True,True,True,6.485604231443176e-08,10,2.197267106620493,1.002555967000895,1.000028439287677
low_persistence,3000,64,known,0.9987566438985794,1.0,0.32081007004677553,2.307438460283678,0.9288826316982899,1.3785558285853883,0.11634110065071121,0.2622293495297013,True,True,True,8.813054641620965e-07,10,3.730068304261702,1.0018693187107273,0.9994768490347616
low_persistence,3000,64,estimated,0.9987566438985794,0.9987566438985794,0.32081007004677553,2.3041525941046372,0.9302086632342007,1.375100511487463,0.11641916612788038,0.262421505280632,True,True,True,4.759833416301262e-09,9,3.730068304261702,1.0018693187107273,0.9994768490347616
low_persistence,3000,65,known,0.9975097347624878,1.0,0.34008018762019165,2.196967637141726,0.8400159758489021,1.3569516612928239,0.11627858282343992,0.259911199946972,True,True,True,6.998073391883963e-07,10,7.470795712536504,1.0004460346731232,0.9981891305891117
low_persistence,3000,65,estimated,0.9975097347624878,0.9975097347624878,0.34008018762019165,2.1900796413097057,0.842475307835818,1.3497023204464533,0.11643951757042763,0.26030038535322325,True,True,True,6.796977327638842e-07,10,7.470795712536504,1.0004460346731232,0.9981891305891117
low_persistence,3000,66,known,0.999662306758851,1.0,0.294814947171109,2.3801286497107856,0.8141664065016254,1.56596224320916,0.11538404879607383,0.2640253343269197,True,True,True,3.4268309567764277e-07,10,1.0130797234468858,1.003049439718356,1.0004460155307557
low_persistence,3000,66,estimated,0.999662306758851,0.999662306758851,0.294814947171109,2.3792609677394574,0.8144703213093076,1.5650656875527724,0.11540443285001153,0.264075881825012,True,True,True,3.4515647584498765e-07,10,1.0130797234468858,1.003049439718356,1.0004460155307557
low_persistence,3000,67,known,0.9977746669672288,1.0,0.3367417619658499,2.20775691150833,0.833985122392609,1.3737717891157208,0.11514802430175805,0.2563180801480581,True,True,True,4.5045445640212733e-07,10,6.675999098313512,1.000740077074631,0.9984607982591654
low_persistence,3000,67,estimated,0.9977746669672288,0.9977746669672288,0.3367417619658499,2.201628392499277,0.8361557751344828,1.367333342431743,0.1152895030308631,0.25665904251701194,True,True,True,1.0923530147088911e-06,9,6.675999098313512,1.000740077074631,0.9984607982591654
low_persistence,3000,68,known,0.9997888929581796,1.0,0.30110395248977906,2.1949334252742494,0.38767893915891066,1.8072544861153386,0.1141474284578604,0.26199389237056675,True,True,True,8.697767484022734e-07,7,0.633321125461106,1.003105280591955,1.0005562328030277
low_persistence,3000,68,estimated,0.9997888929581796,0.9997888929581796,0.30110395248977906,2.1943492674140814,0.38776925702890863,1.806661871205933,0.1141603767272517,0.2620247765421206,True,True,True,4.4147217136256706e-09,9,0.633321125461106,1.003105280591955,1.0005562328030277
low_persistence,3000,69,known,0.9973765535711658,1.0,0.3120646520015013,2.2013647246887347,0.5111411150310863,1.6902236096576482,0.11626612139396916,0.267527416953527,True,True,True,2.0989716631447664e-09,9,7.870339286502492,1.0005764591616049,0.9981169420089615
low_persistence,3000,69,estimated,0.9973765535711658,0.9973765535711658,0.3120646520015013,2.194094511467406,0.5126474412889224,1.6827919732775838,0.11643165738408547,0.2679270088259277,True,True,True,4.91778488154182e-07,8,7.870339286502492,1.0005764591616049,0.9981169420089615
low_persistence,3000,70,known,0.9992181203285788,1.0,0.32087661150659064,2.108497636378161,0.3997053969830679,1.7087922393950932,0.11525491331058628,0.2627342361105634,True,True,True,2.7509229383326783e-07,6,2.3456390142635453,1.0023301496529644,0.9999381761129559
low_persistence,3000,70,estimated,0.9992181203285788,0.9992181203285788,0.32087661150659064,2.106260003847055,0.40005990666616087,1.706512895889267,0.11530466122403184,0.2628519939636473,True,True,True,4.0789802954436816e-07,6,2.3456390142635453,1.0023301496529644,0.9999381761129559
low_persistence,3000,71,known,0.9991822095725588,1.0,0.332196614890711,2.101978436701479,0.5217555019688992,1.5802229347325796,0.11492652384479839,0.2582889550776679,True,True,True,3.98812487034661e-07,9,2.453371282323702,1.0021881927155434,0.9998777285809709
low_persistence,3000,71,estimated,0.9991822095725588,0.9991822095725588,0.332196614890711,2.0996339284268406,0.5222484195496635,1.577812598635431,0.1149789092835284,0.2584126523447036,True,True,True,1.32723219081754e-08,9,2.453371282323702,1.0021881927155434,0.9998777285809709
low_persistence,3000,72,known,0.9986516537967054,1.0,0.3067563308130118,2.1426247376556704,0.29776820874703747,1.8448565289086327,0.11518099588458927,0.26632004920514796,True,True,True,1.310042527791211e-07,9,4.045038609883811,1.0019069327403263,0.999404854422017
low_persistence,3000,72,estimated,0.9986516537967054,0.9986516537967054,0.3067563308130118,2.138809210450507,0.2982134578987912,1.8409978475354452,0.11526538074466788,0.26652074933651937,True,True,True,2.376445721985476e-06,9,4.045038609883811,1.0019069327403263,0.999404854422017
low_persistence,3000,73,known,0.9996061135303836,1.0,0.3367358654246478,2.040416167691621,0.4173406426483386,1.6230755250432827,0.11586380843332562,0.26190849719473924,True,True,True,2.692785783686702e-06,6,1.1816594088490673,1.0025715755647253,1.0002922568370827
low_persistence,3000,73,estimated,0.9996061135303836,0.9996061135303836,0.3367358654246478,2.0392607660273914,0.4175311874694606,1.6218940384433178,0.11588952533616637,0.26196889091941383,True,True,True,8.215039282282065e-10,10,1.1816594088490673,1.0025715755647253,1.0002922568370827
low_persistence,3000,74,known,0.9998867385824308,1.0,0.3108281750855417,2.2212287323866358,0.5923520247219667,1.628876707664669,0.11413653071636913,0.2585393168353639,True,True,True,4.912526529271236e-07,8,0.3397842527075312,1.0030993734223812,1.0006300722912334
low_persistence,3000,74,estimated,0.9998867385824308,0.9998867385824308,0.3108281750855417,2.22091891387796,0.5924274642089962,1.6285585488433671,0.11414350654884556,0.25855606577088647,True,True,True,5.657135295884042e-07,8,0.3397842527075312,1.0030993734223812,1.0006300722912334
low_persistence,3000,75,known,0.9995270311707456,1.0,0.32666661346246206,2.0951272070089773,0.4413690994039513,1.6537581076050258,0.11432986282230885,0.25791551546120284,True,True,True,1.208946699415847e-06,9,1.4189064877632163,1.00258390133551,1.0002343243273302
low_persistence,3000,75,estimated,0.9995270311707456,0.9995270311707456,0.32666661346246206,2.0937679635269424,0.4416081399643798,1.6523686904475108,0.11435989881572217,0.2579862184390737,True,True,True,5.2631756528859085e-09,7,1.4189064877632163,1.00258390133551,1.0002343243273302
low_persistence,3000,76,known,0.9991040657300247,1.0,0.30867980626408464,2.407481606698509,1.0552936443470164,1.3521879623514927,0.11728134866323074,0.2668547164545084,True,True,True,1.3153352860229006e-06,10,2.6878028099257545,1.002339060064781,0.9998525729387826
low_persistence,3000,76,estimated,0.9991040657300247,0.9991040657300247,0.30867980626408464,2.4052091463265084,1.0563641921197138,1.3497913870880895,0.11733689812001204,0.2669943480576777,True,True,True,1.2879568531687369e-06,10,2.6878028099257545,1.002339060064781,0.9998525729387826
low_persistence,3000,77,known,0.9950314591983521,1.0,0.31430990665948283,2.4459148010867686,1.1568423630481475,1.2890724380386211,0.11675991409867359,0.26382420602261086,True,True,True,9.096249238282894e-07,9,14.905622404943642,0.9982085064480903,0.9957665587141207
low_persistence,3000,77,estimated,0.9950314591983521,0.9950314591983521,0.31430990665948283,2.4334175917617955,1.1634073880411513,1.2757906407970652,0.11706631560373355,0.26459719354652506,True,True,True,4.464413874138984e-07,10,14.905622404943642,0.9982085064480903,0.9957665587141207
low_persistence,3000,78,known,0.9978257098252489,1.0,0.31619546918606556,2.395586115474515,1.0922274405020342,1.3033586749724808,0.11700824252559906,0.2644284129672285,True,True,True,8.443865979756993e-07,10,6.522870524253377,1.0009838114485532,0.9985564257358259
low_persistence,3000,78,estimated,0.9978257098252489,0.9978257098252489,0.31619546918606556,2.3900356905631064,1.0949469443434736,1.2974694786025924,0.1171438157584077,0.26476822590787535,True,True,True,7.757346871528625e-07,10,6.522870524253377,1.0009838114485532,0.9985564257358259
low_persistence,3000,79,known,0.9996291859462462,1.0,0.32696249655195325,2.070877081831289,0.3802636868510297,1.6906133949802595,0.11523349276319074,0.2616188184289606,True,True,True,1.2427324778130355e-06,9,1.1124421612614954,1.0026832898115172,1.000335839041397
low_persistence,3000,79,estimated,0.9996291859462462,0.9996291859462462,0.32696249655195325,2.069801543030647,0.38042498396625424,1.6895176259948468,0.11525731694161234,0.26167488840167397,True,True,True,1.2415776009522261e-06,9,1.1124421612614954,1.0026832898115172,1.000335839041397
low_persistence,3000,80,known,0.9998716352427256,1.0,0.30676075026899513,2.205750146410193,0.4965652418884775,1.7091849045217156,0.11496314095675877,0.26319053732754516,True,True,True,2.5657977964499423e-09,9,0.3850942718232053,1.0031268672880325,1.000624825016789
low_persistence,3000,80,estimated,0.9998716352427256,0.9998716352427256,0.30676075026899513,2.2053966728939254,0.49663628742355953,1.7088241360668548,0.1149710919570562,0.263209626921118,True,True,True,5.8059424823397876e-08,8,0.3850942718232053,1.0031268672880325,1.000624825016789
low_persistence,3000,81,known,0.9991924755186551,1.0,0.3045957647236783,2.475380843279669,1.1838774661314093,1.2915033771482598,0.11669999827942253,0.26407060210294386,True,True,True,5.382840200240935e-07,10,2.422573444034737,1.0024708448860817,0.999951018764968
low_persistence,3000,81,estimated,0.9991924755186551,0.9991924755186551,0.3045957647236783,2.4733902850881995,1.1849563048108458,1.2893908615028122,0.11674915292957753,0.26419523130728306,True,True,True,5.167386589732814e-07,10,2.422573444034737,1.0024708448860817,0.999951018764968
low_persistence,3000,82,known,0.99992627295385,1.0,0.30157116304686576,2.2643694360123656,0.5904926841875343,1.6738767518248314,0.11425816644909331,0.2605964276596781,True,True,True,5.389309123415842e-07,9,0.22118113845015497,1.0032375226583279,1.0006924239937978
low_persistence,3000,82,estimated,0.99992627295385,0.99992627295385,0.30157116304686576,2.264171053381181,0.5905409956771003,1.6736735965473224,0.11426265371776545,0.26060727739169626,True,True,True,5.376344631713437e-07,9,0.22118113845015497,1.0032375226583279,1.0006924239937978
low_persistence,3000,83,known,0.9985199814759816,1.0,0.31904632732008525,2.2983430326318186,0.880490329090798,1.4178527035410204,0.11659823291875161,0.263980038723975,True,True,True,9.309623345554741e-07,10,4.440055572055068,1.0016498636874642,0.999244168029475
low_persistence,3000,83,estimated,0.9985199814759816,0.9985199814759816,0.31904632732008525,2.2944139517634166,0.8819819455201962,1.41373735586044,0.11669142933823315,0.2642093611228266,True,True,True,1.5496552177030054e-06,9,4.440055572055068,1.0016498636874642,0.999244168029475
low_persistence,3000,84,known,0.999906375782767,1.0,0.33909737967874487,2.190197033413767,0.848593684944552,1.3416033484692147,0.11512117100630191,0.2551598185096265,True,True,True,3.9635754500721987e-07,10,0.28087265169907116,1.002851185988803,1.0005877407063342
low_persistence,3000,84,estimated,0.999906375782767,0.999906375782767,0.33909737967874487,2.1899386251257518,0.8486870103265816,1.3413310724561878,0.11512714720331764,0.2551741853529007,True,True,True,3.954346095014216e-07,10,0.28087265169907116,1.002851185988803,1.0005877407063342
low_persistence,3000,85,known,0.9992778266054366,1.0,0.3040080653177535,2.479480171422199,1.1846174822601385,1.2948626891620605,0.11475789680340491,0.2566033961620376,False,True,True,8.879478219370185e-08,10,2.166520183690124,1.0025625336196216,1.000037836245132
low_persistence,3000,85,estimated,0.9992778266054366,0.9992778266054366,0.3040080653177535,2.4777030458057023,1.1855833133325677,1.2929759291990615,0.11480097273480896,0.2567119045654084,False,True,True,8.363445003212178e-08,10,2.166520183690124,1.0025625336196216,1.000037836245132
low_persistence,3000,86,known,0.9998837626238197,1.0,0.3188686212119308,2.2408694726028,0.7471388663175037,1.4937306062852962,0.11613111718391804,0.2631112079902804,True,True,True,2.810668648933756e-07,10,0.3487121285408179,1.003015389124799,1.0006083527679
low_persistence,3000,86,estimated,0.9998837626238197,0.9998837626238197,0.3188686212119308,2.240554346468842,0.7472378858947109,1.49340331754537,0.11613844021936112,0.2631290068834549,True,True,True,1.87315750326633e-08,10,0.3487121285408179,1.003015389124799,1.0006083527679
low_persistence,3000,87,known,0.9995482305911034,1.0,0.3178950631542341,2.2966143667769194,0.876867065903998,1.4197473008729216,0.11529423378786247,0.2589067200875739,True,True,True,1.1471119165662458e-07,9,1.355308226689722,1.0026894477418509,1.0002750398025901
low_persistence,3000,87,estimated,0.9995482305911034,0.9995482305911034,0.3178950631542341,2.2954162320329945,0.8773191079631478,1.418493470004665,0.11532221933912173,0.25897507057026237,True,True,True,3.236662271532964e-07,9,1.355308226689722,1.0026894477418509,1.0002750398025901
low_persistence,3000,88,known,0.9998885368655118,1.0,0.3127428099847707,2.324027531592022,0.89336823234276,1.4306592992492622,0.11494827086287847,0.25853195662563755,True,True,True,5.339299935513964e-07,10,0.33438940346453006,1.0030815037144272,1.0006273198296922
low_persistence,3000,88,estimated,0.9998885368655118,0.9998885368655118,0.3127428099847707,2.3237353421604663,0.8934813848625711,1.430353547533659,0.11495512104266056,0.2585487828412304,True,True,True,5.331769941108178e-07,10,0.33438940346453006,1.0030815037144272,1.0006273198296922
low_persistence,3000,89,known,0.9984315327691243,1.0,0.29980333369534146,2.4699301853735647,1.0983742669132015,1.3715559184603632,0.11621215626926167,0.2638813740256041,True,True,True,8.104294710875593e-07,10,4.705401692627009,1.0017623076881677,0.99920220151833
low_persistence,3000,89,estimated,0.9984315327691243,0.9984315327691243,0.29980333369534146,2.4660439252412205,1.100302675615317,1.367467038316651,0.11630691687104076,0.2641208414513529,True,True,True,7.702656685815157e-07,10,4.705401692627009,1.0017623076881677,0.99920220151833
low_persistence,3000,90,known,0.9999868250669176,1.0,0.3399500306148537,2.3788111587092486,1.3398660068641164,1.0389451518451323,0.1156310022878492,0.25315059348080704,True,False,True,9.026026481784299e-07,9,0.03952479924718144,1.0029242492016115,1.0006664810144954
low_persistence,3000,90,estimated,0.9999868250669176,0.9999868250669176,0.3399500306148537,2.3787776291382423,1.339887010517579,1.038908271542365,0.11563183030066937,0.2531526600370122,True,False,True,3.769319008029015e-07,10,0.03952479924718144,1.0029242492016115,1.0006664810144954
low_persistence,3000,91,known,0.9990889256375324,1.0,0.3230059808062438,2.0344521931064126,0.21802608118396002,1.8164261119224525,0.11494502400318293,0.2629073790815892,True,False,True,6.33356149304376e-07,10,2.7332230874028696,1.002180439367481,0.9998042345603267
low_persistence,3000,91,estimated,0.9990889256375324,0.9990889256375324,0.3230059808062438,2.031768759856714,0.2182510309661326,1.813716571809477,0.1150034358622625,0.2630437214342703,True,False,True,5.573795833768713e-07,9,2.7332230874028696,1.002180439367481,0.9998042345603267
low_persistence,3000,92,known,0.9985949632742269,1.0,0.304822515173192,2.3308622314859733,0.7935274655353983,1.5373347659505747,0.11635808705700394,0.2664591525091794,True,True,True,3.794534357837165e-07,10,4.215110177319237,1.0018708939381762,0.9993529422576868
low_persistence,3000,92,estimated,0.9985949632742269,0.9985949632742269,0.304822515173192,2.327174801303557,0.7947768220874356,1.5335146698399476,0.11644501092480554,0.2666739676046563,True,True,True,1.078316547165059e-09,9,4.215110177319237,1.0018708939381762,0.9993529422576868
low_persistence,3000,93,known,0.9999202472538694,1.0,0.32138434551282535,2.2213947648133563,0.7251061708814469,1.4962885939319095,0.11523133461618497,0.25938988688339815,True,True,True,1.773905236035489e-07,10,0.23925823839177074,1.0030273600876467,1.0006391654694344
low_persistence,3000,93,estimated,0.9999202472538694,0.9999202472538694,0.32138434551282535,2.2211768947811956,0.7251722819077313,1.4960624473543642,0.11523633497628623,0.2594019468732871,True,True,True,1.7790593354050088e-07,10,0.23925823839177074,1.0030273600876467,1.0006391654694344
low_persistence,3000,94,known,0.9984896539577861,1.0,0.31477793539736176,2.3528571236521754,0.9721231449218971,1.3807339787302781,0.11561393666398023,0.2602993213925606,True,True,True,6.652016109054415e-07,10,4.531038126641684,1.0016619774030664,0.9992236604881198
low_persistence,3000,94,estimated,0.9984896539577861,0.9984896539577861,0.31477793539736176,2.3489351028415997,0.9737982844805144,1.3766075907459652,0.11570721145016759,0.2605301816027468,True,True,True,6.399575134263813e-07,10,4.531038126641684,1.0016619774030664,0.9992236604881198
low_persistence,3000,95,known,0.9985094447157452,1.0,0.32290982091252074,2.2014745449934416,0.6680402935360286,1.5334342514574129,0.1172228639956805,0.26735190227390443,True,True,True,3.6424051330641305e-08,10,4.471665852764373,1.0016018790731025,0.9992249666516644
low_persistence,3000,95,estimated,0.9985094447157452,0.9985094447157452,0.32290982091252074,2.1973585193505123,0.6691794030656818,1.5291765651801845,0.1173185424201062,0.26758385903077303,True,True,True,4.244378715156927e-08,10,4.471665852764373,1.0016018790731025,0.9992249666516644
low_persistence,3000,96,known,0.9994448301474683,1.0,0.3164799274787235,2.274059764554366,0.799894813688686,1.4741649508656798,0.11585920952124942,0.26233541301161306,True,True,True,4.847139827290903e-07,10,1.6655095575950352,1.0026000932078252,1.0001748892764226
low_persistence,3000,96,estimated,0.9994448301474683,0.9994448301474683,0.3164799274787235,2.272573188327606,0.8004001935821884,1.472617352802855,0.11589390176945785,0.2624201762435726,True,True,True,4.88540857546127e-07,10,1.6655095575950352,1.0026000932078252,1.0001748892764226
low_persistence,3000,97,known,0.9997185951970646,1.0,0.3346306215891953,2.30966398482554,1.1055907109827448,1.2040732738427948,0.11569264047050759,0.2560447107507996,True,True,True,7.640869892355795e-08,10,0.8442144088061099,1.002702713685013,1.000409055200663
low_persistence,3000,97,estimated,0.9997185951970646,0.9997185951970646,0.3346306215891953,2.3089244401112223,1.1059559913453743,1.2032796700936477,0.11571037975594896,0.256088368258493,True,True,True,7.420069714214605e-08,10,0.8442144088061099,1.002702713685013,1.000409055200663
low_persistence,3000,98,known,0.9974061168332059,1.0,0.32102259110679654,2.302957354504869,0.8988553890472368,1.4041019654576326,0.11714616875543699,0.26581331270184044,True,True,True,1.1623795757031985e-06,10,7.781649500382293,1.0005167310148284,0.9981258451843791
low_persistence,3000,98,estimated,0.9974061168332059,0.9974061168332059,0.32102259110679654,2.2960692576892363,0.901528886599874,1.3968788316926921,0.11731037131829533,0.26621829704400907,True,True,True,1.1463584819182415e-06,10,7.781649500382293,1.0005167310148284,0.9981258451843791
low_persistence,3000,99,known,0.9999387026426545,1.0,0.30731753058417344,2.313396129000453,0.8004293202572278,1.512966808743225,0.11664684562696863,0.2666671806354639,True,True,True,1.2494243239685963e-08,10,0.1838920720365067,1.0031880370448274,1.0006905278305878
low_persistence,3000,99,estimated,0.9999387026426545,0.9999387026426545,0.30731753058417344,2.3132346013852323,0.8004844436559393,1.5127992253102853,0.1166506572073811,0.2666765772228074,True,True,True,4.882461572819352e-07,10,0.1838920720365067,1.0031880370448274,1.0006905278305878
low_persistence,3000,100,known,0.9992350586580536,1.0,0.3237206067260385,2.290299814127163,0.9236475962067816,1.3666522179203815,0.11482080751087385,0.2559952432631604,True,True,True,3.9210188873539664e-07,10,2.2948240258391372,1.0023197477503458,0.9999487885083815
low_persistence,3000,100,estimated,0.9992350586580536,0.9992350586580536,0.3237206067260385,2.288266769376539,0.924462701827093,1.364511227289161,0.1148683575128757,0.25611130677306404,True,True,True,3.8287720016683124e-07,10,2.2948240258391372,1.0023197477503458,0.9999487885083815
low_persistence,3000,101,known,0.9999717212880297,1.0,0.31007194727638787,2.1467706456075253,0.3778532798756274,1.768917365731898,0.11488980030299169,0.2633317995309492,True,True,True,6.066287294714812e-08,7,0.0848361359109262,1.0031921913540556,1.0007168678974412
low_persistence,3000,101,estimated,0.9999717212880297,0.9999717212880297,0.31007194727638787,2.14669098221313,0.377865217941521,1.7688364498132707,0.11489156957096203,0.263336004875306,True,True,True,5.403840752649103e-08,7,0.0848361359109262,1.0031921913540556,1.0007168678974412
low_persistence,3000,102,known,0.999599281064049,1.0,0.32862104946243065,2.310434633355894,1.0387101224085433,1.2717245109473505,0.11576283147081522,0.25765113029889225,True,True,True,2.8125041540150164e-07,10,1.20215680785285,1.0026379708441209,1.000302367675709
low_persistence,3000,102,estimated,0.999599281064049,0.999599281064049,0.32862104946243065,2.3093807075723456,1.0391952386107228,1.2706018941718842,0.11578805751883159,0.2577132418325692,True,True,True,2.745174318974364e-07,10,1.20215680785285,1.0026379708441209,1.000302367675709
low_persistence,3000,103,known,0.9994798966305886,1.0,0.30499705765663127,2.415020832692612,1.0344964796048446,1.3805243530877673,0.11590574496967133,0.2623681059596728,True,True,True,7.796490280043145e-07,10,1.5603101082343196,1.002753952558178,1.0002374418408992
low_persistence,3000,103,estimated,0.9994798966305886,0.9994798966305886,0.30499705765663127,2.413705579756771,1.0351017752357559,1.3791421644419988,0.1159373614895432,0.2624471806758339,True,True,True,7.684216623005113e-07,10,1.5603101082343196,1.002753952558178,1.0002374418408992
low_persistence,3000,104,known,0.99945507869683,1.0,0.3148274003822301,2.282626995605696,0.8018448618844343,1.4807821337212617,0.11537301876027727,0.2606212603071215,True,True,True,4.19151301223053e-07,10,1.6347639095098954,1.0026269037136666,1.000188969901681
low_persistence,3000,104,estimated,0.99945507869683,0.99945507869683,0.3148274003822301,2.281172730964191,0.802341285987495,1.4792686578358434,0.11540684891720811,0.26070383952115034,True,True,True,4.218877087680539e-07,10,1.6347639095098954,1.0026269037136666,1.000188969901681
low_persistence,3000,105,known,0.9997433501895024,1.0,0.3199746808663716,2.216097905143005,0.690177530316883,1.5259203748261219,0.11395867237402003,0.25534397865254904,True,True,True,6.207775538058513e-08,10,0.7699494314926669,1.0028641515660808,1.0004654356356417
low_persistence,3000,105,estimated,0.9997433501895024,0.9997433501895024,0.3199746808663716,2.2153949029317364,0.6903796737394701,1.525192415004703,0.11397457594979855,0.25538211526764903,True,True,True,6.290791798591044e-08,10,0.7699494314926669,1.0028641515660808,1.0004654356356417
low_persistence,3000,106,known,0.9999678550627537,1.0,0.3178088936184157,2.2290005701469093,0.7030391123217159,1.5259614578251934,0.11545299795635806,0.26108834961616134,True,True,True,1.620082774600462e-06,10,0.09643481173904345,1.0031099239115788,1.0006948613386197
low_persistence,3000,106,estimated,0.9999678550627537,0.9999678550627537,0.3178088936184157,2.228913008143877,0.703064814483929,1.5258707936342897,0.11545501013610966,0.26109321367313726,True,True,True,9.86991870455256e-08,10,0.09643481173904345,1.0031099239115788,1.0006948613386197
low_persistence,3000,107,known,0.9999850330737446,1.0,0.31680498828605363,2.069123769053108,0.24975206293640656,1.8193717061167016,0.11490158413797359,0.2632991322610257,True,True,True,1.9822778973832555e-07,11,0.04490077876606602,1.0031370586460704,1.0007143431185033
low_persistence,3000,107,estimated,0.9999850330737446,0.9999850330737446,0.31680498828605363,2.06908033439311,0.2497562644576348,1.8193278080190671,0.11490253448481898,0.26330136207931604,True,True,True,1.982521151688843e-07,11,0.04490077876606602,1.0031370586460704,1.0007143431185033
low_persistence,3000,108,known,0.9993873858811778,1.0,0.2941731163159082,2.4613617813556194,1.020598272166067,1.4407635091895528,0.11612993506755961,0.2651128268357684,True,True,True,1.06166325331003e-06,10,1.837842356466557,1.0027819089328547,1.0001728045594045
low_persistence,3000,108,estimated,0.9993873858811778,0.9993873858811778,0.2941731163159082,2.4598395793564896,1.0212909934342103,1.4391742432042829,0.11616673279131837,0.2652055893966308,True,True,True,1.051071913948931e-06,10,1.837842356466557,1.0027819089328547,1.0001728045594045
low_persistence,3000,109,known,0.9992182453614866,1.0,0.3314663028926955,2.20457921903315,0.7885781798296971,1.416001039203453,0.11540292574470713,0.2580391745641868,True,True,True,4.350967430788444e-07,10,2.34526391554013,1.002230851517236,0.999915296790758
low_persistence,3000,109,estimated,0.9992182453614866,0.9992182453614866,0.3314663028926955,2.2024287402795917,0.7892940043016105,1.4137517702269946,0.11545257958549347,0.2581588569052353,True,True,True,2.2416054878959812e-07,9,2.34526391554013,1.002230851517236,0.999915296790758
low_persistence,3000,110,known,0.9995639618089561,1.0,0.33019244830496153,2.2159464914569162,0.8098599938665575,1.4060864975903589,0.11596088561387471,0.2600148945497537,True,True,True,1.74195517388398e-06,9,1.3081145731316246,1.002588190344903,1.0002637024037901
low_persistence,3000,110,estimated,0.9995639618089561,0.9995639618089561,0.33019244830496153,2.2147532915590666,0.8102694571699247,1.4048371428175042,0.11598865857819053,0.26008210636234097,True,True,True,5.813045813596318e-07,10,1.3081145731316246,1.002588190344903,1.0002637024037901
low_persistence,3000,111,known,0.9988927849280247,1.0,0.3031921962126067,2.3834730352573334,0.9187532728108698,1.4647197624464634,0.11619106460426244,0.2647739373265751,True,True,True,6.555342935143926e-09,9,3.321645215925928,1.0021863308602483,0.9996548397007822
low_persistence,3000,111,estimated,0.9988927849280247,0.9988927849280247,0.3031921962126067,2.380631056320912,0.9198924739965988,1.461757101136119,0.11625880117304337,0.26494252640957033,True,True,True,9.945623606312923e-09,10,3.321645215925928,1.0021863308602483,0.9996548397007822
low_persistence,3000,112,known,0.9977123980666042,1.0,0.3335904652863999,2.1370091277120724,0.6083925884710663,1.5286165392410063,0.11552326847083307,0.2598889135274987,True,True,True,1.1770933490140578e-06,9,6.862805800187499,1.0007058212259283,0.9984050109684396
low_persistence,3000,112,estimated,0.9977123980666042,0.9977123980666042,0.3335904652863999,2.1305227827457207,0.6100062181474388,1.5219120160022992,0.11567024218902605,0.2602390201695216,True,True,True,1.5791947802767936e-06,9,6.862805800187499,1.0007058212259283,0.9984050109684396
low_persistence,3000,113,known,0.9989977039276869,1.0,0.3283988546329857,2.3289406524902607,1.0754724447346136,1.2534682077556472,0.1160301009968766,0.2586144440431569,True,True,True,2.638695253409651e-07,10,3.006888216939174,1.0020384496867853,0.9997012662481002
low_persistence,3000,113,estimated,0.9989977039276869,0.9989977039276869,0.3283988546329857,2.3263207319864843,1.076726480737269,1.2506734499718137,0.11609303674656514,0.2587698912289295,True,True,True,1.1829269119800756e-08,9,3.006888216939174,1.0020384496867853,0.9997012662481002
low_persistence,3000,114,known,0.9991046412968585,1.0,0.344979407239321,2.038727497325133,0.5019390465630249,1.536788450762108,0.11520187634486473,0.25757204868103756,True,True,True,1.2097089552298712e-08,9,2.6860761094245067,1.001999241390554,0.9997743886943499
low_persistence,3000,114,estimated,0.9991046412968585,0.9991046412968585,0.344979407239321,2.0360982749690435,0.5024666878633522,1.5340814750277085,0.11526039668619678,0.25770915656934096,True,True,True,1.286216511076077e-08,9,2.6860761094245067,1.001999241390554,0.9997743886943499
low_persistence,3000,115,known,0.9996215582321946,1.0,0.31248093198142907,2.40493937033641,1.0994252699587028,1.305514100377707,0.1160339765989189,0.26083760608626533,True,True,True,4.4541077670601226e-07,10,1.1353253034163124,1.002817200981293,1.000360960341378
low_persistence,3000,115,estimated,0.9996215582321946,0.9996215582321946,0.31248093198142907,2.403980256032199,1.0998997011725669,1.3044968028469524,0.11605723937480365,0.2608957893658013,True,True,True,4.37175339484952e-07,10,1.1353253034163124,1.002817200981293,1.000360960341378
low_persistence,3000,116,known,0.9986113496053974,1.0,0.32182075265481247,2.25135171549475,0.7891997624642713,1.4621519530304787,0.11547066267378862,0.26005949331923245,True,True,True,2.141149479939486e-10,9,4.165951183807692,1.0017142490184414,0.9993292929272021
low_persistence,3000,116,estimated,0.9986113496053974,0.9986113496053974,0.32182075265481247,2.2475943773945333,0.7904555368122738,1.4582365069753698,0.11555773322669372,0.26027093674134644,True,True,True,4.207633210739914e-07,10,4.165951183807692,1.0017142490184414,0.9993292929272021
low_persistence,3000,117,known,0.9998260446686621,1.0,0.34420491678742804,2.0370219750266387,0.5003088132961406,1.536713161730498,0.11400825927888462,0.2533286577000802,True,True,True,4.777949198150728e-10,10,0.5218659940137149,1.002727157859717,1.0004972990549825
low_persistence,3000,117,estimated,0.9998260446686621,0.9998260446686621,0.34420491678742804,2.036511549156983,0.5004109788790789,1.53618761943554,0.11401950497757886,0.2533548804732154,True,True,True,1.5682886100876203e-08,9,0.5218659940137149,1.002727157859717,1.0004972990549825
low_persistence,3000,118,known,0.9984504026014616,1.0,0.3068396244233966,2.4692605518330044,1.1822448127097653,1.2870157391232393,0.11650004484333382,0.2630072502271409,True,True,True,4.336061003584746e-07,10,4.648792195615314,1.0017047978784552,0.9992033987655679
low_persistence,3000,118,estimated,0.9984504026014616,0.9984504026014616,0.3068396244233966,2.465426583170406,1.1843203982091597,1.2829414047693473,0.11659455631295265,0.2632465143318572,True,True,True,5.174042705391457e-08,9,4.648792195615314,1.0017047978784552,0.9992033987655679
low_persistence,3000,119,known,0.9991511887927632,1.0,0.3404431846765692,2.1830713989010975,0.8332724267076451,1.3497989721934525,0.11514737464093358,0.2554431830384085,True,True,True,4.1574555709189553e-07,10,2.5464336217103645,1.002084357877839,0.9998298602145634
low_persistence,3000,119,estimated,0.9991511887927632,0.9991511887927632,0.3404431846765692,2.180718392417981,0.8341043628596571,1.3473220266895243,0.11520168490694735,0.2555736471198864,True,True,True,4.0858676353394685e-07,10,2.5464336217103645,1.002084357877839,0.9998298602145634
low_persistence,3000,120,known,0.9976101507228508,1.0,0.33793385717637214,2.1755249696203154,0.760433360300516,1.4150916093197994,0.11527630200476167,0.25732473107614107,True,True,True,4.920399714336554e-07,9,7.169547831447742,1.0005651000518754,0.998293861618578
low_persistence,3000,120,estimated,0.9976101507228508,0.9976101507228508,0.33793385717637214,2.168855287004935,0.7625601687357677,1.4081175221372033,0.11542933150546837,0.25769195201902134,True,True,True,3.7059988544640987e-07,10,7.169547831447742,1.0005651000518754,0.998293861618578
low_persistence,3000,121,known,0.9998711280092158,1.0,0.2911705678545125,2.4170062970824393,0.8701397111627349,1.5468665859197046,0.11557557433591334,0.2649464862745187,True,True,True,2.236697937973986e-09,9,0.3866159723524554,1.0033006553542219,1.000664645918286
low_persistence,3000,121,estimated,0.9998711280092158,0.9998711280092158,0.2911705678545125,2.4166801986169633,0.8702631537320867,1.5465291974300042,0.11558330703823792,0.2649658033401203,True,True,True,5.986321109929804e-07,10,0.3866159723524554,1.0033006553542219,1.000664645918286
low_persistence,3000,122,known,0.9998871651771873,1.0,0.3291417036717786,2.215407985709209,0.8012953537020974,1.4141126320071113,0.1155914397246587,0.2588773111325267,True,True,True,4.949441443358182e-07,10,0.33850446843797233,1.0029210481928559,1.0005891396082884
low_persistence,3000,122,estimated,0.9998871651771873,0.9998871651771873,0.3291417036717786,2.215099325977047,0.8014000658985566,1.4137896859129282,0.11559859725879645,0.25889461082947623,True,True,True,9.8540285886628e-07,9,0.33850446843797233,1.0029210481928559,1.0005891396082884
low_persistence,3000,123,known,0.9990822118587724,1.0,0.2863175977867661,2.3491784625005376,0.6030749621959202,1.7461035003046173,0.11531161390446311,0.26740199144992394,True,True,True,6.93554462749546e-08,9,2.7533644236826804,1.0025698683361843,0.999889179582631
low_persistence,3000,123,estimated,0.9990822118587724,0.9990822118587724,0.2863175977867661,2.346783919521278,0.6036752964858833,1.7436626690636619,0.11536669854469965,0.2675374886738315,True,True,True,6.698534438243087e-08,9,2.7533644236826804,1.0025698683361843,0.999889179582631
low_persistence,3000,124,known,0.9991634733082152,1.0,0.3233531531960431,2.062541053262615,0.3028758277841215,1.759665225478494,0.1147403530387199,0.2614400665860573,True,True,True,1.185416675042461e-06,9,2.5095800753544006,1.0022516677935573,0.9998780142301235
low_persistence,3000,124,estimated,0.9991634733082152,0.9991634733082152,0.3233531531960431,2.060104013078567,0.3031635433937028,1.7571940740808891,0.11479373612699874,0.26156523965769135,True,True,True,5.850442441612813e-07,8,2.5095800753544006,1.0022516677935573,0.9998780142301235
low_persistence,3000,125,known,0.9988537286574468,1.0,0.30695480410559967,2.230365220245948,0.5498135426452408,1.6805516776007072,0.11584424894080106,0.2661090743585471,True,True,True,7.732436912988305e-09,9,3.4388140276595536,1.002106902776769,0.9996064422722732
low_persistence,3000,125,estimated,0.9988537286574468,0.9988537286574468,0.30695480410559967,2.227233255778592,0.5505172280828953,1.6773470698178299,0.11591569972363507,0.2662820078810855,True,True,True,8.036575849246219e-09,9,3.4388140276595536,1.002106902776769,0.9996064422722732
low_persistence,3000,126,known,0.9996505800688131,1.0,0.31404537274717376,2.3049828908844803,0.8553857374126048,1.4495971534718755,0.11549911999980633,0.2607780853400575,True,True,True,6.025862884229127e-07,10,1.048259793560602,1.0028303034819708,1.000386298790492
low_persistence,3000,126,estimated,0.9996505800688131,0.9996505800688131,0.31404537274717376,2.304059400540057,0.8557257622771219,1.448632645899905,0.1155207985189281,0.26083129329885674,True,True,True,1.3371996843147826e-09,9,1.048259793560602,1.0028303034819708,1.000386298790492
low_persistence,3000,127,known,0.9972674799144323,1.0,0.36503997293601864,2.128859959766529,0.924924959017631,1.203935000748898,0.11459048653484864,0.24935458884063771,True,True,True,1.2236568220913568e-06,9,8.19756025670304,1.0000030088935916,0.9979004217216769
low_persistence,3000,127,estimated,0.9972674799144323,0.9972674799144323,0.36503997293601864,2.121110187859555,0.9279970964545174,1.195648862110448,0.11476890515693437,0.24977897091519832,True,True,True,1.2218845988343219e-06,9,8.19756025670304,1.0000030088935916,0.9979004217216769
low_persistence,3000,128,known,0.9984482003362831,1.0,0.3276511790589276,2.1534866912463158,0.5937226700834216,1.5597640211628943,0.11479454335448576,0.2582446666686785,True,True,True,3.0872474177101594e-07,8,4.655398991150639,1.0014958848506075,0.9991533681334821
low_persistence,3000,128,estimated,0.9984482003362831,0.9984482003362831,0.3276511790589276,2.1491195372227274,0.5947823544598889,1.5552601658204739,0.1148928760764164,0.258478810975257,True,True,True,3.410390476688008e-07,9,4.655398991150639,1.0014958848506075,0.9991533681334821
low_persistence,3000,129,known,0.9974631272933709,1.0,0.3016654569142977,2.334530949585582,0.7430121273043951,1.591518822281187,0.11534733171497664,0.26389724413083343,True,True,True,1.0553008245040019e-07,10,7.610618119887169,1.0007733419753313,0.9982290388516581
low_persistence,3000,129,estimated,0.9974631272933709,0.9974631272933709,0.3016654569142977,2.3278633336016785,0.7451118680736121,1.5846417194895677,0.11550224648509458,0.264278412466919,True,True,True,1.1971613567141048e-07,10,7.610618119887169,1.0007733419753313,0.9982290388516581
low_persistence,3000,130,known,0.9991666212297122,1.0,0.3348305635980704,2.08027938073027,0.49445681030056954,1.5858225704297004,0.1137601667252488,0.2540422030419439,True,True,True,1.1430994799610517e-06,8,2.500136310863321,1.0021489577696845,0.9998566689293721
low_persistence,3000,130,estimated,0.9991666212297122,0.9991666212297122,0.3348305635980704,2.0778700914586734,0.4949343831415251,1.583348176124744,0.11381323386434032,0.2541665284726383,True,True,True,1.2643516074106742e-06,8,2.500136310863321,1.0021489577696845,0.9998566689293721
low_persistence,3000,131,known,0.9994176354985161,1.0,0.3043515093706388,2.3329797388455353,0.8066750742707948,1.5263046645747405,0.11619733224796473,0.2655735984627275,True,True,True,4.50162156884204e-07,10,1.747093504451569,1.0026986359002652,1.0001767875088492
low_persistence,3000,131,estimated,0.9994176354985161,0.9994176354985161,0.3043515093706388,2.3314550282368733,0.8072006080170325,1.524724505199526,0.1162332011748619,0.2656621173752234,True,True,True,4.558936299581262e-07,10,1.747093504451569,1.0026986359002652,1.0001767875088492
low_persistence,3000,132,known,0.998663397916325,1.0,0.3165404815134207,2.1503236916177513,0.4497565508977495,1.7005671407200018,0.11505928482832267,0.26237723497830623,True,True,True,3.2320439657951283e-09,7,4.009806251025094,1.0018180573764472,0.9993933173853357
low_persistence,3000,132,estimated,0.998663397916325,0.998663397916325,0.3165404815134207,2.1465555144838038,0.4504357464998295,1.6967218213413076,0.11514355098660381,0.2625779170732758,True,True,True,2.66323319849959e-08,7,4.009806251025094,1.0018180573764472,0.9993933173853357
low_persistence,3000,133,known,0.9984538908775819,1.0,0.29424356295733006,2.397373816184299,0.834753764271172,1.5626200519131268,0.11635838498780603,0.2680742207011903,True,True,True,3.590357788851861e-09,9,4.638327367254447,1.0018476012258446,0.9992391215139447
low_persistence,3000,133,estimated,0.9984538908775819,0.9984538908775819,0.29424356295733006,2.3934183929910526,0.8361769543284342,1.5585342594796612,0.11645218481863488,0.26830826356644133,True,True,True,5.326361525170853e-07,10,4.638327367254447,1.0018476012258446,0.9992391215139447
low_persistence,3000,134,known,0.9989962492606524,1.0,0.3291429271403566,2.2956349255766297,0.9984240337152238,1.297210891861406,0.11606949734687852,0.25946294474763343,True,True,True,9.33258649471469e-07,9,3.0112522180426593,1.0020301209989693,0.9996982210824201
low_persistence,3000,134,estimated,0.9989962492606524,0.9989962492606524,0.3291429271403566,2.292974473821469,0.9995898699962539,1.2943879428962681,0.11613289969922216,0.2596188308876032,True,True,True,6.825756848627407e-09,9,3.0112522180426593,1.0020301209989693,0.9996982210824201
low_persistence,3000,135,known,0.9989792614967096,1.0,0.31504968318735976,2.2466724731252405,0.7008068098265392,1.5458656632987013,0.1159778190410195,0.2639522708151075,True,True,True,5.837473704273128e-09,10,3.062215509871291,1.0021488486374277,0.9997126349057831
low_persistence,3000,135,estimated,0.9989792614967096,0.9989792614967096,0.31504968318735976,2.2439051641151275,0.7016175837921642,1.5430037484053256,0.1160418427833819,0.26410799293247406,True,True,True,8.141037710629462e-08,10,3.062215509871291,1.0021488486374277,0.9997126349057831
low_persistence,3000,136,known,0.9995896444978816,1.0,0.3231435985303755,2.221361915899767,0.7405531464526992,1.4808087694470677,0.11436256962316345,0.25600333464940966,True,True,True,1.0694299043488338e-08,10,1.231066506355294,1.0026798416395222,1.0003046487908258
low_persistence,3000,136,estimated,0.9995896444978816,0.9995896444978816,0.3231435985303755,2.2202405383466024,0.7409022137063893,1.4796423579401392,0.11438818399433384,0.25606501527959025,True,True,True,1.9030364128980182e-07,10,1.231066506355294,1.0026798416395222,1.0003046487908258
low_persistence,3000,137,known,0.9996884105404945,1.0,0.3027594703037445,2.3830928670874005,0.9246444046219247,1.4584484624654757,0.11594330569660179,0.26358315032406626,True,True,True,8.65983493580913e-07,10,0.9347683785164707,1.0029866638486937,1.000451554497494
low_persistence,3000,137,estimated,0.9996884105404945,0.9996884105404945,0.3027594703037445,2.382294310305077,0.9249670466525135,1.4576154736346905,0.11596231733142061,0.26363041504457946,True,True,True,8.641566242584275e-07,10,0.9347683785164707,1.0029866638486937,1.000451554497494
low_persistence,3000,138,known,0.9983761283787602,1.0,0.34348250935518404,2.122530220861317,0.6961396098887059,1.4263906109726112,0.11581261160448114,0.2585850996082842,True,True,True,2.253413442510066e-07,10,4.871614863719342,1.0012833431490047,0.999048794537571
low_persistence,3000,138,estimated,0.9983761283787602,0.9983761283787602,0.34348250935518404,2.1179109887256584,0.6974711831398878,1.421572409246704,0.11591833723982058,0.25883716152487657,True,True,True,2.379834831423011e-07,10,4.871614863719342,1.0012833431490047,0.999048794537571
low_persistence,3000,139,known,0.9998892825017055,1.0,0.32876295228722724,2.1198606087710425,0.5411542391897078,1.5787063695813348,0.11571983519354558,0.2615629684591627,True,True,True,3.142591151750196e-07,8,0.3321524948834975,1.0029266607025362,1.000592065642504
low_persistence,3000,139,estimated,0.9998892825017055,0.9998892825017055,0.32876295228722724,2.1195458216744987,0.5412232142385685,1.5783825303162295,0.11572695011114009,0.2615798921825302,True,True,True,1.4683274152105241e-08,9,0.3321524948834975,1.0029266607025362,1.000592065642504
low_persistence,3000,140,known,0.9996012421165483,1.0,0.3234255077552679,2.092540793978225,0.3948763295012023,1.6976644644770227,0.11591635939263567,0.2645598911977908,True,True,True,9.520230175493774e-08,6,1.1962736503550175,1.0026887457319824,1.0003156231862118
low_persistence,3000,140,estimated,0.9996012421165483,0.9996012421165483,0.3234255077552679,2.0913935735065627,0.3950555499878597,1.696495555033662,0.11594198329933976,0.26462055562433595,True,True,True,5.987788753714085e-08,6,1.1962736503550175,1.0026887457319824,1.0003156231862118
low_persistence,3000,141,known,0.999798451393473,1.0,0.3199829871657271,2.279489127591977,0.8628737717183518,1.416615355873625,0.11634339098388953,0.2629260152181661,True,True,True,8.291339881338899e-07,10,0.6046458195809734,1.0029191717585242,1.0005205180953098
low_persistence,3000,141,estimated,0.999798451393473,0.999798451393473,0.3199829871657271,2.278951363732378,0.8630729017555145,1.4160524131175438,0.1163560722830583,0.2629571015545289,True,True,True,8.287347590396621e-07,10,0.6046458195809734,1.0029191717585242,1.0005205180953098
low_persistence,3000,142,known,0.9993772084402622,1.0,0.33238493923269113,2.278259509527897,0.9948875153689222,1.283371994158975,0.11609026009413655,0.2586939379028778,True,True,True,4.393369934518887e-07,10,1.8683746792133027,1.0023814884380962,1.0000723333779926
low_persistence,3000,142,estimated,0.9993772084402622,0.9993772084402622,0.33238493923269113,2.2765988093421745,0.9956107758923733,1.281608091437811,0.1161297411092809,0.25879060074019444,True,True,True,1.7639460381246863e-06,9,1.8683746792133027,1.0023814884380962,1.0000723333779926
low_persistence,3000,143,known,0.9971999385426373,1.0,0.3258920303996757,2.23408912777198,0.769861224939454,1.464227902832526,0.11698367998385761,0.2654884195806337,True,True,True,4.938007323040949e-07,10,8.400184372088004,1.0002640743034699,0.9979089127998577
low_persistence,3000,143,estimated,0.9971999385426373,0.9971999385426373,0.3258920303996757,2.2264405448203193,0.772342203987202,1.4562609464703964,0.1171628107397178,0.2659248211944705,True,True,True,5.285207089755772e-07,10,8.400184372088004,1.0002640743034699,0.9979089127998577
low_persistence,3000,144,known,0.9998465364299148,1.0,0.3146243453227684,2.3750023883885962,1.0507981753916589,1.3242042129969374,0.11614733345513165,0.2613890314350305,True,True,True,6.187587242578729e-07,10,0.46039071025549827,1.0030204085074033,1.0005809012800018
low_persistence,3000,144,estimated,0.9998465364299148,0.9998465364299148,0.3146243453227684,2.3746087914978116,1.0509823803261287,1.3237876986798642,0.11615682644537803,0.2614126714777558,True,True,True,6.150948781424859e-07,10,0.46039071025549827,1.0030204085074033,1.0005809012800018
low_persistence,3000,145,known,0.999685183931675,1.0,0.3106494387512314,2.337315090636787,0.9010971590624669,1.4362179315743204,0.11645285574101698,0.2643960297146435,True,True,True,2.0176000175009534e-06,9,0.944448204974857,1.002899667204306,1.0004289453275284
low_persistence,3000,145,estimated,0.999685183931675,0.999685183931675,0.3106494387512314,2.3364938186841773,0.9014183957544505,1.4353592039249938,0.11647242042341376,0.2644444457549237,True,True,True,9.48809106393611e-07,10,0.944448204974857,1.002899667204306,1.0004289453275284
low_persistence,3000,146,known,0.9998016756920981,1.0,0.3094747865108555,2.3655819425739066,0.963069556455598,1.4025123861183089,0.11571169879483267,0.26134496743344693,True,True,True,7.58527050059854e-07,10,0.5949729237056944,1.0030283599586143,1.0005482601321154
low_persistence,3000,146,estimated,0.9998016756920981,0.9998016756920981,0.3094747865108555,2.365070664156912,0.9632858028048016,1.4019759043422633,0.11572387634097735,0.2613751718862815,True,True,True,1.2480541000670087e-06,9,0.5949729237056944,1.0030283599586143,1.0005482601321154
low_persistence,3000,147,known,0.9944595787688671,1.0,0.32383802251209776,2.2404323595959,0.7156009088053978,1.524831450790502,0.11572487463562979,0.2622988135410166,True,True,True,1.2912595082070766e-07,10,16.621263693398557,0.9975431494279632,0.9951730498381206
low_persistence,3000,147,estimated,0.9944595787688671,0.9944595787688671,0.32383802251209776,2.2252445412897,0.7201477062702478,1.5090867566608235,0.11607473842485042,0.26314756435561004,True,True,True,1.6835915150892333e-07,10,16.621263693398557,0.9975431494279632,0.9951730498381206
low_persistence,3000,148,known,0.9997917164773366,1.0,0.3397108466601766,2.105220878454814,0.6298700190221562,1.4753508594326579,0.11581055279319388,0.2591368370583047,True,True,True,3.7008246245306964e-08,10,0.6248505679903316,1.0027312087965703,1.0004718509577577
low_persistence,3000,148,estimated,0.9997917164773366,0.9997917164773366,0.3397108466601766,2.10462571042657,0.6300233997183502,1.4747335342012735,0.11582407212953816,0.2591689089116939,True,True,True,3.774530110689511e-08,10,0.6248505679903316,1.0027312087965703,1.0004718509577577
low_persistence,3000,149,known,0.9956929236928689,1.0,0.28813149885095385,2.447367995574403,0.8431556083839935,1.6042123871904097,0.11653731034575356,0.270264240591284,True,True,True,4.724378221965253e-07,10,12.921228921393357,0.999158624001583,0.9964948112376464
low_persistence,3000,149,estimated,0.9956929236928689,0.9956929236928689,0.28813149885095385,2.436501635966014,0.8471233352536967,1.593026925558806,0.11679625635979177,0.2709153794994331,True,True,True,5.204141153569708e-07,10,12.921228921393357,0.999158624001583,0.9964948112376464
low_persistence,3000,150,known,0.9999061932083819,1.0,0.32013260818593975,2.2010854066231804,0.6558779682972207,1.54520743832596,0.11577843276204905,0.26244350156890783,True,True,True,8.849787501866966e-09,10,0.28142037485423543,1.0030254550360869,1.0006279224364538
low_persistence,3000,150,estimated,0.9999061932083819,0.9999061932083819,0.32013260818593975,2.200827005569754,0.6559481332023144,1.5449404047572832,0.11578436138780755,0.2624578016156797,True,True,True,8.762532175453482e-09,10,0.28142037485423543,1.0030254550360869,1.0006279224364538
low_persistence,3000,151,known,0.9985093468979641,1.0,0.300478470620898,2.2202484663803164,0.42846685716659694,1.7917816092137193,0.11526450938497798,0.2665855250919058,True,True,True,6.110705219951919e-07,7,4.471959306107665,1.0018326379891846,0.9992782840524604
low_persistence,3000,151,estimated,0.9985093468979641,0.9985093468979641,0.300478470620898,2.216153673348304,0.4291710411283251,1.7876223773637407,0.11535649266277911,0.26680715587719445,True,True,True,3.471274823141357e-09,7,4.471959306107665,1.0018326379891846,0.9992782840524604
low_persistence,3000,152,known,0.9996486969562096,1.0,0.3155007097769939,2.3558754914497717,1.0079881698240454,1.347887321625726,0.11628171351586507,0.2621170990659016,True,True,True,7.925068685743497e-07,10,1.0539091313711557,1.0028137529880132,1.0003810219653988
low_persistence,3000,152,estimated,0.9996486969562096,0.9996486969562096,0.3155007097769939,2.354966945253831,1.0083929648086698,1.3469282319630351,0.11630355830842504,0.26217135563110444,True,True,True,7.844940297374592e-07,10,1.0539091313711557,1.0028137529880132,1.0003810219653988
low_persistence,3000,153,known,0.9984713422502951,1.0,0.2923937152775503,2.3514400319126807,0.683669636817579,1.6677703950951015,0.11620374703852578,0.26910223394499966,True,True,True,9.342452131910761e-07,9,4.585973249114694,1.0018865231257463,0.9992615406988744
low_persistence,3000,153,estimated,0.9984713422502951,0.9984713422502951,0.2923937152775503,2.347453381107716,0.684815437368655,1.663684792164512,0.11629676669373641,0.26933222146974106,True,True,True,1.1242372632835895e-06,9,4.585973249114694,1.0018865231257463,0.9992615406988744
low_persistence,3000,154,known,0.9985423743416887,1.0,0.33698794366788,2.1104358819795133,0.591595993953432,1.5188398880260814,0.1159958332203704,0.26105373648859576,True,True,True,6.504142491259302e-07,9,4.372876974933937,1.0015056181113298,0.999228004390265
low_persistence,3000,154,estimated,0.9985423743416887,0.9985423743416887,0.33698794366788,2.1062674478989103,0.5925996913352694,1.5145315450788386,0.11609040351797947,0.26127854865553435,True,True,True,8.242353306542327e-07,9,4.372876974933937,1.0015056181113298,0.999228004390265
low_persistence,3000,155,known,0.9969476171528809,1.0,0.30628688744334054,2.261233620946498,0.5926681042659756,1.6685655166805224,0.11496497623076166,0.2628454528482189,True,True,True,6.73109310511677e-07,9,9.157148541357184,1.0002078854355143,0.9977019722025381
low_persistence,3000,155,estimated,0.9969476171528809,0.9969476171528809,0.30628688744334054,2.2529623017056526,0.5946865624313717,1.6600909503368586,0.11515280778241153,0.2633001237599603,True,True,True,2.2812972266805787e-06,8,9.157148541357184,1.0002078854355143,0.9977019722025381
low_persistence,3000,156,known,0.9989769230550044,1.0,0.3086321569853721,2.1746944771224714,0.4186483458984052,1.756046131224066,0.1142451178532708,0.26083358826087677,True,True,True,2.388276243436849e-10,7,3.0692308349867803,1.002212416835924,0.9997255458247231
low_persistence,3000,156,estimated,0.9989769230550044,0.9989769230550044,0.3086321569853721,2.1718376311839833,0.41912614947905613,1.753140280005504,0.11430843758362531,0.2609841501489281,True,True,True,8.751993734179564e-07,9,3.0692308349867803,1.002212416835924,0.9997255458247231
low_persistence,3000,157,known,0.9997120017770731,1.0,0.31538084046544007,2.3545862591641287,1.0022882404333333,1.3522980187307951,0.11516742845688688,0.25789260971711875,True,True,True,4.2120808174672675e-07,10,0.8639946687807321,1.0028782607769675,1.0004446051268696
low_persistence,3000,157,estimated,0.9997120017770731,0.9997120017770731,0.31538084046544007,2.353841092992827,1.0026183759580907,1.3515114693452857,0.11518514883685614,0.25793642192770416,True,True,True,4.1654717719552536e-07,10,0.8639946687807321,1.0028782607769675,1.0004446051268696
low_persistence,3000,158,known,0.9983161822021723,1.0,0.271782405601066,2.4571915146700887,0.6840723862861919,1.7731191283838967,0.11572894651081755,0.27131130074694376,True,True,True,5.850865925083326e-08,9,5.0514533934830075,1.0019903620016688,0.9991663073590075
low_persistence,3000,158,estimated,0.9983161822021723,0.9983161822021723,0.271782405601066,2.4529739772191967,0.6852959362269251,1.7688319544864697,0.1158277224128418,0.2715589889586213,True,True,True,7.985985561731468e-08,9,5.0514533934830075,1.0019903620016688,0.9991663073590075
low_persistence,3000,159,known,0.9996841132447454,1.0,0.305206876672241,2.4660041012689637,1.174767011788912,1.2912370894800518,0.11681447426531671,0.2644191401927574,True,True,True,6.520852924296605e-08,9,0.9476602657638722,1.0029559183737968,1.0004411376693123
low_persistence,3000,159,estimated,0.9996841132447454,0.9996841132447454,0.305206876672241,2.4652233994412676,1.1751865282085878,1.2904080970918945,0.1168337835766432,0.26446808581804576,True,True,True,5.907881410749383e-07,10,0.9476602657638722,1.0029559183737968,1.0004411376693123
baseline,300,0,known,0.9861204531183193,1.0,0.09459395022247342,5.031098519724592,4.1062066353126125,0.9248918844119799,0.43422553271540754,1.1967943509502852,True,True,True,2.001662444683916e-07,9,4.163864064504208,1.0916850713808472,1.0105458058647951
baseline,300,0,estimated,0.9861204531183193,0.9861204531183193,0.09459395022247342,5.0220758721463135,4.150436343268823,0.9292457046833211,0.4360900520437866,1.2049602125833805,True,True,True,2.0643574005774212e-07,9,4.163864064504208,1.0916850713808472,1.0105458058647951
baseline,300,1,known,0.9831369423310096,1.0,0.10071328046905043,5.156296596557935,4.515089337808796,0.6412072587491391,0.43305775956506076,1.1521182276875006,True,True,True,1.057308752258437e-08,9,5.05891730069713,1.0822874634804882,1.006078212748435
baseline,300,1,estimated,0.9831369423310096,0.9831369423310096,0.10071328046905043,5.146783750378198,4.575953381275347,0.6479949348619097,0.43530228467674037,1.162117960229897,True,True,True,1.2786253629825672e-08,9,5.05891730069713,1.0822874634804882,1.006078212748435
baseline,300,2,known,0.8841258115644387,1.0,0.12838690221383928,5.6924859803970955,5.35596644188511,0.336519538511985,0.4643224876547135,1.3161015711404345,True,True,True,7.959865100382046e-09,9,34.76225653066839,0.9619045730501533,0.9021221224187824
baseline,300,2,estimated,0.8841258115644387,0.8841258115644387,0.12838690221383928,5.632146678828427,5.879819078676764,0.4336468640412632,0.48105849380400856,1.3979245801201992,True,True,True,2.1926704936169497e-08,9,34.76225653066839,0.9619045730501533,0.9021221224187824
baseline,300,3,known,0.9145656149032962,1.0,0.07437963036090638,5.251317721802833,2.666725921367096,2.584591800435737,0.46881265982427317,1.5471268628745845,True,True,True,3.1223419660886265e-07,12,25.630315529011128,1.0488197675083413,0.9456291008423292
baseline,300,3,estimated,0.9145656149032962,0.9145656149032962,0.07437963036090638,5.177906873490867,2.808191100797551,2.609631852623991,0.47942004149636847,1.5936825580343392,True,True,True,4.582609847147978e-10,10,25.630315529011128,1.0488197675083413,0.9456291008423292
baseline,300,4,known,0.9979319723511927,1.0,0.15007785879092714,4.935269931945574,4.915269931945574,0.02,0.41581943734812943,0.9636360200634271,True,True,True,2.3893737076037818,9,0.620408294642194,1.0644692638985829,1.0133272519779177
baseline,300,4,estimated,0.9979319723511927,0.9979319723511927,0.15007785879092714,4.9347909262110745,4.924975912567976,0.02,0.4161424704963757,0.964889661484595,True,True,True,2.396599277535598,7,0.620408294642194,1.0644692638985829,1.0133272519779177
baseline,300,5,known,0.9835218547294807,1.0,0.11843891338195682,5.307931747388108,5.287931747388108,0.02,0.4367158772831983,1.110533178954389,True,True,True,0.1062806466344135,8,4.9434435811557815,1.0678334543553283,1.0030297219995503
baseline,300,5,estimated,0.9835218547294807,0.9835218547294807,0.11843891338195682,5.303434123594773,5.371953961356548,0.02,0.4389876638206374,1.1204291331267102,True,True,True,0.09647625732415577,8,4.9434435811557815,1.0678334543553283,1.0030297219995503
baseline,300,6,known,0.9405869788656157,1.0,0.10263502131482563,4.826828901798167,2.9857164240019083,1.8411124777962584,0.4289794725485495,1.214037055276319,True,True,True,4.507541895293343e-09,11,17.823906340315286,1.037881003042308,0.9630986963307412
baseline,300,6,estimated,0.9405869788656157,0.9405869788656157,0.10263502131482563,4.770186164481642,3.1176669507316572,1.837749226183777,0.43671636981539125,1.2450185104228748,True,True,True,5.798470814610823e-08,10,17.823906340315286,1.037881003042308,0.9630986963307412
baseline,300,7,known,0.9713731660916783,1.0,0.07129544176973282,4.831225981848144,2.283926054886,2.5472999269621446,0.4375523997705337,1.3550526265822165,True,True,True,4.97501595475569e-10,10,8.588050172496498,1.1114350550050205,1.0037804356802282
baseline,300,7,estimated,0.9713731660916783,0.9713731660916783,0.07129544176973282,4.80485282906414,2.324718303488591,2.546683850333153,0.4409138718444029,1.3685839974006344,True,True,True,2.3867033068910736e-09,12,8.588050172496498,1.1114350550050205,1.0037804356802282
baseline,300,8,known,0.9931911857864728,1.0,0.06691255916534485,5.313663681490227,3.865901024062078,1.447762657428149,0.4339383959417597,1.2132998117788203,True,True,True,8.226875403138934e-09,9,2.0426442640581577,1.1424273586326577,1.027721184798424
baseline,300,8,estimated,0.9931911857864728,0.9931911857864728,0.06691255916534485,5.309746143417259,3.883734538427917,1.452455231916156,0.4347077503829123,1.2168929793926693,True,True,True,1.4984939622486593e-08,9,2.0426442640581577,1.1424273586326577,1.027721184798424
baseline,300,9,known,0.9902111006543467,1.0,0.09921091775131076,4.916947028096513,3.9426074462031284,0.9743395818933845,0.424472516324912,1.1352217338784896,True,True,True,3.872247944514129e-08,5,2.9366698036959904,1.0908630699286461,1.0134997734560451
baseline,300,9,estimated,0.9902111006543467,0.9902111006543467,0.09921091775131076,4.909999368616005,3.9726780530890315,0.9762094611213484,0.42574551998986454,1.1406055360182548,True,True,True,5.7048712581959e-09,9,2.9366698036959904,1.0908630699286461,1.0134997734560451
baseline,300,10,known,0.9952051524149672,1.0,0.10075807435068966,5.358648948049538,5.141711160013656,0.21693778803588246,0.4367584075932274,1.1300705038506664,True,True,True,1.7044101241481258e-07,9,1.4384542755098373,1.094311594350572,1.0181362238626488
baseline,300,10,estimated,0.9952051524149672,0.9952051524149672,0.10075807435068966,5.356731897488695,5.161622704146807,0.21985838749971587,0.43738164835121657,1.132960510425775,True,True,True,1.7101765958926762e-07,9,1.4384542755098373,1.094311594350572,1.0181362238626488
baseline,300,11,known,0.9798572306580843,1.0,0.10276115232454797,4.953929431342713,3.989382039232615,0.964547392110098,0.43006032720877263,1.1530717276878741,True,True,True,1.1464428739671462e-07,9,6.042830802574716,1.0770318342830236,1.0023413168093307
baseline,300,11,estimated,0.9798572306580843,0.9798572306580843,0.10276115232454797,4.939515778586283,4.052127781383748,0.9690090724469157,0.4327074542867254,1.1641929740854744,True,True,True,4.773873518715277e-10,6,6.042830802574716,1.0770318342830236,1.0023413168093307
baseline,300,12,known,0.9967861927278101,1.0,0.11498422254528709,4.584535388584326,3.5599185771848667,1.0246168113994591,0.4135858792151692,1.0746909992311164,True,True,True,1.7772906860885062e-08,9,0.9641421816569684,1.0836309269368622,1.016880172151435
baseline,300,12,estimated,0.9967861927278101,0.9967861927278101,0.11498422254528709,4.581739509636221,3.569211197217996,1.0239990693198255,0.41401774740085573,1.0763734941045535,True,True,True,1.12361542847772e-07,7,0.9641421816569684,1.0836309269368622,1.016880172151435
baseline,300,13,known,0.9679892276892222,1.0,0.12410522713354535,5.302661599490901,5.226044045179427,0.07661755431147377,0.43489947165739956,1.1110184436386898,True,True,True,8.799002448878213e-08,9,9.603231693233328,1.0484513844881025,0.9866064177563275
baseline,300,13,estimated,0.9679892276892222,0.9679892276892222,0.12410522713354535,5.287709470885939,5.3688712323109415,0.09069995315838744,0.4392043744124253,1.130533794679207,True,True,True,7.884614072750651e-08,9,9.603231693233328,1.0484513844881025,0.9866064177563275
baseline,300,14,known,0.8975917212784712,1.0,0.0967761259392169,5.15460807419103,3.0172375535039224,2.1373705206871074,0.4476227868453834,1.376537218357515,True,True,True,4.467135439334413e-09,11,30.72248361645864,1.0007759947577777,0.9214663141023011
baseline,300,14,estimated,0.8975917212784712,0.8975917212784712,0.0967761259392169,5.059617544602796,3.2339698209912253,2.1568330064166523,0.46070647232827394,1.4329030772172768,True,True,True,5.6640534484841965e-09,11,30.72248361645864,1.0007759947577777,0.9214663141023011
baseline,300,15,known,0.9829330546606166,1.0,0.052184477574489255,4.934481455964634,1.5502967692223582,3.384184686742276,0.44243795362199734,1.4526779361245894,True,True,True,5.780380707420818e-08,10,5.120083601815006,1.1742883141039264,1.027208492669332
baseline,300,15,estimated,0.9829330546606166,0.9829330546606166,0.052184477574489255,4.9195841411328365,1.5643802170594723,3.381903115727931,0.4442399659326018,1.4598547048905506,True,True,True,5.654736945359673e-08,10,5.120083601815006,1.1742883141039264,1.027208492669332
baseline,300,16,known,0.9274030837942208,1.0,0.10463981957250848,5.687996019868476,5.23620509008218,0.4517909297862958,0.45161492458944036,1.2277436543223679,True,True,True,1.1410066136363639e-07,9,21.779074861733772,1.0228330480848271,0.9494834984136808
baseline,300,16,estimated,0.9274030837942208,0.9274030837942208,0.10463981957250848,5.657335598105117,5.544049202294883,0.5157672711899524,0.46123209449959485,1.2755770469203005,True,True,True,1.6893155097008616e-07,9,21.779074861733772,1.0228330480848271,0.9494834984136808
baseline,300,17,known,0.9734746039804384,1.0,0.13458122508644224,4.502802622339836,3.4969349011252255,1.0058677212146097,0.4137827738550606,1.0768205023042612,True,True,True,3.0607531458839863e-07,9,7.957618805868483,1.0476734696748624,0.9906426049432951
baseline,300,17,estimated,0.9734746039804384,0.9734746039804384,0.13458122508644224,4.477286543232463,3.5768924484590316,0.995272583488187,0.41759152073462436,1.0914221384462282,True,True,True,2.010618427306099e-08,10,7.957618805868483,1.0476734696748624,0.9906426049432951
baseline,300,18,known,0.9828175310291315,1.0,0.06536024443552281,5.185868005468626,3.4175830498244166,1.7682849556442093,0.4680205409414239,1.4716663181422787,True,True,True,2.3628587086932384e-08,10,5.154740691260551,1.1355980833575554,1.0181676222324434
baseline,300,18,estimated,0.9828175310291315,0.9828175310291315,0.06536024443552281,5.1738018088432,3.4537337622188313,1.7794117198273343,0.4700853711566086,1.480765720183323,True,True,True,4.2782781317640683e-08,12,5.154740691260551,1.1355980833575554,1.0181676222324434
baseline,300,19,known,0.9356605156442245,1.0,0.10673246337197767,4.261532077248594,1.1904879433884177,3.071044133860176,0.4214717896428092,1.300910551908807,True,False,True,1.7566988796957617e-07,10,19.301845306732655,1.029219437922427,0.9573080119061078
baseline,300,19,estimated,0.9356605156442245,0.9356605156442245,0.10673246337197767,4.1747258456157015,1.2441376817876995,3.0106353407418127,0.430177508836692,1.331408360270482,True,False,True,1.469482575622294e-07,10,19.301845306732655,1.029219437922427,0.9573080119061078
baseline,300,20,known,0.9857893334987059,1.0,0.09017124733972927,4.817940563076344,3.2899123652452897,1.5280281978310541,0.42265087243720945,1.1594671437629316,True,True,True,2.284380051786883e-08,10,4.2631999503882305,1.09653166589162,1.0114126964889225
baseline,300,20,estimated,0.9857893334987059,0.9857893334987059,0.09017124733972927,4.806223447506106,3.3240830356893207,1.5293778472595756,0.42441588394229773,1.1666626886708316,True,True,True,2.749398521073587e-07,10,4.2631999503882305,1.09653166589162,1.0114126964889225
baseline,300,21,known,0.9852264452197149,1.0,0.13612472544379933,4.451705192592699,3.5100133350422182,0.9416918575504808,0.40465958017447334,1.0146314119480262,True,True,True,1.010357664199546e-08,11,4.432066434085524,1.0585839797353875,1.0021997804777567
baseline,300,21,estimated,0.9852264452197149,0.9852264452197149,0.13612472544379933,4.437493406420942,3.5547214374053544,0.9352878408997497,0.40668898676868553,1.0222632791037183,True,True,True,2.5863653574376144e-07,8,4.432066434085524,1.0585839797353875,1.0021997804777567
baseline,300,22,known,0.983515434466734,1.0,0.10486604515037898,4.762862213092982,3.6325224133837035,1.1303397997092777,0.42611137355790524,1.1618352444004278,True,True,True,6.127774132558272e-08,10,4.945369659979814,1.078739529462023,1.0055482154164992
baseline,300,22,estimated,0.983515434466734,0.983515434466734,0.10486604515037898,4.749236481612185,3.678948443525314,1.1309339047976705,0.42829232740532625,1.1706902883368238,True,True,True,4.429848843301443e-08,10,4.945369659979814,1.078739529462023,1.0055482154164992
baseline,300,23,known,0.9715065323825622,1.0,0.10891995461346043,4.949601896818192,3.9150353334366184,1.0345665633815733,0.4136469083007643,1.0527980945830169,True,True,True,6.565136212444145e-09,9,8.548040285231329,1.0631864663360595,0.9927192716833272
baseline,300,23,estimated,0.9715065323825622,0.9715065323825622,0.10891995461346043,4.928446590835865,4.004449688594784,1.038097559768715,0.4171708292658234,1.0675970523782061,True,True,True,6.909986879255193e-08,9,8.548040285231329,1.0631864663360595,0.9927192716833272
baseline,300,24,known,0.99491396525951,1.0,0.11188007749574916,4.739981454059727,3.9077184809341103,0.8322629731256161,0.42257257278110544,1.1141078147614152,True,True,True,2.924222108902086e-08,8,1.5258104221469893,1.0841682316909877,1.0155654579433104
baseline,300,24,estimated,0.99491396525951,0.99491396525951,0.11188007749574916,4.735988403714333,3.9236012625355055,0.8323427135079134,0.42324905297188736,1.1168320748371792,True,True,True,2.0319546861484693e-08,9,1.5258104221469893,1.0841682316909877,1.0155654579433104
baseline,300,25,known,0.9961153264254593,1.0,0.09426106611323798,5.411727240800533,5.128700407982387,0.28302683281814683,0.4383411472661913,1.1518983136316578,True,True,True,2.0640078268741036e-07,9,1.1654020723622094,1.1020527474300534,1.0206269376042554
baseline,300,25,estimated,0.9961153264254593,0.9961153264254593,0.09426106611323798,5.410284881388431,5.144696387185178,0.2855739603075862,0.4388535351558409,1.154327884752356,True,True,True,2.063126522955372e-07,9,1.1654020723622094,1.1020527474300534,1.0206269376042554
baseline,300,26,known,0.9935190150931109,1.0,0.0978275600837895,4.814453856414112,3.6701911885968546,1.144262667817258,0.4237685771540662,1.1419233321079791,True,True,True,6.874519442590099e-08,9,1.944295472066726,1.0955942813741786,1.017137007813031
baseline,300,26,estimated,0.9935190150931109,0.9935190150931109,0.0978275600837895,4.8094768355741255,3.6885221949821734,1.1448598972663573,0.42461533225806064,1.1454128625454112,True,True,True,1.7014170072826573e-08,9,1.944295472066726,1.0955942813741786,1.017137007813031
baseline,300,27,known,0.9443660059386381,1.0,0.09899943247795327,4.955820053271193,3.3732967843971653,1.582523268874028,0.4361989626848922,1.2556794034316197,True,True,True,6.065871360760866e-09,11,16.690198218408582,1.04523299068023,0.9677044286349603
baseline,300,27,estimated,0.9443660059386381,0.9443660059386381,0.09899943247795327,4.908042639524281,3.5130271192117224,1.5904592502001869,0.443511943131435,1.2864540643696845,True,True,True,2.6206465708611404e-07,10,16.690198218408582,1.04523299068023,0.9677044286349603
baseline,300,28,known,0.9854073744468715,1.0,0.11799499074889735,4.9935741895258,4.522550113557195,0.47102407596860585,0.4209450908944571,1.0703975118846976,True,True,True,6.287251697045804e-08,9,4.377787665938538,1.0700361725153462,1.0049886345258132
baseline,300,28,estimated,0.9854073744468715,0.9854073744468715,0.11799499074889735,4.984334249441656,4.577419607297858,0.4737112124726433,0.42283609699647423,1.0784991662296903,True,True,True,1.6843007877298533e-08,9,4.377787665938538,1.0700361725153462,1.0049886345258132
baseline,300,29,known,0.9987684295654302,1.0,0.10265112060295911,4.7159106961515675,3.5648299227113265,1.1510807734402413,0.41435325109655546,1.0817886556551781,True,True,True,2.5693489195942164e-07,7,0.36947113037093526,1.0960471946341879,1.0212766164054274
baseline,300,29,estimated,0.9987684295654302,0.9987684295654302,0.10265112060295911,4.714938350974528,3.5683446166974053,1.1509884020074033,0.41451705386202004,1.082451587324306,True,True,True,1.3123947398563962e-07,7,0.36947113037093526,1.0960471946341879,1.0212766164054274
baseline,300,30,known,0.9796772991370621,1.0,0.11430510884649539,4.852000866098586,4.088084330637959,0.7639165354606273,0.43200823322436155,1.161583292302593,True,True,True,5.0314551414132325e-08,7,6.096810258881358,1.0670379984614489,0.9998906616471257
baseline,300,30,estimated,0.9796772991370621,0.9796772991370621,0.11430510884649539,4.8367366556089495,4.155130037738818,0.7660500826737048,0.43480729395211704,1.1731114050878204,True,True,True,2.790246650518284e-07,9,6.096810258881358,1.0670379984614489,0.9998906616471257
baseline,300,31,known,0.9965094577893794,1.0,0.10486078924466173,5.438045999891444,5.261888277023375,0.1761577228680694,0.42568352048758545,1.0430562692430545,True,True,True,1.0762948946999539e-10,9,1.0471626631861852,1.091738325673266,1.0185433430815798
baseline,300,31,estimated,0.9965094577893794,0.9965094577893794,0.10486078924466173,5.4368797796806465,5.277291503400914,0.1780088850301028,0.4261156836566164,1.0451358663805517,True,True,True,1.7303425359216362e-09,8,1.0471626631861852,1.091738325673266,1.0185433430815798
baseline,300,32,known,0.9975067139932663,1.0,0.1382039634587264,4.877205972429577,4.727215618791113,0.14999035363846389,0.4163088554455282,1.0076189634261223,True,True,True,2.943007282318888e-08,9,0.7479858020201124,1.069760605960425,1.0142246904104657
baseline,300,32,estimated,0.9975067139932663,0.9975067139932663,0.1382039634587264,4.875691643591256,4.737658552758181,0.14984542860734837,0.41664817617975025,1.0090150722657136,True,True,True,2.784530472865754e-08,9,0.7479858020201124,1.069760605960425,1.0142246904104657
baseline,300,33,known,0.9710577414789392,1.0,0.09325692626015723,4.755704813285618,3.0472949054776377,1.70840990780798,0.434952382661795,1.2589925166241067,True,True,True,7.307913663101573e-09,11,8.682677556318241,1.0781358390062246,0.995833280353349
baseline,300,33,estimated,0.9710577414789392,0.9710577414789392,0.09325692626015723,4.729152896145237,3.109914188760814,1.7092466478138542,0.43865549551793803,1.2737698919873632,True,True,True,1.11939615354828e-08,11,8.682677556318241,1.0781358390062246,0.995833280353349
baseline,300,34,known,0.9494567101044882,1.0,0.08211424720239935,6.260264702057523,6.240264702057523,0.02,0.4730461687603349,1.2754824373272304,False,True,True,0.05228696461021398,7,15.162986968653547,1.0710650129921286,0.9775942219320213
baseline,300,34,estimated,0.9494567101044882,0.9494567101044882,0.08211424720239935,6.265522545881147,6.537196162299855,0.058737784316241354,0.4793354302279906,1.3078093666423358,False,True,True,4.751743443165424e-09,11,15.162986968653547,1.0710650129921286,0.9775942219320213
baseline,300,35,known,0.9950270693655948,1.0,0.06945688598935398,5.418936293741018,4.271705823031097,1.1472304707099208,0.4361765400118542,1.1975314066882359,True,True,True,5.381251000358134e-11,9,1.4918791903215545,1.1387964610240482,1.0282921743145934
baseline,300,35,estimated,0.9950270693655948,0.9950270693655948,0.06945688598935398,5.416512635339668,4.286732178361917,1.1510980787490177,0.43676017236987824,1.2003444203851252,True,True,True,4.5903157275262174e-08,8,1.4918791903215545,1.1387964610240482,1.0282921743145934
baseline,300,36,known,0.9943051787993377,1.0,0.11019026936690571,5.045157379620089,4.5100178200741015,0.5351395595459871,0.42103072275338504,1.0570651178965196,True,True,True,1.4237526091420705e-07,9,1.708446360198701,1.084928192088559,1.0152733696853509
baseline,300,36,estimated,0.9943051787993377,0.9943051787993377,0.11019026936690571,5.041806565707752,4.531014475290404,0.5365954077117393,0.4217569791301706,1.0601863970476277,True,True,True,1.3509951335421988e-07,9,1.708446360198701,1.084928192088559,1.0152733696853509
baseline,300,37,known,0.9490860761557246,1.0,0.1334830363304831,4.657710320219692,3.612907966354797,1.0448023538648956,0.4355281008811745,1.2034842771448249,True,True,True,6.865202961670036e-09,11,15.27417715328262,1.0238953891567921,0.9663953213256208
baseline,300,37,estimated,0.9490860761557246,0.9490860761557246,0.1334830363304831,4.608587115298477,3.765386331689298,1.0349113765450835,0.4429953104142562,1.2327056446219047,True,True,True,1.3922328045978816e-07,10,15.27417715328262,1.0238953891567921,0.9663953213256208
baseline,300,38,known,0.9985698000887163,1.0,0.09372638796669953,5.103375375152792,4.309681828009628,0.7936935471431638,0.42464467343894,1.1014146049590845,True,True,True,2.5335493258893393e-08,9,0.42905997338510415,1.105111559157975,1.023221241929059
baseline,300,38,estimated,0.9985698000887163,0.9985698000887163,0.09372638796669953,5.102527182437271,4.3144031917774,0.7942944497219933,0.42481895245351986,1.102177845575991,True,True,True,2.3914220825815846e-08,9,0.42905997338510415,1.105111559157975,1.023221241929059
baseline,300,39,known,0.9472391808384466,1.0,0.11776641899145114,4.888025359104492,3.8018293569138515,1.0861960021906403,0.43516178561385765,1.2055560801751446,True,True,True,1.4659301683650483e-07,10,15.828245748466019,1.032032234161269,0.9668584460046414
baseline,300,39,estimated,0.9472391808384466,0.9472391808384466,0.11776641899145114,4.843468339159796,3.9626205883021934,1.089918859122863,0.442511682164321,1.2358926824327938,True,True,True,8.478359636576727e-08,7,15.828245748466019,1.032032234161269,0.9668584460046414
baseline,300,40,known,0.9967076835239347,1.0,0.1082793689980632,5.219268297627821,5.0420678878607985,0.17720040976702248,0.43495828858946556,1.125253615184114,True,True,True,2.1891970525267368e-07,9,0.9876949428195947,1.0889300000887698,1.01804591834416
baseline,300,40,estimated,0.9967076835239347,0.9967076835239347,0.1082793689980632,5.217761151653532,5.055692499345235,0.17871359202181136,0.43539744205757475,1.1272231214471282,True,True,True,5.3021826929011695e-09,8,0.9876949428195947,1.0889300000887698,1.01804591834416
baseline,300,41,known,0.997472550859586,1.0,0.05845406389632271,4.752497745898037,1.7204054320999507,3.0320923137980857,0.43357840198702,1.3614108919265495,True,True,True,6.954225283261586e-09,12,0.7582347421242086,1.1683036886721987,1.036999154278717
baseline,300,41,estimated,0.997472550859586,0.997472550859586,0.05845406389632271,4.750187722276906,1.7228973683955444,3.031644889354135,0.4338583380797638,1.3625001585543846,True,True,True,7.695792669792922e-09,10,0.7582347421242086,1.1683036886721987,1.036999154278717
baseline,300,42,known,0.9941440309745816,1.0,0.12081838768207488,5.175131493213998,5.155131493213998,0.02,0.43543911139359676,1.1041314030290326,True,True,True,0.5028123246403842,9,1.7567907076255218,1.0767951442426782,1.0132676978782187
baseline,300,42,estimated,0.9941440309745816,0.9941440309745816,0.12081838768207488,5.173453174699233,5.183809401990965,0.02,0.4362815756299156,1.1076625107134972,True,True,True,0.5034828743535482,9,1.7567907076255218,1.0767951442426782,1.0132676978782187
baseline,300,43,known,0.9728318121083452,1.0,0.09560593475845802,5.2279235508735225,4.386877011226675,0.841046539646848,0.4335277092213873,1.1595399554375134,True,True,True,8.65880756295447e-09,9,8.150456367496428,1.0772790336161768,0.9969986235903289
baseline,300,43,estimated,0.9728318121083452,0.9728318121083452,0.09560593475845802,5.21193579344136,4.478784753456436,0.8548315056931072,0.43694974045457535,1.174953734398815,True,True,True,1.7732752977117627e-07,9,8.150456367496428,1.0772790336161768,0.9969986235903289
baseline,300,44,known,0.998566723597191,1.0,0.08639096076765602,4.6823449033334805,3.0587728795923486,1.623572023741132,0.4401329894399251,1.2850408989292283,True,True,True,8.250403027432185e-09,11,0.4299829208426975,1.1141549073197472,1.025311311009298
baseline,300,44,estimated,0.998566723597191,0.998566723597191,0.08639096076765602,4.681089530419525,3.0618677423698015,1.6236102908333845,0.4403222872277449,1.2857971676250501,True,True,True,8.149289243419844e-09,11,0.4299829208426975,1.1141549073197472,1.025311311009298
baseline,300,45,known,0.9962952675536928,1.0,0.08833539077538585,5.148816490819899,4.325348135085981,0.8234683557339177,0.43635102848914076,1.1819674868549714,True,True,True,8.704951055785296e-09,9,1.1114197338921605,1.1093391354477198,1.0224511557156806
baseline,300,45,estimated,0.9962952675536928,0.9962952675536928,0.08833539077538585,5.146636128780921,4.337230657095666,0.8254737508277162,0.4368136353547743,1.1840062929605288,True,True,True,7.354813263113564e-09,9,1.1114197338921605,1.1093391354477198,1.0224511557156806
baseline,300,46,known,0.9407484357224947,1.0,0.1087329560334911,4.076978757316099,0.7089228876179963,3.368055869698103,0.41771334864241194,1.3036989007175623,False,False,True,3.168481477189289e-09,7,17.7754692832516,1.032586040524706,0.9619976566225025
baseline,300,46,estimated,0.9407484357224947,0.9407484357224947,0.1087329560334911,3.990842938109165,0.7382286358232216,3.2963555037529177,0.4258875843059431,1.3312347396679216,False,False,True,5.404254821428367e-10,7,17.7754692832516,1.032586040524706,0.9619976566225025
baseline,300,47,known,0.9978961582888821,1.0,0.12166826229062641,4.597805722157709,3.7393033482426743,0.858502373915035,0.40906756677509903,1.0321627103118673,True,True,True,1.3670735254933675e-07,8,0.6311525133353646,1.0799699387241377,1.016886242953258
baseline,300,47,estimated,0.9978961582888821,0.9978961582888821,0.12166826229062641,4.596024734364891,3.745835332366126,0.8580700466139755,0.4093466486490822,1.0332483308989409,True,True,True,1.2809840567620418e-08,9,0.6311525133353646,1.0799699387241377,1.016886242953258
baseline,300,48,known,0.9913337888367801,1.0,0.1402494739722312,4.288429073291332,3.3069871100585377,0.9814419632327945,0.41356782696465255,1.06431534275895,True,True,True,1.64329816421116e-08,10,2.5998633489659584,1.0625338722478388,1.0078079369132567
baseline,300,48,estimated,0.9913337888367801,0.9913337888367801,0.1402494739722312,4.2793862599522186,3.3317616247257558,0.9764983850118485,0.4148439241435798,1.0689427454451148,True,True,True,1.490609236043383e-08,8,2.5998633489659584,1.0625338722478388,1.0078079369132567
baseline,300,49,known,0.9906955666194039,1.0,0.1376949428020928,4.6611262572179415,4.146985306591794,0.5141409506261478,0.4123699492136085,1.0229603298822592,True,True,True,3.7205789560346147e-09,9,2.7913300141788167,1.0632165615228435,1.0074753448367297
baseline,300,49,estimated,0.9906955666194039,0.9906955666194039,0.1376949428020928,4.653951519287123,4.1811878984972415,0.5116672050432032,0.4136871663435922,1.0281683860320439,True,True,True,3.699969219894683e-09,9,2.7913300141788167,1.0632165615228435,1.0074753448367297
baseline,300,50,known,0.9730653759208892,1.0,0.12393580176165336,4.674493830623433,3.6434330963406016,1.0310607342828315,0.4115584029913661,1.054107187986309,True,True,True,6.175064903857219e-10,9,8.080387223733254,1.0536375278192087,0.991708016457559
baseline,300,50,estimated,0.9730653759208892,0.9730653759208892,0.12393580176165336,4.6508858666655355,3.7253724441534177,1.025854928850068,0.41515780967070454,1.0683117725613331,True,True,True,4.3453232856371926e-07,8,8.080387223733254,1.0536375278192087,0.991708016457559
baseline,300,51,known,0.9824360676746723,1.0,0.09063787743124689,5.2466265651282615,4.599101712322645,0.6475248528056162,0.45060271780448147,1.2772165555122077,True,True,True,1.271166216731956e-08,10,5.2691796975983145,1.0926082664086358,1.0079275141576187
baseline,300,51,estimated,0.9824360676746723,0.9824360676746723,0.09063787743124689,5.237018161941869,4.660164297959523,0.6587046743366148,0.45297933612652674,1.28802029552749,True,True,True,4.0824932989735885e-08,11,5.2691796975983145,1.0926082664086358,1.0079275141576187
baseline,300,52,known,0.9958808241001975,1.0,0.12375129412664106,4.680075328022649,4.006004034799359,0.67407129322329,0.42037199576907996,1.0770695468797324,True,True,True,4.3465764543171304e-08,9,1.2357527699407456,1.0765731054670575,1.0145512599786461
baseline,300,52,estimated,0.9958808241001975,0.9958808241001975,0.12375129412664106,4.676889895597315,4.019971147684929,0.67347771618183,0.4209521139772015,1.0793650316323669,True,True,True,9.779479448468464e-10,10,1.2357527699407456,1.0765731054670575,1.0145512599786461
baseline,300,53,known,0.99338623126468,1.0,0.10716899746853838,4.99945593894515,4.3222845551670215,0.6771713837781285,0.4170722745801178,1.0585594567118042,True,True,True,1.4448488960816519e-08,9,1.984130620596014,1.08656405769822,1.0149455502509825
baseline,300,53,estimated,0.99338623126468,0.99338623126468,0.10716899746853838,4.9954136538331735,4.345884614574843,0.6782717150495133,0.4179316352743543,1.062287775786689,True,True,True,1.1949111698441917e-07,9,1.984130620596014,1.08656405769822,1.0149455502509825
baseline,300,54,known,0.967570995076366,1.0,0.07996044485390917,5.781651253777594,5.333973203915719,0.44767804986187415,0.4593402826088618,1.2719682789338136,True,True,True,4.172585565953568e-08,9,9.728701477090196,1.0924549206651288,0.9964664146314703
baseline,300,54,estimated,0.967570995076366,0.967570995076366,0.07996044485390917,5.770581687198389,5.459767517641302,0.48786899726857386,0.46329510204403024,1.2920331846287854,True,True,True,1.577951600495453e-07,9,9.728701477090196,1.0924549206651288,0.9964664146314703
baseline,300,55,known,0.9797086042146887,1.0,0.08306740070219065,5.265302850803803,4.169579323103773,1.0957235277000295,0.4344410446446413,1.1827841990733154,True,True,True,1.5445041490202982e-07,8,6.087418735593375,1.0999215175930728,1.0075232533109082
baseline,300,55,estimated,0.9797086042146887,0.9797086042146887,0.08306740070219065,5.253493534841,4.2318295680268,1.1075336954750137,0.43691834401616314,1.1940956979467174,True,True,True,5.253121826420681e-07,10,6.087418735593375,1.0999215175930728,1.0075232533109082
baseline,300,56,known,0.9919782223304493,1.0,0.09282780040191714,4.730526911299143,3.2092074042987386,1.5213195070004046,0.41668298704189577,1.1224393826144055,True,True,True,1.0199941335997664e-08,10,2.40653330086521,1.099551322220186,1.0168682939669929
baseline,300,56,estimated,0.9919782223304493,0.9919782223304493,0.09282780040191714,4.723725055883891,3.228407358159958,1.521215263777834,0.417690661040906,1.1264753924160609,True,True,True,8.638559645390842e-09,10,2.40653330086521,1.099551322220186,1.0168682939669929
baseline,300,57,known,0.991157464659843,1.0,0.13795308009044843,4.902515913396001,4.744284453348661,0.15823146004733946,0.41722191541291415,1.0255097011740322,True,True,True,1.1850608749863767e-07,9,2.6527606020470995,1.0635427585484087,1.0079058446188234
baseline,300,57,estimated,0.991157464659843,0.991157464659843,0.13795308009044843,4.897300040430579,4.782127875704252,0.1574582994683914,0.41846051182593985,1.0307152244557176,True,True,True,1.0666510519286021e-07,9,2.6527606020470995,1.0635427585484087,1.0079058446188234
baseline,300,58,known,0.9964732823491929,1.0,0.15857516042377479,4.08155494555,3.2093972952050938,0.8721576503449063,0.4038843610669424,1.0129654257368692,False,True,True,8.505570492367553e-08,9,1.0580152952421429,1.0594451514521097,1.011043600901556
baseline,300,58,estimated,0.9964732823491929,0.9964732823491929,0.15857516042377479,4.077525461773274,3.2196929717467917,0.869187438060122,0.4044200229184518,1.0148423589154354,False,True,True,1.13529011969149e-07,11,1.0580152952421429,1.0594451514521097,1.011043600901556
baseline,300,59,known,0.9919453090290421,1.0,0.09129821260560775,4.817881961576405,3.3803805326140868,1.4375014289623183,0.4155977823555952,1.1041759295459388,True,True,True,1.3509285277365695e-08,9,2.41640729128737,1.101320662173323,1.0172523828032833
baseline,300,59,estimated,0.9919453090290421,0.9919453090290421,0.09129821260560775,4.811408471015817,3.4005189669295057,1.4382796335058088,0.4165727613764279,1.1081411112955568,True,True,True,1.3514764940497785e-08,9,2.41640729128737,1.101320662173323,1.0172523828032833
baseline,300,60,known,0.9940269746458555,1.0,0.060054722104695535,4.858413842651628,2.159127279158315,2.699286563493313,0.43771012077739,1.370405011800296,True,True,True,6.022809195815881e-10,10,1.791907606243337,1.1603048941035696,1.0325000625379037
baseline,300,60,estimated,0.9940269746458555,0.9940269746458555,0.060054722104695535,4.853285303895111,2.1668027045966936,2.699424966790402,0.4383892438052017,1.3731859884121835,True,True,True,2.053013534730752e-07,11,1.791907606243337,1.1603048941035696,1.0325000625379037
baseline,300,61,known,0.9644592854951745,1.0,0.10854595676382035,5.494970711406693,5.241487717167696,0.25348299423899673,0.43508767034331364,1.1193779901345926,True,True,True,5.044757944716594e-10,9,10.662214351447663,1.0564551049885482,0.985745113827719
baseline,300,61,estimated,0.9644592854951745,0.9644592854951745,0.10854595676382035,5.48139970292263,5.3987135725084965,0.27456026818798457,0.4397491053842561,1.1420108733427439,True,True,True,2.102384932811674e-11,9,10.662214351447663,1.0564551049885482,0.985745113827719
baseline,300,62,known,0.9255528396391557,1.0,0.09327328155747688,4.825298811638433,2.325474187716913,2.4998246239215205,0.42790330019411754,1.273308026895228,True,True,True,3.1350431139998136e-09,11,22.334148108253295,1.0326121612201868,0.9503240341686707
baseline,300,62,estimated,0.9255528396391557,0.9255528396391557,0.09327328155747688,4.7486028519437955,2.4467687188999863,2.4839891162256538,0.4373392330471374,1.310874934733598,True,True,True,7.0945793684273895e-09,11,22.334148108253295,1.0326121612201868,0.9503240341686707
baseline,300,63,known,0.9841261875636571,1.0,0.09813270714242191,4.861900810591504,3.674944452636698,1.186956357954806,0.42648097526928685,1.1590321063396822,True,True,True,2.4841936729913527e-08,10,4.762143730902868,1.0858840472616211,1.0076707393155335
baseline,300,63,estimated,0.9841261875636571,0.9841261875636571,0.09813270714242191,4.849655226113699,3.71967514523135,1.1890255064618778,0.4285592772413774,1.167653763380949,True,True,True,2.0138412937242833e-08,10,4.762143730902868,1.0858840472616211,1.0076707393155335
baseline,300,64,known,0.9507281421122995,1.0,0.05328904078392698,5.483459155072325,2.934683695299082,2.5487754597732426,0.47153050213243053,1.5627558372215882,True,True,True,6.225945758941975e-09,11,14.78155736631015,1.138117032928887,0.9940858488354307
baseline,300,64,estimated,0.9507281421122995,0.9507281421122995,0.05328904078392698,5.450125041423137,3.015935217614423,2.5827905552495225,0.47703006486887717,1.5885459090881513,True,True,True,6.443490740970503e-09,11,14.78155736631015,1.138117032928887,0.9940858488354307
baseline,300,65,known,0.9892246558209384,1.0,0.08870536497931204,5.269718577792051,4.507481201833701,0.76223737595835,0.43371179537653093,1.1575074880654106,True,True,True,5.735317344468625e-09,9,3.232603253718469,1.1017970379706412,1.0152714524538742
baseline,300,65,estimated,0.9892246558209384,0.9892246558209384,0.08870536497931204,5.264112437125564,4.544656459237751,0.7684262154116951,0.4350589862561345,1.1637028016531856,True,True,True,6.127033052751853e-09,9,3.232603253718469,1.1017970379706412,1.0152714524538742
baseline,300,66,known,0.9971018995431846,1.0,0.04947484783795146,5.030838050950757,1.9821195878269282,3.048718463123828,0.4331153062408833,1.3406497299314986,True,True,True,4.616653800696937e-08,12,0.8694301370446134,1.198937270070995,1.0438022069283472
baseline,300,66,estimated,0.9971018995431846,0.9971018995431846,0.04947484783795146,5.028552403444407,1.9852610537315543,3.04904483567957,0.43341152754751033,1.341865994194656,True,True,True,5.6303040612082456e-08,12,0.8694301370446134,1.198937270070995,1.0438022069283472
baseline,300,67,known,0.9646373577668663,1.0,0.087860948365734,5.10066026251313,3.685693235580476,1.414967026932654,0.435910569323696,1.2169782603483499,True,True,True,3.5591600333617635e-08,10,10.608792669940105,1.0782916539123248,0.9909344857269327
baseline,300,67,estimated,0.9646373577668663,0.9646373577668663,0.087860948365734,5.074516610444798,3.778394294149608,1.429736321934916,0.44019501653968096,1.235326091252891,True,True,True,2.5367210554350095e-08,10,10.608792669940105,1.0782916539123248,0.9909344857269327
baseline,300,68,known,0.9964362720101871,1.0,0.08668652388163717,4.324420795868829,1.8156358642041088,2.5087849316647204,0.4096689717681702,1.159179002270409,True,True,True,8.703760379091818e-09,11,1.0691183969438578,1.1116303506055483,1.0230896720821667
baseline,300,68,estimated,0.9964362720101871,0.9964362720101871,0.08668652388163717,4.320433170903644,1.820022697682293,2.5068965390511755,0.4101039798487447,1.160709108559949,True,True,True,8.708182619443505e-09,11,1.0691183969438578,1.1116303506055483,1.0230896720821667
baseline,300,69,known,0.9771145378322488,1.0,0.08680603357528074,5.2881170848590235,4.455793510219482,0.8323235746395417,0.4509929426583467,1.272522739256614,True,True,True,4.415314752703736e-09,11,6.8656386503253675,1.0921500236607773,1.0037312429932186
baseline,300,69,estimated,0.9771145378322488,0.9771145378322488,0.08680603357528074,5.274845118699964,4.529326162331593,0.8491746789018161,0.45388762500979996,1.2855567510048085,True,True,True,6.43005176631517e-07,9,6.8656386503253675,1.0921500236607773,1.0037312429932186
baseline,300,70,known,0.9819780157325769,1.0,0.12308647928380953,5.1054104220810945,4.932161422451301,0.17324899962979348,0.433049827771642,1.1173382066588111,True,True,True,4.8565036436798437e-08,9,5.406595280226922,1.0631061323484974,1.0007492943921852
baseline,300,70,estimated,0.9819780157325769,0.9819780157325769,0.12308647928380953,5.095762326647435,5.008011678931098,0.1780049554051048,0.4355557845838019,1.1282442063303924,True,True,True,2.7728568330331882e-08,9,5.406595280226922,1.0631061323484974,1.0007492943921852
baseline,300,71,known,0.9980372017603251,1.0,0.09069505545516614,5.1789946944023235,4.511978440913343,0.6670162534889804,0.43567226450332347,1.1700756721017458,True,True,True,6.625244797220375e-09,9,0.5888394719024803,1.1081399432500891,1.0235125773502176
baseline,300,71,estimated,0.9980372017603251,0.9980372017603251,0.09069505545516614,5.177893157256431,4.518606024236015,0.6681562449705708,0.4359145908648947,1.1711548627111135,True,True,True,1.4858287245012036e-07,9,0.5888394719024803,1.1081399432500891,1.0235125773502176
baseline,300,72,known,0.8744442822245296,1.0,0.18937147327937032,4.992130776718194,4.368919766464305,0.6232110102538885,0.4313607726435746,1.1371203618993029,True,True,True,4.417970667629782e-12,9,37.66671533264111,0.9271754252644766,0.8866451198789842
baseline,300,72,estimated,0.8744442822245296,0.8744442822245296,0.18937147327937032,4.877183290980836,4.90287703070963,0.5898905050268205,0.4510149890400285,1.2195325190068187,True,True,True,3.476339708319287e-07,9,37.66671533264111,0.9271754252644766,0.8866451198789842
baseline,300,73,known,0.9835528166306016,1.0,0.06992868928578189,5.57088781035752,4.595338064595672,0.975549745761848,0.45091593515058864,1.2645002312899236,True,True,True,1.789375895377881e-09,9,4.93415501081953,1.126352207655514,1.0165934845662477
baseline,300,73,estimated,0.9835528166306016,0.9835528166306016,0.06992868928578189,5.563411044647384,4.647168349038393,0.9926755255940899,0.452835765147379,1.2738381561051804,True,True,True,8.132743550826049e-08,11,4.93415501081953,1.126352207655514,1.0165934845662477
baseline,300,74,known,0.9669557200037451,1.0,0.06429445275441972,4.9825785248497,2.2486927306376656,2.7338857942120343,0.4366685767349056,1.3456364826776717,True,True,True,9.556451452397141e-08,10,9.913283998876476,1.1222688740533147,1.002891800067941
baseline,300,74,estimated,0.9669557200037451,0.9669557200037451,0.06429445275441972,4.954177218712761,2.2940663442814984,2.7359166450416854,0.4404460894939978,1.3612863988969806,True,True,True,3.112403251416473e-08,12,9.913283998876476,1.1222688740533147,1.002891800067941
baseline,300,75,known,0.9395282033180362,1.0,0.10396199661253712,4.76224327990589,2.8758402133548646,1.886403066551026,0.43725755607791156,1.2840913978265271,True,True,True,3.770131762337314e-09,11,18.141539004589134,1.0355803624776627,0.9617525802745274
baseline,300,75,estimated,0.9395282033180362,0.9395282033180362,0.10396199661253712,4.701523152007745,3.0025744254992284,1.8805197966897698,0.4452671535599639,1.3158127755623248,True,True,True,8.237065696192758e-09,11,18.141539004589134,1.0355803624776627,0.9617525802745274
baseline,300,76,known,0.9351195638747393,1.0,0.11791191751239781,4.199271945318047,1.4108992367175328,2.788372708600515,0.4193060534010224,1.254968390833243,True,False,True,5.470945696472995e-09,11,19.46413083757822,1.0198079860109497,0.954714619663935
baseline,300,76,estimated,0.9351195638747393,0.9351195638747393,0.11791191751239781,4.1096283757402166,1.4787953781296683,2.7267778866836205,0.42844473601513655,1.2867970653312357,False,True,True,3.137726634072635e-09,11,19.46413083757822,1.0198079860109497,0.954714619663935
baseline,300,77,known,0.9181145034862783,1.0,0.1279193229663652,5.710789953143242,5.686483781611946,0.024306171531295807,0.45170954825164866,1.1866690183285478,True,True,True,2.391430387049809e-10,9,24.565648954116504,0.9961775670924358,0.9361765956572476
baseline,300,77,estimated,0.9181145034862783,0.9181145034862783,0.1279193229663652,5.68108995051737,6.0928020522938375,0.08720001943543558,0.4630498773361436,1.2425935066401084,True,True,True,4.890295213222373e-08,9,24.565648954116504,0.9961775670924358,0.9361765956572476
baseline,300,78,known,0.999280538218614,1.0,0.0641294642204776,4.939925464042652,2.812766226778533,2.127159237264119,0.44900061593188134,1.3818614375092666,True,True,True,3.6526352986676613e-07,9,0.21583853441581313,1.1549932728650285,1.035309072527321
baseline,300,78,estimated,0.999280538218614,0.999280538218614,0.0641294642204776,4.9393584756562685,2.8140167122327875,2.1273663409001142,0.449085909323043,1.3822189982574338,True,True,True,2.0950654655571554e-07,10,0.21583853441581313,1.1549932728650285,1.035309072527321
baseline,300,79,known,0.974851088091385,1.0,0.09330795829817545,4.627014733157101,2.7184155431293915,1.9085991900277095,0.4263634205100765,1.2333705135736537,True,True,True,7.532493739859092e-09,11,7.544673572584504,1.0818706224088048,0.9996130767149392
baseline,300,79,estimated,0.974851088091385,0.974851088091385,0.09330795829817545,4.602231801224123,2.7668531197248267,1.9049620268713328,0.4295573061359771,1.2458059456022224,True,True,True,1.0969517794112704e-08,11,7.544673572584504,1.0818706224088048,0.9996130767149392
baseline,300,80,known,0.9791098907714344,1.0,0.08035831168034925,5.229287126063478,4.017668740625571,1.2116183854379068,0.4362667622085513,1.2195467925026358,True,True,True,1.4668619075332445e-08,9,6.26703276856968,1.1033754961129398,1.0078622444925678
baseline,300,80,estimated,0.9791098907714344,0.9791098907714344,0.08035831168034925,5.216518854260516,4.0785376664526245,1.2231822851529062,0.4388334855685599,1.2312871979510613,True,True,True,1.7868691437605833e-07,10,6.26703276856968,1.1033754961129398,1.0078622444925678
baseline,300,81,known,0.9815855060159602,1.0,0.08872652440239973,5.058896764661711,3.879009702164149,1.1798870624975615,0.4327919822691312,1.190123744995368,True,True,True,5.33405240643603e-07,10,5.524348195211948,1.094131042003504,1.0076260910318655
baseline,300,81,estimated,0.9815855060159602,0.9815855060159602,0.08872652440239973,5.04600592382845,3.930876679477031,1.1875143493176514,0.4350377523952629,1.1997814913377074,True,True,True,8.591073819008699e-08,9,5.524348195211948,1.094131042003504,1.0076260910318655
baseline,300,82,known,0.9985517600298208,1.0,0.09870967475123306,4.7034348039174345,3.457037864665107,1.246396939252327,0.4203667620143872,1.1286368112863092,True,True,True,2.279407329552896e-08,10,0.4344719910537531,1.099714835182748,1.0219586915964516
baseline,300,82,estimated,0.9985517600298208,0.9985517600298208,0.09870967475123306,4.702245574732483,3.460894329219933,1.2463634510126937,0.42055739586735297,1.1294016280412125,True,True,True,2.2239448060901168e-08,10,0.4344719910537531,1.099714835182748,1.0219586915964516
baseline,300,83,known,0.9742868114602812,1.0,0.11127873593391333,5.323897049792972,5.1720052344473615,0.1518918153456108,0.445560863345414,1.1881838228051032,True,True,True,4.246962082010697e-08,9,7.713956561915647,1.0640234009476957,0.9950499031909299
baseline,300,83,estimated,0.9742868114602812,0.9742868114602812,0.11127873593391333,5.312217869890344,5.28149889604215,0.16652315073444338,0.44912212151196584,1.2043804699238299,True,True,True,2.2890387363361242e-08,9,7.713956561915647,1.0640234009476957,0.9950499031909299
baseline,300,84,known,0.9975012682711396,1.0,0.10303205521011291,5.253761902563343,4.900160647009934,0.3536012555534088,0.42731144641080376,1.0832671026841996,True,True,True,4.1450186394342836e-08,9,0.7496195186581178,1.0944203700479218,1.0199262368613002
baseline,300,84,estimated,0.9975012682711396,0.9975012682711396,0.10303205521011291,5.252648784805633,4.910222073302075,0.35469603919386783,0.4276335248226168,1.0847407090938617,True,True,True,1.1284522205556868e-07,8,0.7496195186581178,1.0944203700479218,1.0199262368613002
baseline,300,85,known,0.8560609031185233,1.0,0.1855836335305776,4.823663364368697,3.5171929018088073,1.306470462559889,0.42161677449579277,1.1422092750828252,True,True,True,6.766325988394328e-08,9,43.181729064443,0.9098683108904736,0.8685107649835557
baseline,300,85,estimated,0.8560609031185233,0.8560609031185233,0.1855836335305776,4.657230876792482,3.998065907019492,1.2346429657019984,0.4437890929661591,1.231968270756162,True,True,True,2.0611663487102305e-09,8,43.181729064443,0.9098683108904736,0.8685107649835557
baseline,300,86,known,0.9985632794577993,1.0,0.07265281346073703,5.1382852443824625,3.7130332899531036,1.4252519544293594,0.4318289674630085,1.198952798245071,True,True,True,2.355963430428826e-07,9,0.4310161626602027,1.1360083936869472,1.0303650843956786
baseline,300,86,estimated,0.9985632794577993,0.9985632794577993,0.07265281346073703,5.1373654241421,3.7167106365255123,1.4259946621374995,0.4319977400386621,1.1997000938433249,True,True,True,1.561586682186089e-07,11,0.4310161626602027,1.1360083936869472,1.0303650843956786
baseline,300,87,known,0.9363797354478567,1.0,0.11042407452396513,4.881922562128928,3.4047908738407853,1.4771316882881425,0.43207467231194435,1.231735269152147,True,True,True,1.6437020255999357e-07,10,19.086079365642995,1.0268108691315967,0.9573035295736118
baseline,300,87,estimated,0.9363797354478567,0.9363797354478567,0.11042407452396513,4.823654570123904,3.571262886162675,1.4795963735641486,0.44054571527921643,1.2667985104681432,True,True,True,7.449356487221337e-08,10,19.086079365642995,1.0268108691315967,0.9573035295736118
baseline,300,88,known,0.9523184964608085,1.0,0.13150978698732876,4.657767819422787,3.549094101405617,1.10867371801717,0.42045106593310433,1.1232182239542292,True,True,True,3.082956534505854e-08,10,14.304451061757462,1.0282502919106948,0.9698874596140155
baseline,300,88,estimated,0.9523184964608085,0.9523184964608085,0.13150978698732876,4.612547976649086,3.6918215149848272,1.0967580622970716,0.4271873948721295,1.1498048943881691,True,True,True,9.016027924246828e-08,11,14.304451061757462,1.0282502919106948,0.9698874596140155
baseline,300,89,known,0.9124939747875198,1.0,0.11207829166327918,5.242424507281984,4.130209006348552,1.1122155009334327,0.4521197460152675,1.316284652095831,True,True,True,2.1727779997426921e-07,10,26.251807563744055,1.0015903920953477,0.9331089446231413
baseline,300,89,estimated,0.9124939747875198,0.9124939747875198,0.11207829166327918,5.177262146309782,4.41748185315529,1.1463365715723726,0.46452749328498416,1.372130206970144,True,True,True,1.3710049384663137e-07,10,26.251807563744055,1.0015903920953477,0.9331089446231413
baseline,300,90,known,0.9800902206207452,1.0,0.1111258833501959,4.827222088361788,3.8882007515330055,0.9390213368287821,0.42506194861699703,1.1274697349188079,True,True,True,2.3988559365736772e-08,9,5.972933813776427,1.0699502419238953,1.000881871784366
baseline,300,90,estimated,0.9800902206207452,0.9800902206207452,0.1111258833501959,4.811737152692309,3.950091819461112,0.9402907898844675,0.4277214830721979,1.1383333361567274,True,True,True,1.2555672586378406e-08,9,5.972933813776427,1.0699502419238953,1.000881871784366
baseline,300,91,known,0.9815634248828206,1.0,0.15371525643116887,4.595022054447096,4.206882830734567,0.3881392237125295,0.4165452127172808,1.039040881226889,True,True,True,6.91154820042783e-08,8,5.530972535153833,1.0465262299876699,0.9965944026498262
baseline,300,91,estimated,0.9815634248828206,0.9815634248828206,0.15371525643116887,4.5802824753964195,4.278836226929075,0.38033333397923114,0.4193356228931193,1.0499257688367776,True,True,True,1.7409938157797455e-08,9,5.530972535153833,1.0465262299876699,0.9965944026498262
baseline,300,92,known,0.9426372749843757,1.0,0.06315337241869652,5.112258065142591,2.1049501182352115,3.0073079469073796,0.4592526338733707,1.5229900887403667,True,True,True,8.624391201195181e-10,10,17.208817504687303,1.100756689082738,0.9792226624843228
baseline,300,92,estimated,0.9426372749843757,0.9426372749843757,0.06315337241869652,5.062103929209074,2.1740901689216696,3.01272549680643,0.4658401242467731,1.5506369509254871,True,True,True,2.1718999931863436e-09,10,17.208817504687303,1.100756689082738,0.9792226624843228
baseline,300,93,known,0.9980753819324343,1.0,0.124351718087053,4.503032850207873,3.674282244026264,0.8287506061816095,0.425891610546955,1.1341019919487592,True,True,True,7.043434968601048e-08,10,0.577385420269716,1.0783780460113446,1.016655668858981
baseline,300,93,estimated,0.9980753819324343,0.9980753819324343,0.124351718087053,4.501324773647558,3.6801976946462065,0.828210053976681,0.4261753086195444,1.1351921324875072,True,True,True,6.612440772713057e-08,10,0.577385420269716,1.0783780460113446,1.016655668858981
baseline,300,94,known,0.9480288852523023,1.0,0.15526643958264677,4.876067695749277,4.540096327874929,0.3359713678743477,0.4216543646368356,1.0749586248837837,True,True,True,6.10899890852351e-08,9,15.5913344243093,1.0123426820523163,0.9629096966374093
baseline,300,94,estimated,0.9480288852523023,0.9480288852523023,0.15526643958264677,4.837911547929974,4.759064019417399,0.32618139075735636,0.4293205134818374,1.1070011906715027,True,True,True,1.0112696058328652e-07,8,15.5913344243093,1.0123426820523163,0.9629096966374093
baseline,300,95,known,0.9768659327080796,1.0,0.09127302874922505,5.083661550424111,4.012288289888455,1.0713732605356556,0.4401323081374451,1.236809818836588,True,True,True,8.192703337961404e-08,10,6.940220187576108,1.0862714644628781,1.0021799891552983
baseline,300,95,estimated,0.9768659327080796,0.9768659327080796,0.09127302874922505,5.068316797908038,4.082607131306195,1.080156974703954,0.4432317143711125,1.25042881892153,True,True,True,5.670339209284947e-08,10,6.940220187576108,1.0862714644628781,1.0021799891552983
baseline,300,96,known,0.99600712866418,1.0,0.13276625417618304,4.510778466461861,3.732887174499201,0.7778912919626602,0.40840399163669583,1.0187517401286872,True,True,True,4.5930699243967865e-08,9,1.1978614007460142,1.0712203242698093,1.013409823469446
baseline,300,96,estimated,0.99600712866418,0.99600712866418,0.13276625417618304,4.507251602747124,3.7456943991230487,0.7765132794230758,0.4089556361145393,1.0208496115014845,True,True,True,4.086680949200172e-08,9,1.1978614007460142,1.0712203242698093,1.013409823469446
baseline,300,97,known,0.9518797246993344,1.0,0.10596062097692345,4.912731161180386,3.6294760600308047,1.2832551011495814,0.4394878266974445,1.254052703520236,True,True,True,6.627332238551276e-09,11,14.436082590199694,1.046120152446117,0.9736849064787962
baseline,300,97,estimated,0.9518797246993344,0.9518797246993344,0.10596062097692345,4.872773647303569,3.7651783153237552,1.2887767490692896,0.4462061345486446,1.2822671516875617,True,True,True,6.290023524258004e-08,9,14.436082590199694,1.046120152446117,0.9736849064787962
baseline,300,98,known,0.992043223167411,1.0,0.10247997323763675,4.491446865750471,2.8728767567355775,1.6185701090148938,0.4088311073491389,1.0991272300000312,True,True,True,3.7666519348000804e-08,10,2.387033049776699,1.0894844492889708,1.0145889999555135
baseline,300,98,estimated,0.992043223167411,0.992043223167411,0.10247997323763675,4.483599949174638,2.8902742264457495,1.6163229897337015,0.40984855609005216,1.1029919884921269,True,True,True,4.0970370096538034e-08,10,2.387033049776699,1.0894844492889708,1.0145889999555135
baseline,300,99,known,0.9817763887551437,1.0,0.12676757589224882,4.41697032178619,3.25552087992555,1.16144944186064,0.4264607775894808,1.1598800046653968,True,True,True,6.280775899369928e-09,11,5.467083373456882,1.0605486944878635,1.0000025841020546
baseline,300,99,estimated,0.9817763887551437,0.9817763887551437,0.12676757589224882,4.3987655331257605,3.3054655277547935,1.1535375241320438,0.4292275025204329,1.1703657989248868,True,True,True,3.0310898235796913e-09,11,5.467083373456882,1.0605486944878635,1.0000025841020546
baseline,300,100,known,0.9601185966873422,1.0,0.1662867050820615,4.436597910699871,3.721718721734525,0.7148791889653456,0.4065231022945972,1.0093237269344493,True,True,True,2.556324075100026e-08,9,11.964420993797331,1.020170145849087,0.9740132168298622
baseline,300,100,estimated,0.9601185966873422,0.9601185966873422,0.1662867050820615,4.396750618490812,3.8609635560891595,0.6897677071575178,0.412476067890268,1.0317070328171014,True,True,True,2.125164764166243e-07,9,11.964420993797331,1.020170145849087,0.9740132168298622
baseline,300,101,known,0.9765986384479026,1.0,0.09473448773127456,5.380770216601277,4.8164389615946845,0.5643312550065929,0.4407982475475703,1.1726105677587884,True,True,True,8.585406874317414e-08,9,7.020408465629213,1.0820066528291676,1.000987756468158
baseline,300,101,estimated,0.9765986384479026,0.9765986384479026,0.09473448773127456,5.369283166668794,4.902964135287263,0.5810550677883546,0.44373111912937013,1.186156277938279,True,True,True,9.021253477570212e-08,9,7.020408465629213,1.0820066528291676,1.000987756468158
baseline,300,102,known,0.8979023837487204,1.0,0.1310115273774914,5.131219499334346,3.935594831104596,1.1956246682297504,0.43042341327533523,1.1705797959551452,True,True,True,8.641135329501282e-08,11,30.629284875383867,0.9741229610144702,0.915538164722475
baseline,300,102,estimated,0.8979023837487204,0.8979023837487204,0.1310115273774914,5.044724128248264,4.272898304832414,1.2080785548233723,0.44435506002543157,1.2309783917215837,True,True,True,2.950853537075915e-07,8,30.629284875383867,0.9741229610144702,0.915538164722475
baseline,300,103,known,0.9867684113982105,1.0,0.14613619408083411,4.746530691140161,4.589402068699771,0.15712862244039028,0.4233828470806725,1.0775215460618148,True,True,True,1.1356784319054603e-07,9,3.969476580536857,1.055100382871728,1.0025789408594366
baseline,300,103,estimated,0.9867684113982105,0.9867684113982105,0.14613619408083411,4.737470184458235,4.644841077316286,0.15408773339769147,0.42537347213084425,1.0856187686543954,True,True,True,8.960060249307844e-09,11,3.969476580536857,1.055100382871728,1.0025789408594366
baseline,300,104,known,0.9849389313158157,1.0,0.10163035326204205,4.848678529202165,3.7623325144949686,1.0863460147071964,0.4277531524828255,1.1559394194533934,True,True,True,7.331072360283741e-08,9,4.518320605255299,1.0831947567131044,1.0076731886287775
baseline,300,104,estimated,0.9849389313158157,0.9849389313158157,0.10163035326204205,4.8370307615972905,3.805986426811846,1.088366557770731,0.42973005081015064,1.164062218675031,True,True,True,2.2829520929246172e-07,8,4.518320605255299,1.0831947567131044,1.0076731886287775
baseline,300,105,known,0.9834609062929269,1.0,0.08392111498961653,4.424524434133024,1.805364332003063,2.6191601021299604,0.42174945379592377,1.2687462873611461,True,True,True,8.923430894203221e-08,10,4.961728112121921,1.1024509154987805,1.0109926020068407
baseline,300,105,estimated,0.9834609062929269,0.9834609062929269,0.08392111498961653,4.406355893549934,1.8254044873611595,2.611141942058553,0.42383720705787176,1.2765135110445205,True,True,True,8.590259881202655e-08,10,4.961728112121921,1.1024509154987805,1.0109926020068407
baseline,300,106,known,0.9727053684795409,1.0,0.09427472802431865,5.036572070292797,3.8836600557667595,1.1529120145260372,0.4358496455878095,1.2060223577864264,True,True,True,2.8631849335880588e-08,10,8.188389456137724,1.0786274374629072,0.9972134275350969
baseline,300,106,estimated,0.9727053684795409,0.9727053684795409,0.09427472802431865,5.016809687342972,3.9622224233224297,1.1627346650672286,0.4393105535175486,1.2207876329172147,True,True,True,2.1940943950582437e-08,10,8.188389456137724,1.0786274374629072,0.9972134275350969
baseline,300,107,known,0.9619789993055915,1.0,0.09575755517611001,5.060507424698724,3.7426169798584152,1.3178904448403084,0.42614479280332274,1.144401049491661,True,True,True,8.337256547363836e-07,8,11.40630020832255,1.0662608413682348,0.9861075455870542
baseline,300,107,estimated,0.9619789993055915,0.9619789993055915,0.09575755517611001,5.032071726230185,3.848724430924687,1.3296796495662722,0.4307621278723178,1.1640344799896494,True,True,True,6.837490174049776e-08,9,11.40630020832255,1.0662608413682348,0.9861075455870542
baseline,300,108,known,0.991140400278165,1.0,0.09149236833972203,5.250726919792785,4.598308590903266,0.652418328889519,0.43683164388947515,1.1672947805122493,True,True,True,1.2671218051469547e-08,9,2.6578799165505096,1.1002836482494232,1.0163937699722072
baseline,300,108,estimated,0.991140400278165,0.991140400278165,0.09149236833972203,5.246054608879347,4.629303940036596,0.6577644487421882,0.437945080207666,1.1723264512508043,True,True,True,1.4106110834966046e-07,9,2.6578799165505096,1.1002836482494232,1.0163937699722072
baseline,300,109,known,0.9936107167115936,1.0,0.100124990256586,5.374469621474343,5.128439025607437,0.2460305958669055,0.43724694086365684,1.1246738671557555,True,True,True,7.953351355283189e-08,9,1.9167849865219133,1.0933438025235358,1.0166867798996697
baseline,300,109,estimated,0.9936107167115936,0.9936107167115936,0.100124990256586,5.3717417593873895,5.154176688431376,0.2504965659369006,0.4380457819667785,1.1283397529902566,True,True,True,7.996334483451051e-08,9,1.9167849865219133,1.0933438025235358,1.0166867798996697
baseline,300,110,known,0.9950982227122807,1.0,0.11597291071192872,4.935342208908008,4.395546823119562,0.5397953857884451,0.41869455452866994,1.0510271123296409,True,True,True,8.130208506429426e-09,9,1.4705331863158033,1.0812025912573124,1.0150208976514794
baseline,300,110,estimated,0.9950982227122807,0.9950982227122807,0.11597291071192872,4.932285365682965,4.413691637628125,0.5402286614791622,0.4193478730810081,1.0537828637185398,True,True,True,1.426279867544622e-07,7,1.4705331863158033,1.0812025912573124,1.0150208976514794
baseline,300,111,known,0.9996686793399755,1.0,0.09921377341683184,5.1432809540279045,4.595234511226143,0.5480464428017615,0.4297633347175152,1.1123533674064123,True,True,True,2.9820445668349294e-08,9,0.099396198007351,1.1003177515532279,1.0229566818248654
baseline,300,111,estimated,0.9996686793399755,0.9996686793399755,0.09921377341683184,5.143106386808702,4.596446945510596,0.548182339133859,0.4298064338795456,1.1125433548204822,True,True,True,2.8942108154517143e-08,9,0.099396198007351,1.1003177515532279,1.0229566818248654
baseline,300,112,known,0.9911265460704732,1.0,0.09855671253781358,4.591126650342069,2.9629374998984725,1.6281891504435968,0.4057067760864955,1.0666561963249672,True,True,True,2.7457124796015364e-08,10,2.6620361788580293,1.0924466285696606,1.0145698057163346
baseline,300,112,estimated,0.9911265460704732,0.9911265460704732,0.09855671253781358,4.582858360134687,2.982853841794532,1.626472734483831,0.40680747680229645,1.070897627196087,True,True,True,2.855250630373618e-07,9,2.6620361788580293,1.0924466285696606,1.0145698057163346
baseline,300,113,known,0.9717474162566425,1.0,0.06340696216720416,5.48823155114543,3.9373112907967114,1.5509202603487184,0.4528830041273952,1.343506034677138,True,True,True,1.045970821067499e-08,9,8.475775123007246,1.1292344477098681,1.0081864841901247
baseline,300,113,estimated,0.9717474162566425,0.9717474162566425,0.06340696216720416,5.472301148878007,4.009101674514707,1.5764669551581612,0.45612003215808045,1.3590485361777502,True,True,True,1.467797413208889e-07,9,8.475775123007246,1.1292344477098681,1.0081864841901247
baseline,300,114,known,0.9898748704463326,1.0,0.11804314199644302,4.835967958616676,4.150527106583112,0.6854408520335634,0.41711863050528836,1.0559177043644068,True,True,True,6.894635973253571e-10,7,3.03753886610022,1.0744691473885786,1.0094481430887714
baseline,300,114,estimated,0.9898748704463326,0.9898748704463326,0.11804314199644302,4.828673828556312,4.1853063566422195,0.6857442409968825,0.41845225292115834,1.061375620019409,True,True,True,1.5264796805540971e-07,9,3.03753886610022,1.0744691473885786,1.0094481430887714
baseline,300,115,known,0.9686503405662704,1.0,0.10683216105765833,5.255760325704088,4.8384535918300555,0.41730673387403233,0.45039711613773314,1.2300227304811095,True,True,True,2.0161255331885286e-08,9,9.404897830118875,1.0621219519828977,0.9902776349970129
baseline,300,115,estimated,0.9686503405662704,0.9686503405662704,0.10683216105765833,5.238469484611285,4.957954071333064,0.43594558490258506,0.4546812631893886,1.2489957171498913,True,True,True,7.072120666862247e-13,8,9.404897830118875,1.0621219519828977,0.9902776349970129
baseline,300,116,known,0.9794694238912851,1.0,0.135071207557857,4.910014431715632,4.593759354025231,0.31625507769040034,0.42050731965262317,1.055064348135541,True,True,True,2.1220432744328832e-08,9,6.159172832614468,1.0533991267919023,0.9965751464478618
baseline,300,116,estimated,0.9794694238912851,0.9794694238912851,0.135071207557857,4.8968658668351,4.677432877661904,0.3154633808614395,0.4233977352152635,1.0671750941219076,True,True,True,6.742476275855012e-08,9,6.159172832614468,1.0533991267919023,0.9965751464478618
baseline,300,117,known,0.9958589426361412,1.0,0.11525853818988839,5.465515035126201,5.445515035126202,0.02,0.42560614016363973,1.0097557667014074,True,True,True,0.24457976862804753,8,1.2423172091576506,1.082496986133868,1.0159050983323028
baseline,300,117,estimated,0.9958589426361412,0.9958589426361412,0.11525853818988839,5.464969882851411,5.467611576031055,0.02,0.42614679398373634,1.0122323312515784,True,True,True,0.24242850602827304,8,1.2423172091576506,1.082496986133868,1.0159050983323028
baseline,300,118,known,0.958459343932845,1.0,0.1148764329774656,5.0931426943844,4.389926425234423,0.7032162691499776,0.43324132867913545,1.153363158066807,True,True,True,5.281518644650873e-08,9,12.462196820146488,1.045385565320123,0.978572177714163
baseline,300,118,estimated,0.958459343932845,0.958459343932845,0.1148764329774656,5.065586758403805,4.539275901129841,0.714875356276724,0.4388519323498591,1.1777108895306658,True,True,True,3.880777620992824e-09,9,12.462196820146488,1.045385565320123,0.978572177714163
baseline,300,119,known,0.9951517318380483,1.0,0.06213725907105811,5.713997134332585,4.72012644536061,0.9938706889719751,0.4458236066344952,1.2191169785297162,True,True,True,6.617165038136363e-09,8,1.4544804485855156,1.155856828819564,1.0323353900232972
baseline,300,119,estimated,0.9951517318380483,0.9951517318380483,0.06213725907105811,5.71211143721216,4.735320828776383,0.9997487136465599,0.44633948090018294,1.2217469702165369,True,True,True,7.834743409596001e-09,8,1.4544804485855156,1.155856828819564,1.0323353900232972
baseline,300,120,known,0.8896999861610939,1.0,0.13491715484838848,4.6990055079103055,2.6441188982704587,2.054886609639847,0.4267071891032479,1.2334616218414713,True,True,True,8.990893585192339e-09,11,33.09000415167183,0.9637141043538572,0.9068252405771307
baseline,300,120,estimated,0.8896999861610939,0.8896999861610939,0.13491715484838848,4.568125102197566,2.8801696226121236,2.0056382288179564,0.44245600280871594,1.294745180010788,True,True,True,2.8066058366249536e-09,11,33.09000415167183,0.9637141043538572,0.9068252405771307
baseline,300,121,known,0.9902561614328582,1.0,0.10665155934549715,4.7090369565944465,3.5753852998784565,1.13365165671599,0.420132877152357,1.1143164639275602,True,True,True,1.1653208620288069e-08,7,2.923151570142535,1.0838860558897325,1.0119200791106266
baseline,300,121,estimated,0.9902561614328582,0.9902561614328582,0.10665155934549715,4.701012342283562,3.603067376372388,1.1330526727730819,0.42144140267753943,1.1195540795755707,True,True,True,1.198457333373426e-09,7,2.923151570142535,1.0838860558897325,1.0119200791106266
baseline,300,122,known,0.936015347275014,1.0,0.1341468708709876,5.031404781859878,4.420579900038485,0.6108248818213942,0.4372152590633454,1.183700441367231,True,True,True,8.184624977758403e-09,9,19.195395817495797,1.0104544615111077,0.9532389365161565
baseline,300,122,estimated,0.936015347275014,0.936015347275014,0.1341468708709876,4.985797010501445,4.669288684460484,0.6152711409888723,0.4468563378205141,1.2252741025495903,True,True,True,8.82769594585813e-09,9,19.195395817495797,1.0104544615111077,0.9532389365161565
baseline,300,123,known,0.9651088536605664,1.0,0.14150435920823048,5.061952058859685,5.041952058859685,0.02,0.43464501543052725,1.1271900574667562,True,True,True,0.0866270196659138,7,10.467343901830073,1.035677522364867,0.9814369061304306
baseline,300,123,estimated,0.9651088536605664,0.9651088536605664,0.14150435920823048,5.043723927001013,5.205344358770002,0.02,0.43984905826456844,1.1493900452168277,True,True,True,0.08446290172025406,5,10.467343901830073,1.035677522364867,0.9814369061304306
baseline,300,124,known,0.9891235902234364,1.0,0.12936372656171222,4.887708732695143,4.501605875406934,0.3861028572882082,0.418076745375045,1.0365431664448495,True,True,True,6.161581489472212e-08,9,3.26292293296907,1.0663150449734378,1.0069840110946942
baseline,300,124,estimated,0.9891235902234364,0.9891235902234364,0.12936372656171222,4.880673160218332,4.544085924239776,0.38601057655050236,0.4195504120609944,1.0426543414728833,True,True,True,3.699284012448345e-08,9,3.26292293296907,1.0663150449734378,1.0069840110946942
baseline,300,125,known,0.9500064764326419,1.0,0.1127687854432051,5.32274873887578,4.7531195767062515,0.5696291621695286,0.43604888543019843,1.1400563520024067,True,True,True,1.785698859890772e-07,9,14.998057070207427,1.0385573480761892,0.9704952188872651
baseline,300,125,estimated,0.9500064764326419,0.9500064764326419,0.1127687854432051,5.294577829959498,4.946474253190846,0.5953952539208783,0.4425207491174347,1.1693960178378884,True,True,True,9.592537919544952e-08,9,14.998057070207427,1.0385573480761892,0.9704952188872651
baseline,300,126,known,0.9730375856788188,1.0,0.10687625051825014,4.851303172237622,3.8266506826479953,1.0246524895896267,0.4352818113017305,1.2148421552244475,True,True,True,2.565163894630018e-07,10,8.088724296354355,1.0664706374256594,0.9946559582420661
baseline,300,126,estimated,0.9730375856788188,0.9730375856788188,0.10687625051825014,4.830119628302856,3.908268338335729,1.0272276401836893,0.4390500939061444,1.2305786675084616,True,True,True,1.354856662416637e-07,10,8.088724296354355,1.0664706374256594,0.9946559582420661
baseline,300,127,known,0.9948842309198004,1.0,0.09801056179884682,5.5487064050745305,5.528706405074531,0.02,0.4450875963332334,1.151037022448129,True,True,True,0.15167294744692228,9,1.534730724059885,1.0967689060191472,1.0184581249926499
baseline,300,127,estimated,0.9948842309198004,0.9948842309198004,0.09801056179884682,5.5484130985567806,5.556840611942956,0.02,0.4457761282179506,1.1541081488275706,True,True,True,0.14667728672746128,9,1.534730724059885,1.0967689060191472,1.0184581249926499
baseline,300,128,known,0.9504224382419131,1.0,0.07338106826032363,5.241804829691349,3.283144816437765,1.9586600132535832,0.4430097618787411,1.3196718740831501,True,True,True,1.2613492283986005e-07,10,14.873268527426076,1.0865035076773546,0.9819086329327547
baseline,300,128,estimated,0.9504224382419131,0.9504224382419131,0.07338106826032363,5.205543147962094,3.3923945186918467,1.9813352780284872,0.44897826374381455,1.346580100476296,True,True,True,2.5754138266442794e-08,11,14.873268527426076,1.0865035076773546,0.9819086329327547
baseline,300,129,known,0.9788604336176449,1.0,0.11982676883154136,5.017834348438798,4.5185919820071065,0.4992423664316923,0.4261791776507093,1.0881631413407753,True,True,True,1.7305658461808093e-08,9,6.341869914706544,1.0621955209487444,0.9981423572178272
baseline,300,129,estimated,0.9788604336176449,0.9788604336176449,0.11982676883154136,5.004851827222581,4.599532332960271,0.502551613342712,0.42907285918756466,1.1004979367371501,True,True,True,7.250409813834362e-08,9,6.341869914706544,1.0621955209487444,0.9981423572178272
baseline,300,130,known,0.9991854796119866,1.0,0.11611179583181945,4.867381454522007,4.247780119305485,0.6196013352165212,0.4119127700096773,1.0174202335931333,True,True,True,6.338369407110633e-08,9,0.244356116404032,1.0851868559031923,1.0190843243875258
baseline,300,130,estimated,0.9991854796119866,0.9991854796119866,0.11611179583181945,4.866835478516453,4.250663741906143,0.619633988890683,0.41201714743458256,1.0178530244291135,True,True,True,6.206149039122977e-08,9,0.244356116404032,1.0851868559031923,1.0190843243875258
baseline,300,131,known,0.9970629524267393,1.0,0.07448605607243541,4.422520996607741,1.5808312310334345,2.8416897655743067,0.42131652835025496,1.2836867989921321,True,True,True,7.684540925811945e-08,10,0.8811142719782228,1.131125282636156,1.0280820548426277
baseline,300,131,estimated,0.9970629524267393,0.9970629524267393,0.07448605607243541,4.419367939494252,1.5837758745097865,2.840243690073284,0.42167083958823937,1.284991178950672,True,True,True,5.1179980142812553e-08,7,0.8811142719782228,1.131125282636156,1.0280820548426277
baseline,300,132,known,0.9326958346368767,1.0,0.1644765743055927,5.251573201922235,5.231573201922235,0.02,0.42940280237905587,1.0377645144242091,True,True,True,1.343980945852711,7,20.191249608937,0.9934082752220429,0.9467433706560404
baseline,300,132,estimated,0.9326958346368767,0.9326958346368767,0.1644765743055927,5.232923653854944,5.589092885661352,0.02,0.4396742798444606,1.080607387199382,True,True,True,1.458771025428247,7,20.191249608937,0.9934082752220429,0.9467433706560404
baseline,300,133,known,0.9854452527503433,1.0,0.09007810877823144,4.696740118670549,2.9796209990824076,1.7171191195881415,0.4246795719078434,1.205417140481592,True,True,True,8.124250605590078e-09,11,4.3664241748969985,1.096302090006602,1.0110951096712386
baseline,300,133,estimated,0.9854452527503433,0.9854452527503433,0.09007810877823144,4.683612951227568,3.010921159520017,1.7165149881730082,0.42653110658896537,1.212831632905966,True,True,True,6.632558058328186e-09,11,4.3664241748969985,1.096302090006602,1.0110951096712386
baseline,300,134,known,0.9218866005223839,1.0,0.08071490267217661,6.442016874518817,6.4220168745188175,0.02,0.49226158957850663,1.418606347185178,False,True,True,0.3723862030896622,7,23.434019843284826,1.0456032118864238,0.9505119289979758
baseline,300,134,estimated,0.9218866005223839,0.9218866005223839,0.08071490267217661,6.477831515451752,7.005017224236087,0.02,0.5037868944991433,1.4758229553041646,False,False,True,0.2708232287957606,8,23.434019843284826,1.0456032118864238,0.9505119289979758
baseline,300,135,known,0.9637475301943539,1.0,0.07206348553097812,5.210060453423939,3.4263363609311654,1.7837240924927735,0.4536876700983346,1.3787286782650456,True,True,True,7.98234909282769e-08,11,10.875740941693834,1.1023166567305296,0.9958094070914028
baseline,300,135,estimated,0.9637475301943539,0.9637475301943539,0.07206348553097812,5.184110836618254,3.507914093109312,1.8033672932501883,0.4581078208525357,1.3984458843994367,True,True,True,1.500931379183612e-09,11,10.875740941693834,1.1023166567305296,0.9958094070914028
baseline,300,136,known,0.9951147031984431,1.0,0.07282283090654063,4.860243225754025,2.883944193329183,1.9762990324248422,0.4344219282515165,1.2627866495953244,True,True,True,1.0648558701475963e-08,11,1.4655890404670746,1.1322389281272365,1.0268422613433843
baseline,300,136,estimated,0.9951147031984431,0.9951147031984431,0.07282283090654063,4.856186703495789,2.893019462976405,1.977300499248704,0.43498866601788533,1.26507087113865,True,True,True,1.0854737109156076e-08,11,1.4655890404670746,1.1322389281272365,1.0268422613433843
baseline,300,137,known,0.9714051388413778,1.0,0.08469602831548721,4.869293974679404,2.9337240182533226,1.9355699564260809,0.41483789333934074,1.1312848456799345,True,True,True,3.180642873523709e-07,10,8.57845834758666,1.0893064672009982,0.9986849375263889
baseline,300,137,estimated,0.9714051388413778,0.9714051388413778,0.08469602831548721,4.8446254933106045,2.9927551404068513,1.93744777062544,0.418161177506975,1.144729194054829,True,True,True,1.6739842845225894e-09,10,8.57845834758666,1.0893064672009982,0.9986849375263889
baseline,300,138,known,0.9910260851922192,1.0,0.08241353307998499,5.276045728122178,4.298876702068346,0.9771690260538327,0.4301369531781973,1.1422561403778833,True,True,True,4.285313071061836e-08,9,2.6921744423342275,1.112192765857256,1.0190614152589945
baseline,300,138,estimated,0.9910260851922192,0.9910260851922192,0.08241353307998499,5.27109198600043,4.327132478087178,0.9827908261335878,0.4311880699571499,1.1470648465185984,True,True,True,3.0187301758299867e-07,10,2.6921744423342275,1.112192765857256,1.0190614152589945
baseline,300,139,known,0.922069525667074,1.0,0.15647129991921202,4.929945355839232,4.329341334638429,0.6006040212008029,0.4286583935737256,1.1142179343072955,True,True,True,5.6182846893374e-09,9,23.3791422998778,0.9858880933554344,0.9368357518252219
baseline,300,139,estimated,0.922069525667074,0.922069525667074,0.15647129991921202,4.865441345891916,4.633031721749958,0.593463983817425,0.43994007657472145,1.1607111691210235,True,True,True,8.765514980524358e-09,9,23.3791422998778,0.9858880933554344,0.9368357518252219
baseline,300,140,known,0.9731659730122993,1.0,0.1054103745309262,5.677563371179135,5.657563371179135,0.02,0.4453073209315179,1.1340268164911291,True,True,True,0.17321141584095434,7,8.050208096310197,1.0678983396281703,0.9950849787282748
baseline,300,140,estimated,0.9731659730122993,0.9731659730122993,0.1054103745309262,5.677233375818703,5.813225629239303,0.02,0.44900931286999285,1.1511795345527376,True,True,True,0.14742427661845503,8,8.050208096310197,1.0678983396281703,0.9950849787282748
baseline,300,141,known,0.999063490731665,1.0,0.13286326211461638,4.217994304181195,3.029511002549054,1.1884833016321406,0.3962358130408596,0.9977308090062421,False,True,True,5.234788647001665e-08,11,0.28095278050049854,1.074221770652307,1.0164534792438642
baseline,300,141,estimated,0.999063490731665,0.999063490731665,0.13286326211461638,4.216974235704867,3.0319129181919915,1.1879007320615462,0.39636346831370045,0.9981886584298005,False,True,True,6.053506740322234e-08,11,0.28095278050049854,1.074221770652307,1.0164534792438642
baseline,300,142,known,0.9718839971121754,1.0,0.11910740577515612,4.8424818517687,3.9549456849889078,0.8875361667797923,0.4165817765665651,1.0695931132481251,True,True,True,2.1359557814662784e-08,9,8.43480086634737,1.055722396413983,0.9912823761368021
baseline,300,142,estimated,0.9718839971121754,0.9718839971121754,0.11910740577515612,4.820546989451617,4.046717176945231,0.8876073243395872,0.42027397186688625,1.0847280267922792,True,True,True,5.694018774898094e-08,9,8.43480086634737,1.055722396413983,0.9912823761368021
baseline,300,143,known,0.9379823059191835,1.0,0.08524587460222391,4.748675826346709,1.974550905000481,2.774124921346228,0.42822499667368297,1.3062817253565728,True,True,True,8.856747474306204e-08,10,18.605308224244943,1.0551231563330692,0.965086146575963
baseline,300,143,estimated,0.9379823059191835,0.9379823059191835,0.08524587460222391,4.683325458757108,2.055239772856888,2.7555469173959852,0.43579741278303546,1.335594704990587,True,True,True,8.727288181020754e-08,10,18.605308224244943,1.0551231563330692,0.965086146575963
baseline,300,144,known,0.9748572081192463,1.0,0.10328093096036461,4.630989722120472,3.0223470644190717,1.6086426577014004,0.4204281388544552,1.1507344274977875,True,True,True,5.774389855162099e-10,7,7.542837564226124,1.0715427642265216,0.9972281393297053
baseline,300,144,estimated,0.9748572081192463,0.9748572081192463,0.10328093096036461,4.606949829648806,3.079611914514784,1.6047679565741566,0.4236875705844981,1.1633273916573832,True,True,True,3.190800679231387e-08,7,7.542837564226124,1.0715427642265216,0.9972281393297053
baseline,300,145,known,0.9636996571252083,1.0,0.14614873391725305,4.616365050269458,3.913895285901179,0.7024697643682795,0.4186414108435799,1.0778427662711976,True,True,True,1.3691847655650236e-10,9,10.890102862437502,1.032025765586974,0.9795088300132516
baseline,300,145,estimated,0.9636996571252083,0.9636996571252083,0.14614873391725305,4.583702701108891,4.039412117267391,0.6909226287108936,0.42388508570604744,1.098293363397074,True,True,True,1.6878873965175956e-07,8,10.890102862437502,1.032025765586974,0.9795088300132516
baseline,300,146,known,0.9823053763179941,1.0,0.12050649666474396,4.836409059785557,4.145960012872933,0.6904490469126243,0.4202860939221205,1.0795518404273206,True,True,True,1.983688256645901e-09,7,5.308387104601775,1.0651704045244066,1.0014785384778269
baseline,300,146,estimated,0.9823053763179941,0.9823053763179941,0.12050649666474396,4.82331311760091,4.206849212466525,0.6909025188359231,0.42264832394691293,1.0892280113609571,True,True,True,4.144082082675642e-08,9,5.308387104601775,1.0651704045244066,1.0014785384778269
baseline,300,147,known,0.9956278052520195,1.0,0.10034981335586805,5.229560157266063,4.801409421109792,0.42815073615627086,0.4315938542489123,1.1166215428218427,True,True,True,8.24455619807623e-08,6,1.3116584243941354,1.095137449677243,1.0186521689712909
baseline,300,147,estimated,0.9956278052520195,0.9956278052520195,0.10034981335586805,5.227446277222576,4.81823735245534,0.43027519681416393,0.4321594880528722,1.1191729840905509,True,True,True,1.599015986286645e-07,9,1.3116584243941354,1.095137449677243,1.0186521689712909
baseline,300,148,known,0.9551359003199279,1.0,0.14671524220672197,4.810206345847322,4.277524272529165,0.532682073318157,0.4183005577871945,1.0650706988883987,True,True,True,4.175189083355235e-09,8,13.45922990402163,1.023198182704399,0.9708840296016218
baseline,300,148,estimated,0.9551359003199279,0.9551359003199279,0.14671524220672197,4.775568393072672,4.452355814367797,0.5229635137718206,0.4248145979992132,1.0919178500976636,True,True,True,3.1496190067381955e-07,9,13.45922990402163,1.023198182704399,0.9708840296016218
baseline,300,149,known,0.9904090823596777,1.0,0.0815176156698276,4.762894200066185,2.8585812364153482,1.9043129636508374,0.42101212034513363,1.175885513589529,True,True,True,1.2712287400518107e-07,10,2.8772752920966815,1.112907442537747,1.01875253405268
baseline,300,149,estimated,0.9904090823596777,0.9904090823596777,0.0815176156698276,4.754533457665062,2.877506144364294,1.9046252377408865,0.42215869674437856,1.1804459613649279,True,True,True,6.887576642355953e-08,10,2.8772752920966815,1.112907442537747,1.01875253405268
baseline,300,150,known,0.9764264658375218,1.0,0.06700879727714906,5.5285296864771505,4.343286506593204,1.185243179883947,0.45645666365041754,1.3405630463177478,True,True,True,1.864416354635523e-08,9,7.072060248743462,1.1254483055204325,1.0109068728251338
baseline,300,150,estimated,0.9764264658375218,0.9764264658375218,0.06700879727714906,5.516302944090805,4.410617482391341,1.2096593035982397,0.459186838983029,1.3537695633486229,True,True,True,4.0383989485803795e-09,9,7.072060248743462,1.1254483055204325,1.0109068728251338
baseline,300,151,known,0.9727746674563708,1.0,0.08430000515445565,5.325954040015642,4.2951108455997415,1.0308431944159007,0.4429282875225558,1.2172025865828857,True,True,True,1.8306210125551559e-07,10,8.167599763088774,1.0912298707138781,1.0001826207255688
baseline,300,151,estimated,0.9727746674563708,0.9727746674563708,0.08430000515445565,5.3101931624606085,4.379455634248329,1.0499696642147616,0.4462341503740861,1.2321976889833999,True,True,True,5.5768030168287325e-09,9,8.167599763088774,1.0912298707138781,1.0001826207255688
baseline,300,152,known,0.9335300338108734,1.0,0.0901368723941869,4.785743920654632,2.2727219148437685,2.5130220058108628,0.45104986038447165,1.4204266933609988,True,True,True,3.521193780997578e-08,11,19.94098985673798,1.0443145993270824,0.9591631686256941
baseline,300,152,estimated,0.9335300338108734,0.9335300338108734,0.0901368723941869,4.716876373811621,2.3745397959127836,2.500172157847896,0.4598729513408007,1.4555128733893232,True,True,True,1.0590893051443118e-08,10,19.94098985673798,1.0443145993270824,0.9591631686256941
baseline,300,153,known,0.9650332279106764,1.0,0.10339428468073796,5.165739733044934,4.449574577462116,0.7161651555828186,0.4453741689622861,1.2283615049468615,True,True,True,3.201467402291769e-08,9,10.49003162679709,1.0616127852432133,0.9873796333140392
baseline,300,153,estimated,0.9650332279106764,0.9650332279106764,0.10339428468073796,5.143096525609156,4.56837626534233,0.7344616319553265,0.4499506544192852,1.2483007227731504,True,True,True,2.9078594310227857e-08,9,10.49003162679709,1.0616127852432133,0.9873796333140392
baseline,300,154,known,0.9885831272532586,1.0,0.09456183174310408,5.754984819992524,5.734984819992524,0.02,0.44218187950841,1.1233096751933036,True,True,True,0.32143650035373583,9,3.425061824022424,1.0941836011559671,1.013016776213691
baseline,300,154,estimated,0.9885831272532586,0.9885831272532586,0.09456183174310408,5.755896938227435,5.802139223399869,0.02,0.44369595411824614,1.13059862724203,True,True,True,0.31143765458766626,8,3.425061824022424,1.0941836011559671,1.013016776213691
baseline,300,155,known,0.9303864389435582,1.0,0.13603437978880886,4.740783278671952,3.590041685884777,1.1507415927871754,0.43593270609360796,1.212206303998883,True,True,True,5.550427673028935e-09,11,20.884068316932535,1.0037926930146446,0.9473710468452775
baseline,300,155,estimated,0.9303864389435582,0.9303864389435582,0.13603437978880886,4.673291600917348,3.8000364055209013,1.1377892617288772,0.4462501990594009,1.2533374015203158,True,True,True,2.517424380066302e-09,13,20.884068316932535,1.0037926930146446,0.9473710468452775
baseline,300,156,known,0.9447839136032876,1.0,0.0798499926106608,5.999567451221269,5.641403903642771,0.3581635475784985,0.4732617580610623,1.348345723590173,False,True,True,3.0744000678595285e-09,9,16.564825919013714,1.0698405844770025,0.9737193026537558
baseline,300,156,estimated,0.9447839136032876,0.9447839136032876,0.0798499926106608,5.984033275105897,5.869173215223506,0.4389328352114421,0.48027633953207205,1.3854076140084541,False,True,True,3.5957816502119044e-08,9,16.564825919013714,1.0698405844770025,0.9737193026537558
baseline,300,157,known,0.9540606203519031,1.0,0.1529443152493205,4.668043601408826,4.058278941844637,0.6097646595641893,0.42115186497008555,1.0895861826774123,True,True,True,3.053771613359402e-08,11,13.781813894429074,1.0193508812478491,0.9691673642547416
baseline,300,157,estimated,0.9540606203519031,0.9540606203519031,0.1529443152493205,4.628499899907,4.229715344554139,0.5930950543697145,0.4281671155762028,1.1175281761580949,True,True,True,1.356538923413808e-07,8,13.781813894429074,1.0193508812478491,0.9691673642547416
baseline,300,158,known,0.9741568228339411,1.0,0.09114078212732916,4.90467590294795,3.416237148366635,1.4884387545813151,0.4320242653573694,1.2114791964522755,True,True,True,8.850708566043863e-08,10,7.752953149817666,1.0837211036322916,0.9995076103511975
baseline,300,158,estimated,0.9741568228339411,0.9741568228339411,0.09114078212732916,4.883818591889462,3.4805750988397244,1.4931926119688255,0.4353142904721573,1.2251181347142108,True,True,True,7.2956495289489e-08,10,7.752953149817666,1.0837211036322916,0.9995076103511975
baseline,300,159,known,0.9990698497797689,1.0,0.11090744246150527,4.882414501429738,4.217121585583401,0.6652929158463377,0.417534792093287,1.0604185299098465,True,True,True,1.2152596609821129e-08,7,0.2790450660693389,1.0891068574282494,1.019902451727726
baseline,300,159,estimated,0.9990698497797689,0.9990698497797689,0.11090744246150527,4.881794211179519,4.220341810085818,0.6653779529578023,0.417656498638401,1.0609269463215205,True,True,True,5.107852247362337e-08,9,0.2790450660693389,1.0891068574282494,1.019902451727726
baseline,1000,0,known,0.9724296179806349,1.0,0.13153468398930734,4.734416557818451,4.013881669735604,0.7205348880828468,0.22933641615674577,0.5909157938503552,True,True,True,8.701960485524296e-09,12,27.570382019365127,0.9952048448842667,0.9776993092859053
baseline,1000,0,estimated,0.9724296179806349,0.9724296179806349,0.13153468398930734,4.712105407258097,4.109088504233679,0.716306042837522,0.23145150056292105,0.5994137398483224,True,True,True,1.53100569896766e-09,9,27.570382019365127,0.9952048448842667,0.9776993092859053
baseline,1000,1,known,0.9831447595747963,1.0,0.0866250370243454,4.961425751471106,3.487572832259241,1.4738529192118648,0.22980642706630325,0.6195004230943143,True,True,True,1.1845129321841341e-09,9,16.8552404252037,1.0177275127424752,0.9911464552088789
baseline,1000,1,estimated,0.9831447595747963,0.9831447595747963,0.0866250370243454,4.948723454193531,3.5304826191575707,1.4777479683988641,0.23091097283473863,0.6241679679689414,True,True,True,3.5785889807016247e-09,9,16.8552404252037,1.0177275127424752,0.9911464552088789
baseline,1000,2,known,0.9988928482624747,1.0,0.1287135687324181,4.683819181017708,4.139111307430404,0.5447078735873045,0.2260701112744394,0.5654467864313738,True,True,True,2.0336040584822968e-07,9,1.1071517375252915,1.022167257503522,1.0042780394850173
baseline,1000,2,estimated,0.9988928482624747,0.9988928482624747,0.1287135687324181,4.682985848229993,4.1430599952532,0.5445128490492102,0.22615334862650782,0.5657787533603882,True,True,True,8.069805947775917e-07,9,1.1071517375252915,1.022167257503522,1.0042780394850173
baseline,1000,3,known,0.989502411937052,1.0,0.08167129305699773,5.031119531488352,3.645831995089643,1.3852875363987092,0.23477388057306145,0.6481666191744755,True,True,True,4.008797471755088e-08,11,10.497588062947983,1.0261827700092978,0.9979894476458684
baseline,1000,3,estimated,0.989502411937052,0.989502411937052,0.08167129305699773,5.023724237177952,3.673117054926257,1.3891660520012996,0.23546692214532539,0.6511510245250907,True,True,True,1.0681133399970122e-07,11,10.497588062947983,1.0261827700092978,0.9979894476458684
baseline,1000,4,known,0.9988963406889684,1.0,0.09516250563624132,5.030035302375534,4.2164810772111325,0.8135542251644015,0.233200485633444,0.6158425077734744,True,True,True,1.3194823011986045e-10,6,1.103659311031624,1.0303765150867,1.006180167191073
baseline,1000,4,estimated,0.9988963406889684,0.9988963406889684,0.09516250563624132,5.029353884077817,4.22009919858234,0.8139122372694689,0.23327756748623651,0.6161774346130022,True,True,True,1.938746940766123e-09,9,1.103659311031624,1.0303765150867,1.006180167191073
baseline,1000,5,known,0.9840502241940006,1.0,0.10186996170358137,4.96028475444101,4.016719676493144,0.9435650779478654,0.23203469244833408,0.6122587548727302,True,True,True,1.1805896704686347e-08,9,15.949775805999433,1.0134576395248407,0.9908544594068972
baseline,1000,5,estimated,0.9840502241940006,0.9840502241940006,0.10186996170358137,4.949004289489544,4.066547289104939,0.9473175179503236,0.23314101518313887,0.6169278034744935,True,True,True,7.724157025101874e-07,11,15.949775805999433,1.0134576395248407,0.9908544594068972
baseline,1000,6,known,0.9803016324287287,1.0,0.09651521340558641,4.620517193754253,2.8735821819469614,1.7469350118072917,0.22912475038572516,0.6375973513028335,True,True,True,8.652236926920409e-09,11,19.6983675712713,1.0113405968349412,0.9874833725513675
baseline,1000,6,estimated,0.9803016324287287,0.9803016324287287,0.09651521340558641,4.601660685721992,2.9152162076923642,1.7438694784384796,0.23049786873728947,0.6429439493122193,True,True,True,4.618316193916172e-07,10,19.6983675712713,1.0113405968349412,0.9874833725513675
baseline,1000,7,known,0.9986742002040432,1.0,0.08242785244389149,4.939889920812496,3.564409477314507,1.3754804434979881,0.23343983161961365,0.6419724828396006,True,True,True,9.417678281664621e-08,9,1.3257997959568169,1.03501788968198,1.0070833381350814
baseline,1000,7,estimated,0.9986742002040432,0.9986742002040432,0.08242785244389149,4.938925840493967,3.5677902410268927,1.3758657750406444,0.23352798138062902,0.6423448717195672,True,True,True,7.992287720526292e-08,10,1.3257997959568169,1.03501788968198,1.0070833381350814
baseline,1000,8,known,0.991185741576754,1.0,0.09837436393752333,4.718435524157412,3.4230772271107717,1.2953582970466406,0.23323394120700283,0.6423075601595493,True,True,True,4.101175745674368e-07,10,8.814258423246013,1.021638108978657,0.9982317559326909
baseline,1000,8,estimated,0.991185741576754,0.991185741576754,0.09837436393752333,4.710950787192603,3.445733811643446,1.2955885638226987,0.23386094306102997,0.6448199927713528,True,True,True,1.4851218210765182e-07,12,8.814258423246013,1.021638108978657,0.9982317559326909
baseline,1000,9,known,0.979569658428158,1.0,0.08312073398793864,5.168776143950571,3.9428405625054235,1.2259355814451474,0.23813128220839347,0.6592869297532004,True,True,True,3.2802609177652426e-08,9,20.430341571841982,1.0156103925485844,0.9879086990899083
baseline,1000,9,estimated,0.979569658428158,0.979569658428158,0.08312073398793864,5.15547576621203,4.000662461695854,1.236548205122268,0.23948644915615822,0.6652939123764664,True,True,True,3.3344835403699386e-08,9,20.430341571841982,1.0156103925485844,0.9879086990899083
baseline,1000,10,known,0.999030987011483,1.0,0.08075319644891406,5.26883714892012,4.421302464028532,0.8475346848915881,0.2404015391726195,0.6558141731525063,True,True,True,8.416361203522627e-07,11,0.9690129885170373,1.036128370214749,1.0076145132499574
baseline,1000,10,estimated,0.999030987011483,0.999030987011483,0.08075319644891406,5.268318733690879,4.424392946804007,0.8482130811186287,0.24046566848738007,0.6561059171285053,True,True,True,1.5134610897860057e-08,9,0.9690129885170373,1.036128370214749,1.0076145132499574
baseline,1000,11,known,0.9937478746873781,1.0,0.11208172520164954,4.704551237650826,3.755379770361241,0.949171467289585,0.22792997560781159,0.5927346873839627,True,True,True,7.113368782896146e-09,12,6.25212531262187,1.0204759810594408,0.9999321761808899
baseline,1000,11,estimated,0.9937478746873781,0.9937478746873781,0.11208172520164954,4.699520188684041,3.7743866530807906,0.9487314739365994,0.22838503541439412,0.5945566389798801,True,True,True,3.875532783581548e-09,12,6.25212531262187,1.0204759810594408,0.9999321761808899
baseline,1000,12,known,0.9990551065805394,1.0,0.09489558794252255,5.083670269427913,4.395954128664436,0.687716140763476,0.2370700796887525,0.6357422983602062,True,True,True,6.401833285707426e-09,9,0.9448934194605796,1.0306238268815135,1.006359420675519
baseline,1000,12,estimated,0.9990551065805394,0.9990551065805394,0.09489558794252255,5.083127469297545,4.399200410815171,0.6880838340014419,0.2371387053726734,0.6360438181655477,True,True,True,4.800565500673315e-09,9,0.9448934194605796,1.0306238268815135,1.006359420675519
baseline,1000,13,known,0.9935191728969488,1.0,0.07150682581765803,5.1240763027038305,3.6116606527797734,1.5124156499240573,0.24104407218597634,0.6950392630543134,True,True,True,9.102492426471542e-07,10,6.480827103051201,1.0354135268876166,1.0032126136647919
baseline,1000,13,estimated,0.9935191728969488,0.9935191728969488,0.07150682581765803,5.1197038357503795,3.62729772490371,1.5159140002530616,0.241462219618762,0.6968764680355296,True,True,True,8.425608863937839e-07,10,6.480827103051201,1.0354135268876166,1.0032126136647919
baseline,1000,14,known,0.9688474889222496,1.0,0.10292276568971888,4.807220744630287,3.4486885977759543,1.358532146854333,0.23341471675486625,0.6430797637295678,True,True,True,2.1905920188913797e-07,10,31.15251107775041,0.9979540937970663,0.9755821231493318
baseline,1000,14,estimated,0.9688474889222496,0.9688474889222496,0.10292276568971888,4.780498299321977,3.5306530501719524,1.359833957407199,0.23564366301562156,0.6521431469929778,True,True,True,5.739671395943446e-07,8,31.15251107775041,0.9979540937970663,0.9755821231493318
baseline,1000,15,known,0.9992765536177951,1.0,0.08823967632392837,4.9655912192703155,3.871087134102804,1.0945040851675112,0.2358833159872761,0.6435942189642138,True,True,True,7.42406400799922e-08,12,0.7234463822048953,1.03322649992717,1.0071318315317281
baseline,1000,15,estimated,0.9992765536177951,0.9992765536177951,0.08823967632392837,4.965090109216704,3.8731413262256913,1.0947507930712395,0.23593275558131277,0.6438034972135052,True,True,True,7.558001025032013e-08,12,0.7234463822048953,1.03322649992717,1.0071318315317281
baseline,1000,16,known,0.9949022243375523,1.0,0.1032374314386129,4.739114862560543,3.662374078777243,1.0767407837832996,0.23198694186944938,0.6216076331772578,True,True,True,6.827995679969945e-08,10,5.097775662447734,1.023920112828272,1.001616331526204
baseline,1000,16,estimated,0.9949022243375523,0.9949022243375523,0.1032374314386129,4.734937535537321,3.676587964266298,1.0770919919161077,0.23234448288914153,0.6230334761431651,True,True,True,5.356147267931988e-07,11,5.097775662447734,1.023920112828272,1.001616331526204
baseline,1000,17,known,0.9913533627613058,1.0,0.08141662770711335,5.235659823652542,4.262151160870098,0.9735086627824442,0.24060249936677727,0.6650510013202915,True,True,True,1.1356289908448503e-07,9,8.646637238694188,1.028148454352802,0.9998669453067959
baseline,1000,17,estimated,0.9913533627613058,0.9913533627613058,0.08141662770711335,5.230734485893565,4.288870102088196,0.9789486877420069,0.24118711954853098,0.6677003467180913,True,True,True,9.199861894515493e-08,9,8.646637238694188,1.028148454352802,0.9998669453067959
baseline,1000,18,known,0.9781066339734129,1.0,0.08061129710031853,4.95404622752929,3.229048105782692,1.7249981217465973,0.23727241365211674,0.6812866561291024,True,True,True,1.77174284710091e-06,10,21.893366026587092,1.0152693193700502,0.9867052697167051
baseline,1000,18,estimated,0.9781066339734129,0.9781066339734129,0.08061129710031853,4.936626052357907,3.2778464139590504,1.7305427297185982,0.23873184217229848,0.6874131848000452,True,True,True,1.2806845295365576e-06,10,21.893366026587092,1.0152693193700502,0.9867052697167051
baseline,1000,19,known,0.9941857325876762,1.0,0.07130760292295417,5.108083449663827,3.5315739961294854,1.5765094535343411,0.23822425014995627,0.6779384777492462,True,True,True,2.8676957652962187e-07,10,5.814267412323826,1.0361971332063562,1.0039062553951652
baseline,1000,19,estimated,0.9941857325876762,0.9941857325876762,0.07130760292295417,5.104148361009273,3.545459283446132,1.5793033259366025,0.2385991228900107,0.6795847694034475,True,True,True,2.7399263302640975e-08,8,5.814267412323826,1.0361971332063562,1.0039062553951652
baseline,1000,20,known,0.9945888212230175,1.0,0.07152373561644346,5.191602153152804,3.8350110819699292,1.356591071182875,0.2432456292446552,0.7010647924947688,True,True,True,2.9659377176471935e-08,8,5.411178776982495,1.03647327045843,1.004279970246288
baseline,1000,20,estimated,0.9945888212230175,0.9945888212230175,0.07152373561644346,5.188207868421623,3.849040173028126,1.35999553988954,0.24360180284145305,0.7026590491607276,True,True,True,6.378684669350321e-07,10,5.411178776982495,1.03647327045843,1.004279970246288
baseline,1000,21,known,0.9980014900607748,1.0,0.08653170348872727,5.192879536326733,4.387242320187605,0.8056372161391281,0.23832053056419955,0.6428036221757248,True,True,True,4.4210080485385106e-08,12,1.9985099392252348,1.0326215443619622,1.0060118163644773
baseline,1000,21,estimated,0.9980014900607748,0.9980014900607748,0.08653170348872727,5.191775457558391,4.393801523123833,0.8067549904495048,0.23845820541969967,0.6434201798989215,True,True,True,1.5125989927256e-06,8,1.9985099392252348,1.0326215443619622,1.0060118163644773
baseline,1000,22,known,0.9990459697778542,1.0,0.06687194319780931,5.045797508592844,3.249074165178303,1.7967233434145407,0.24045670119778872,0.7049449390263522,True,True,True,2.4037994261760787e-08,11,0.9540302221457964,1.0438440140741374,1.00941126122018
baseline,1000,22,estimated,0.9990459697778542,0.9990459697778542,0.06687194319780931,5.045111152400823,3.2510701911123294,1.7971425805051318,0.2405171843060723,0.7052051574872497,True,True,True,2.4083957939069478e-08,11,0.9540302221457964,1.0438440140741374,1.00941126122018
baseline,1000,23,known,0.9873334497683529,1.0,0.09175561982422013,5.114510671017866,4.175673662985757,0.9388370080321091,0.23558990549307465,0.6304947566260698,True,True,True,2.8221203152156704e-08,9,12.66655023164709,1.0199824829206876,0.9948877247205339
baseline,1000,23,estimated,0.9873334497683529,0.9873334497683529,0.09175561982422013,5.1065716780145305,4.215545118853835,0.9444229731624332,0.23645078455585683,0.6342666076325916,True,True,True,1.9132559181400666e-07,11,12.66655023164709,1.0199824829206876,0.9948877247205339
baseline,1000,24,known,0.9879988755767375,1.0,0.08783134040591722,4.973421524720999,3.71404651922394,1.259375005497059,0.23616992180283417,0.6536581944165144,True,True,True,1.4697221750736844e-07,10,12.00112442326251,1.0221066582851541,0.9958906733946522
baseline,1000,24,estimated,0.9879988755767375,0.9879988755767375,0.08783134040591722,4.964767551421835,3.7467393347569913,1.2629933016027937,0.23700026473852653,0.6571910351163601,True,True,True,1.258769533052373e-07,10,12.00112442326251,1.0221066582851541,0.9958906733946522
baseline,1000,25,known,0.9509983312677447,1.0,0.12574041096365918,4.865599002715712,3.926762905448163,0.9388360972675488,0.23192276165038633,0.6130672935152697,True,True,True,1.8955249279153396e-08,9,49.00166873225531,0.9748230686818748,0.9565108564396266
baseline,1000,25,estimated,0.9509983312677447,0.9509983312677447,0.12574041096365918,4.825461635018172,4.0882178857909395,0.9375732477720412,0.2356179491334216,0.6283013549804886,True,True,True,5.044612505500368e-09,12,49.00166873225531,0.9748230686818748,0.9565108564396266
baseline,1000,26,known,0.9987981204675161,1.0,0.09054108456198504,4.831389598010361,3.605969135887333,1.2254204621230285,0.23666683600707544,0.6577524794796187,True,True,True,6.404703669637968e-07,10,1.2018795324838516,1.0318851139362446,1.0064537298951393
baseline,1000,26,estimated,0.9987981204675161,0.9987981204675161,0.09054108456198504,4.8304634521837615,3.609143294501756,1.225657913137469,0.23675126994382117,0.6580996189269113,True,True,True,6.225048458929905e-07,10,1.2018795324838516,1.0318851139362446,1.0064537298951393
baseline,1000,27,known,0.9898226551464547,1.0,0.08561609636917714,5.095065270590148,3.9803103589044504,1.114754911685697,0.23585178063195708,0.6445707978995068,True,True,True,5.405241765288338e-08,9,10.177344853545268,1.024812947867071,0.9979186465540878
baseline,1000,27,estimated,0.9898226551464547,0.9898226551464547,0.08561609636917714,5.088519072156418,4.010240199265444,1.1190924703444496,0.23654378201468634,0.6476184648454548,True,True,True,3.6912930934107635e-08,9,10.177344853545268,1.024812947867071,0.9979186465540878
baseline,1000,28,known,0.9892955310616083,1.0,0.07854732685811514,5.072129718721679,3.63264064443939,1.439489074282289,0.235207869723412,0.6517912739835823,True,True,True,9.276104831020884e-09,9,10.70446893839172,1.0274347318897328,0.998120111200561
baseline,1000,28,estimated,0.9892955310616083,0.9892955310616083,0.07854732685811514,5.064696236302276,3.659826427118355,1.4440463074929144,0.23589920312433074,0.6547881092284986,True,True,True,2.24164709017316e-07,10,10.70446893839172,1.0274347318897328,0.998120111200561
baseline,1000,29,known,0.9878886812457964,1.0,0.08201414391497311,5.178805100719739,4.123725272682166,1.0550798280375733,0.24313324460787555,0.6865844084889465,True,True,True,1.7049862943707694e-07,10,12.11131875420357,1.0244157012273714,0.9963402378611841
baseline,1000,29,estimated,0.9878886812457964,0.9878886812457964,0.08201414391497311,5.171296777410871,4.159285231493088,1.0623859751460467,0.24395949883896034,0.6902550033786016,True,True,True,8.061772356349195e-07,11,12.11131875420357,1.0244157012273714,0.9963402378611841
baseline,1000,30,known,0.9956050112995751,1.0,0.0954814460093137,4.98388546150186,4.102251882868075,0.8816335786337842,0.23593159364334593,0.6347976083971187,True,True,True,2.4132684739441856e-08,9,4.394988700424873,1.0269800312512187,1.0028645073538383
baseline,1000,30,estimated,0.9956050112995751,0.9956050112995751,0.0954814460093137,4.980935599779164,4.115904686966452,0.8831202674039553,0.23623710946478962,0.6360949027349134,True,True,True,2.1143044981464243e-08,9,4.394988700424873,1.0269800312512187,1.0028645073538383
baseline,1000,31,known,0.9923908628997675,1.0,0.10907047232017068,5.106902323595173,4.697447627700036,0.40945469589513667,0.234441499040772,0.606069858720091,True,True,True,7.264675083717975e-08,9,7.609137100232477,1.019856887478447,0.9987459025893844
baseline,1000,31,estimated,0.9923908628997675,0.9923908628997675,0.10907047232017068,5.102873697283944,4.727188915447227,0.41165461039305357,0.23500550274229196,0.6085595844471278,True,True,True,1.777300084881972e-09,9,7.609137100232477,1.019856887478447,0.9987459025893844
baseline,1000,32,known,0.9925478980197989,1.0,0.1019069560596106,5.358304497610668,5.218003413852887,0.14030108375778091,0.2427090439954044,0.6410293605594553,True,True,True,6.333900823829453e-07,9,7.452101980201076,1.0219446378439345,0.9993496631530298
baseline,1000,32,estimated,0.9925478980197989,0.9925478980197989,0.1019069560596106,5.355303721550707,5.249274746883307,0.1451471054032693,0.24325510691087396,0.6435442789409208,True,True,True,1.3626263490884583e-06,11,7.452101980201076,1.0219446378439345,0.9993496631530298
baseline,1000,33,known,0.9886560476802794,1.0,0.08299448023540011,4.891126806283813,3.3118378530225194,1.5792889532612933,0.23636861737407056,0.667751618593562,True,True,True,4.957573818131777e-07,10,11.343952319720628,1.0247516080724535,0.9970077739468208
baseline,1000,33,estimated,0.9886560476802794,0.9886560476802794,0.08299448023540011,4.882133469722696,3.3381626561239632,1.5818387716052753,0.23713175949582396,0.6709070624669355,True,True,True,8.10419143348895e-07,10,11.343952319720628,1.0247516080724535,0.9970077739468208
baseline,1000,34,known,0.9937372485453815,1.0,0.11373400333684774,4.548476290170784,3.396200692780824,1.1522755973899599,0.22747056674738234,0.599356635468276,False,True,True,5.921317862700448e-07,11,6.26275145461852,1.0200770606126792,0.9998317071964767
baseline,1000,34,estimated,0.9937372485453815,0.9937372485453815,0.11373400333684774,4.542786333587515,3.4133018000053936,1.1508611943951577,0.22793506693723192,0.6011480814790808,False,True,True,5.718403439658459e-08,10,6.26275145461852,1.0200770606126792,0.9998317071964767
baseline,1000,35,known,0.9963829675131765,1.0,0.08921578681092829,5.18426493010466,4.486255865829331,0.6980090642753286,0.2417211038564345,0.6606955085263088,True,True,True,6.820481956992808e-10,9,3.617032486823546,1.029961467245547,1.0041523007818378
baseline,1000,35,estimated,0.9963829675131765,0.9963829675131765,0.08921578681092829,5.1822398232505735,4.49834816676081,0.7001623279459813,0.24197330983843118,0.6618158657478864,True,True,True,1.3005269750010484e-08,9,3.617032486823546,1.029961467245547,1.0041523007818378
baseline,1000,36,known,0.9726277506837596,1.0,0.07817847537363655,4.958619565410449,3.070139122435054,1.8884804429753952,0.2419812215369366,0.718779101467936,True,True,True,2.300931001286699e-09,11,27.37224931624038,1.0109468949141447,0.9814939658055972
baseline,1000,36,estimated,0.9726277506837596,0.9726277506837596,0.07817847537363655,4.936117320461932,3.1262436507935996,1.8954459903011687,0.24381074961029087,0.7264203901548646,True,True,True,1.0673672474759144e-06,11,27.37224931624038,1.0109468949141447,0.9814939658055972
baseline,1000,37,known,0.9864512643110723,1.0,0.09548459444204127,5.052369539635952,4.096911445548904,0.9554580940870476,0.23319782291002275,0.6174926143727719,True,True,True,1.9502525336889676e-06,11,13.548735688927671,1.0178252497278757,0.9937105209965127
baseline,1000,37,estimated,0.9864512643110723,0.9864512643110723,0.09548459444204127,5.043472274075863,4.139398201668566,0.960157684552927,0.234121107686043,0.6214851420646585,True,True,True,1.537406646434647e-09,9,13.548735688927671,1.0178252497278757,0.9937105209965127
baseline,1000,38,known,0.9995843302783705,1.0,0.08812843795169974,5.035248187304822,4.017851848707462,1.0173963385973601,0.2334745214834733,0.6244415168993769,True,True,True,2.8854313427473244e-07,9,0.4156697216295413,1.033577129233866,1.007449523360992
baseline,1000,38,estimated,0.9995843302783705,0.9995843302783705,0.08812843795169974,5.034981323293599,4.019101271325609,1.0175506706746429,0.23350265391608904,0.6245634729556316,True,True,True,4.4128361409434547e-08,9,0.4156697216295413,1.033577129233866,1.007449523360992
baseline,1000,39,known,0.9988489750787524,1.0,0.11924291537192017,4.6060640715417716,3.81694186880179,0.7891222027399818,0.23296594515788804,0.6166072908017641,True,True,True,6.184502687744953e-09,12,1.1510249212476342,1.0239719122713753,1.0046618753957064
baseline,1000,39,estimated,0.9988489750787524,0.9988489750787524,0.11924291537192017,4.60510461371548,3.820543828389661,0.7889583264850145,0.2330551356736602,0.6169555688007313,True,True,True,5.546491319563529e-07,9,1.1510249212476342,1.0239719122713753,1.0046618753957064
baseline,1000,40,known,0.9877511483370467,1.0,0.09358064129922049,5.241753762198858,4.6020285842194575,0.6397251779794008,0.2386320736038079,0.6394179211094649,True,True,True,3.6595777496224184e-08,9,12.248851662953308,1.019763455925058,0.9951580988658814
baseline,1000,40,estimated,0.9877511483370467,0.9877511483370467,0.09358064129922049,5.235325138869041,4.645790872215206,0.6464398699047019,0.23949452373172428,0.6433413287656815,True,True,True,3.305994928991542e-08,9,12.248851662953308,1.019763455925058,0.9951580988658814
baseline,1000,41,known,0.9870815529733041,1.0,0.100269109165345,5.182201688128677,4.664600894819469,0.5176007933092078,0.23996795329182813,0.6439068953565197,True,True,True,1.9296344966335255e-08,9,12.918447026695867,1.016958474175566,0.9939944216157983
baseline,1000,41,estimated,0.9870815529733041,0.9870815529733041,0.100269109165345,5.175213555743024,4.712250788278015,0.523837729649884,0.24091359116399857,0.6481155246615642,True,True,True,8.677346517353596e-09,9,12.918447026695867,1.016958474175566,0.9939944216157983
baseline,1000,42,known,0.9941725284617677,1.0,0.10503890148624992,4.834347197617896,3.970931315666208,0.8634158819516884,0.23393459622436663,0.6257871893394701,True,True,True,3.9027602530695183e-07,9,5.827471538232265,1.022692745554348,1.0007714853315774
baseline,1000,42,estimated,0.9941725284617677,0.9941725284617677,0.10503890148624992,4.830062821523881,3.9891727134401718,0.8641368985323746,0.2343611524210663,0.6275455815276411,True,True,True,3.5178996625667024e-07,9,5.827471538232265,1.022692745554348,1.0007714853315774
baseline,1000,43,known,0.9918365814111099,1.0,0.08505895546195136,5.4064747135026385,4.836796082200377,0.5696786313022617,0.24277581788085353,0.658333077195904,True,True,True,3.998211245995414e-08,9,8.163418588890137,1.0270560625025988,0.9999856020144725
baseline,1000,43,estimated,0.9918365814111099,0.9918365814111099,0.08505895546195136,5.402807537832308,4.8663409900647245,0.5761925262657557,0.24333638680566488,0.660967541988376,True,True,True,4.514809565854429e-08,9,8.163418588890137,1.0270560625025988,0.9999856020144725
baseline,1000,44,known,0.9876779739591787,1.0,0.10234725335065421,5.339061812552857,5.076569989514409,0.2624918230384479,0.23934181597133183,0.6257765503131508,True,True,True,7.801899759574127e-07,9,12.322026040821331,1.0169482491788784,0.9944504779382072
baseline,1000,44,estimated,0.9876779739591787,0.9876779739591787,0.10234725335065421,5.333683329482853,5.126943218599715,0.2699144387325361,0.24021769104992902,0.6298311500150526,True,True,True,7.609968684096913e-07,9,12.322026040821331,1.0169482491788784,0.9944504779382072
baseline,1000,45,known,0.9898617248558547,1.0,0.11437264029642748,4.611432327608784,3.5206853942852048,1.0907469333235795,0.22745114929400748,0.5963353362075478,True,True,True,6.546286878348152e-07,9,10.138275144145336,1.0160544599871741,0.9959221531083062
baseline,1000,45,estimated,0.9898617248558547,0.9898617248558547,0.11437264029642748,4.602523447598392,3.5495085733091085,1.0890007688319943,0.2281956113131765,0.5992466096929056,True,True,True,4.358904715296889e-07,9,10.138275144145336,1.0160544599871741,0.9959221531083062
baseline,1000,46,known,0.987124676307839,1.0,0.12950792595503458,5.077118712213351,4.996280497568785,0.08083821464456575,0.23487117085301312,0.5890133963659875,True,True,True,8.2874736095917e-07,9,12.875323692161045,1.0102563283010468,0.9924768366134608
baseline,1000,46,estimated,0.987124676307839,0.987124676307839,0.12950792595503458,5.07031529873922,5.051863286740174,0.08349638706437008,0.23583849544847607,0.5931561794468195,True,True,True,3.108001322971177e-08,12,12.875323692161045,1.0102563283010468,0.9924768366134608
baseline,1000,47,known,0.9993710023313106,1.0,0.09758902528620618,4.886795998969865,3.903742918480392,0.9830530804894734,0.23018000032860642,0.6048693095321396,True,True,True,4.02079511907516e-08,9,0.6289976686894017,1.0300684323421976,1.0064737188358264
baseline,1000,47,estimated,0.9993710023313106,0.9993710023313106,0.09758902528620618,4.886351312823237,3.9056436291448566,0.9831643244158439,0.2302236405968135,0.6050517915756611,True,True,True,3.903770418034469e-08,9,0.6289976686894017,1.0300684323421976,1.0064737188358264
baseline,1000,48,known,0.989717996473814,1.0,0.09399443089802237,5.1160555808871315,4.312766405199203,0.8032891756879282,0.23740805320138442,0.6385116818138619,True,True,True,8.375474980226727e-08,12,10.282003526186024,1.0215893769900082,0.9970923395485858
baseline,1000,48,estimated,0.989717996473814,0.989717996473814,0.09399443089802237,5.109878227239077,4.3467951087715955,0.8077768811034787,0.23813185992343266,0.6416951043774569,True,True,True,1.5520898344334455e-08,9,10.282003526186024,1.0215893769900082,0.9970923395485858
baseline,1000,49,known,0.9946242615141568,1.0,0.10038030556308665,5.2361952887214445,4.83369146067933,0.4025038280421142,0.23722898899548292,0.6178238343878653,True,True,True,5.072451978449521e-07,9,5.375738485843162,1.0244680865229505,1.001529472418544
baseline,1000,49,estimated,0.9946242615141568,0.9946242615141568,0.10038030556308665,5.233570851364092,4.854362133586483,0.4053044991233501,0.23760763765940035,0.6195321459251903,True,True,True,8.981194916657387e-07,10,5.375738485843162,1.0244680865229505,1.001529472418544
baseline,1000,50,known,0.9927954606629952,1.0,0.09370449685903617,5.17618863790455,4.5534732919243694,0.6227153459801809,0.2405706222007327,0.6539837554693028,True,True,True,2.2889458417552078e-07,12,7.204539337004823,1.024765455422805,1.0001926209252467
baseline,1000,50,estimated,0.9927954606629952,0.9927954606629952,0.09370449685903617,5.172248705490309,4.578787270149558,0.6264494883443198,0.2410910033435219,0.6563090535129764,True,True,True,3.2061861521270885e-07,11,7.204539337004823,1.024765455422805,1.0001926209252467
baseline,1000,51,known,0.9994736632025636,1.0,0.08176764330249245,4.833852521086903,3.251094105409755,1.5827584156771481,0.23262138518409645,0.6457572668528286,True,True,True,1.8395854262109879e-07,10,0.5263367974364108,1.0361107992695961,1.0079506982810444
baseline,1000,51,estimated,0.9994736632025636,0.9994736632025636,0.08176764330249245,4.833432619900316,3.2522907959426997,1.582853624279485,0.23265604560747877,0.6458988659849507,True,True,True,9.105564759973348e-07,7,0.5263367974364108,1.0361107992695961,1.0079506982810444
baseline,1000,52,known,0.9889328484497699,1.0,0.08600140693523006,4.975348727160058,3.6668175286645677,1.3085311984954904,0.2361545277731257,0.6552470344624607,True,True,True,2.5768942024662067e-07,11,11.067151550230081,1.023766374787428,0.9969925675318306
baseline,1000,52,estimated,0.9889328484497699,0.9889328484497699,0.08600140693523006,4.967323708906944,3.6962258633116782,1.312004537388416,0.23690978941107863,0.6584566633913207,True,True,True,4.0023203795591655e-07,11,11.067151550230081,1.023766374787428,0.9969925675318306
baseline,1000,53,known,0.9930952784996199,1.0,0.07113910783920002,5.045258091777557,3.3461290468099305,1.699129044967626,0.23994844964474504,0.6945472138476801,True,True,True,1.8572476960798667e-06,10,6.904721500380129,1.035206184364864,1.002838824653259
baseline,1000,53,estimated,0.9930952784996199,0.9930952784996199,0.07113910783920002,5.040194750380194,3.36113019881179,1.702272219517717,0.24038136240837488,0.6963880494395172,True,True,True,1.0541083206305757e-07,11,6.904721500380129,1.035206184364864,1.002838824653259
baseline,1000,54,known,0.9998672703870654,1.0,0.09016500365416638,4.820150668896595,3.537770497603988,1.2823801712926068,0.23284008882905782,0.6358611869915636,True,True,True,3.8660232348775025e-08,12,0.13272961293464558,1.033092270688117,1.0075548115889552
baseline,1000,54,estimated,0.9998672703870654,0.9998672703870654,0.09016500365416638,4.820048032516698,3.5381168380324977,1.2824008073626296,0.2328492493005144,0.63589880437585,True,True,True,3.8915782152315614e-08,12,0.13272961293464558,1.033092270688117,1.0075548115889552
baseline,1000,55,known,0.9846483568934055,1.0,0.10680656732534409,4.945294964357625,4.168848367497794,0.7764465968598321,0.23504055187463924,0.6253968837889492,True,True,True,2.620937369346904e-08,9,15.351643106594537,1.012696559813631,0.9911380999674296
baseline,1000,55,estimated,0.9846483568934055,0.9846483568934055,0.10680656732534409,4.934592234073537,4.219414483012554,0.7799526963229876,0.23614660665932521,0.6300443115082749,True,True,True,1.6769757498597313e-09,9,15.351643106594537,1.012696559813631,0.9911380999674296
baseline,1000,56,known,0.9549588590818874,1.0,0.11942500625900601,4.59772926985489,3.139927335117997,1.4578019347368925,0.23380124499948862,0.6525110140488297,True,True,True,2.9943952650768324e-08,11,45.04114091811262,0.980043490579054,0.9607628962954728
baseline,1000,56,estimated,0.9549588590818874,0.9549588590818874,0.11942500625900601,4.55215466026168,3.2525334612372196,1.4461190169929228,0.23726343472488653,0.6659603984629039,True,True,True,1.346492650711184e-08,7,45.04114091811262,0.980043490579054,0.9607628962954728
baseline,1000,57,known,0.9996132643905488,1.0,0.08826367149486992,4.87619418458752,3.628123734177284,1.2480704504102362,0.23369817839707693,0.639649786092308,True,True,True,1.1729154358874894e-07,10,0.38673560945123864,1.0335539811409062,1.007466406785608
baseline,1000,57,estimated,0.9996132643905488,0.9996132643905488,0.08826367149486992,4.875906098720099,3.6291521947016183,1.2481574264042905,0.23372459136186907,0.639759803681507,True,True,True,1.1663014909402136e-07,10,0.38673560945123864,1.0335539811409062,1.007466406785608
baseline,1000,58,known,0.9815968232778659,1.0,0.10010735688935216,4.84256529231415,3.6394359243943546,1.203129367919796,0.2330556724360945,0.6311990870794714,True,True,True,6.42444584197932e-08,12,18.403176722134095,1.0115220192538734,0.9885208616512502
baseline,1000,58,estimated,0.9815968232778659,0.9815968232778659,0.10010735688935216,4.827923066154358,3.6905325914525045,1.2053079981811494,0.23435460050890836,0.636523375767442,True,True,True,9.387912669467369e-11,7,18.403176722134095,1.0115220192538734,0.9885208616512502
baseline,1000,59,known,0.9977020261323558,1.0,0.11431641143111178,4.644380537062972,3.7331623006248402,0.911218236438132,0.229202100651546,0.5992139680280462,True,True,True,2.909928076277879e-09,12,2.2979738676441874,1.0239076446962245,1.00376543533041
baseline,1000,59,estimated,0.9977020261323558,0.9977020261323558,0.11431641143111178,4.642477597597051,3.7401041598167457,0.910968099401832,0.2293718776963373,0.5998829132015008,True,True,True,1.4634712112792608e-07,9,2.2979738676441874,1.0239076446962245,1.00376543533041
baseline,1000,60,known,0.9825594538885316,1.0,0.10604157460758777,4.67292928226183,3.349591167145452,1.3233381151163783,0.22798973139236065,0.6102957647571065,True,True,True,5.835038963120098e-08,10,17.440546111468393,1.010809998871854,0.9890960145075621
baseline,1000,60,estimated,0.9825594538885316,0.9825594538885316,0.10604157460758777,4.657506212904752,3.3953031634008037,1.3214189908876544,0.22924137876550976,0.6152633919256837,True,True,True,4.314463453169992e-08,10,17.440546111468393,1.010809998871854,0.9890960145075621
baseline,1000,61,known,0.9966679042099573,1.0,0.08048533372888461,5.346283845390696,4.623863953023829,0.7224198923668665,0.24328460914802383,0.6726493096080467,True,True,True,7.177388073032633e-09,9,3.3320957900426773,1.0338887509749735,1.0052799972267399
baseline,1000,61,estimated,0.9966679042099573,0.9966679042099573,0.08048533372888461,5.344684366268317,4.6351897998376925,0.724939462848712,0.24351556360008944,0.6737267118937262,True,True,True,8.966252562305095e-09,9,3.3320957900426773,1.0338887509749735,1.0052799972267399
baseline,1000,62,known,0.9974232265116061,1.0,0.08514984564627526,5.007501545858763,3.830098587139014,1.1774029587197494,0.23435708038211364,0.6375084706855522,True,True,True,5.0924223120157415e-08,9,2.576773488393913,1.032605113816472,1.005563548731794
baseline,1000,62,estimated,0.9974232265116061,0.9974232265116061,0.08514984564627526,5.0057438569779,3.8372790820658436,1.1783525739182923,0.23452894757766016,0.6382456826230191,True,True,True,4.9451479227663095e-08,9,2.576773488393913,1.032605113816472,1.005563548731794
baseline,1000,63,known,0.9960945168388682,1.0,0.09399227247698949,4.7487497456206835,3.4321609725698066,1.316588773050877,0.23384900445535126,0.6451605816189602,True,True,True,1.1846515679536651e-07,12,3.9054831611318175,1.0279666292435063,1.0034690292566804
baseline,1000,63,estimated,0.9960945168388682,0.9960945168388682,0.09399227247698949,4.745548030215021,3.4421390477442064,1.316852198560054,0.23412627740392675,0.6462814619410652,True,True,True,4.7199543384834897e-08,7,3.9054831611318175,1.0279666292435063,1.0034690292566804
baseline,1000,64,known,0.9717791752362986,1.0,0.11694308986824141,4.419523936613047,2.8019056724753835,1.617618264137664,0.22799964799769679,0.6244816991737759,False,True,True,1.4058543551520586e-08,11,28.22082476370136,0.9973961849880442,0.9777063931791536
baseline,1000,64,estimated,0.9717791752362986,0.9717791752362986,0.11694308986824141,4.389034510322192,2.8641434512316515,1.6057195495258523,0.23011674307400123,0.6323589460093293,False,True,True,2.8397807438906852e-09,11,28.22082476370136,0.9973961849880442,0.9777063931791536
baseline,1000,65,known,0.9972073100257569,1.0,0.10905878513077831,5.371862607731724,5.351862607731724,0.02,0.23845248315249146,0.6018566974748326,True,False,True,1.540076973266518,9,2.79268997424309,1.0246762779769554,1.003563030747648
baseline,1000,65,estimated,0.9972073100257569,0.9972073100257569,0.10905878513077831,5.37146974630064,5.366456595833034,0.02,0.23866295813562668,0.6027764648331169,True,False,True,1.5376347962371133,9,2.79268997424309,1.0246762779769554,1.003563030747648
baseline,1000,66,known,0.981599141040974,1.0,0.09725965141326476,4.911015120107223,3.7719553769207295,1.139059743186493,0.2358670220110887,0.6483522091238988,True,True,True,1.7314070044349705e-07,10,18.40085895902599,1.012400529181107,0.9887259111916782
baseline,1000,66,estimated,0.981599141040974,0.981599141040974,0.09725965141326476,4.897108078865,3.8245601242241145,1.1429231460670484,0.23717858323619406,0.6538421511188779,True,True,True,1.3612998284173727e-07,10,18.40085895902599,1.012400529181107,0.9887259111916782
baseline,1000,67,known,0.9907280165992176,1.0,0.13628055711195314,5.020623950747615,4.99486748157359,0.02575646917402552,0.2314529296818781,0.5701146725256957,True,True,True,1.563776949042861e-07,9,9.271983400782391,1.0127101124831743,0.995814194666354
baseline,1000,67,estimated,0.9907280165992176,0.9907280165992176,0.13628055711195314,5.015841368109673,5.036409163324776,0.026129706946793247,0.23216704793979082,0.5731645094806079,True,True,True,1.3579800961505128e-07,9,9.271983400782391,1.0127101124831743,0.995814194666354
baseline,1000,68,known,0.9970725500866964,1.0,0.07866099600697196,5.423908484578586,4.763507140096281,0.6604013444823051,0.24517123371995764,0.6752541329003586,True,True,True,6.759391624200362e-08,9,2.927449913303626,1.0351566378255355,1.0058843782575284
baseline,1000,68,estimated,0.9970725500866964,0.9970725500866964,0.07866099600697196,5.4225591862651275,4.773466440933917,0.6630668292498804,0.24536555036901345,0.6761651362734457,True,True,True,6.63540351553138e-08,9,2.927449913303626,1.0351566378255355,1.0058843782575284
baseline,1000,69,known,0.9980185543401204,1.0,0.06791192208588044,4.7067498978910365,2.181659931456062,2.5250899664349746,0.23180614702183272,0.6874458520503973,True,False,True,2.2841612512536358e-07,8,1.981445659879566,1.0421305774067866,1.0082251154161477
baseline,1000,69,estimated,0.9980185543401204,0.9980185543401204,0.06791192208588044,4.704937851997272,2.1843786275612436,2.524887451987143,0.23193070231782756,0.6879336733331283,True,False,True,1.9523679607787462e-11,11,1.981445659879566,1.0421305774067866,1.0082251154161477
baseline,1000,70,known,0.9816933760427896,1.0,0.12406169990302734,4.966517943872607,4.562367127307125,0.4041508165654821,0.2327256844752403,0.5967505290654059,True,True,True,1.3066987936127816e-07,9,18.306623957210387,1.0058404921623947,0.987280492623505
baseline,1000,70,estimated,0.9816933760427896,0.9816933760427896,0.12406169990302734,4.955210051646,4.634456988682307,0.4055943243013647,0.23413296611311238,0.6027361110736911,True,True,True,4.316759571465025e-07,9,18.306623957210387,1.0058404921623947,0.987280492623505
baseline,1000,71,known,0.9838717178322559,1.0,0.11032972793561337,5.229349008900593,4.94653360850728,0.2828154003933131,0.2381068705872782,0.6183636061697689,True,True,True,5.836466181463607e-07,9,16.12828216774409,1.0110242571306602,0.9901542238578708
baseline,1000,71,estimated,0.9838717178322559,0.9838717178322559,0.11032972793561337,5.2214428612440225,5.012233761504475,0.29004782013578556,0.23928688110231056,0.6236562576903938,True,True,True,4.1991709309741054e-07,9,16.12828216774409,1.0110242571306602,0.9901542238578708
baseline,1000,72,known,0.972226194552914,1.0,0.1170510813385393,4.6331870805670325,3.407118506443764,1.2260685741232689,0.22912661789586844,0.6130226511939464,True,True,True,8.552316010934646e-08,10,27.773805447085962,0.9978195700202421,0.9781479440372712
baseline,1000,72,estimated,0.972226194552914,0.972226194552914,0.1170510813385393,4.6075822838065505,3.483671403509241,1.2206656920999523,0.231203315653524,0.6211780137710847,True,True,True,6.639156273635649e-07,11,27.773805447085962,0.9978195700202421,0.9781479440372712
baseline,1000,73,known,0.9881397769249345,1.0,0.08671864225451886,5.361118526553714,4.751994412501144,0.60912411405257,0.2437524865871811,0.6684411526502283,True,True,True,3.172155871311588e-08,9,11.860223075065512,1.0226852010191163,0.9961328354246923
baseline,1000,73,estimated,0.9881397769249345,0.9881397769249345,0.08671864225451886,5.3554685523429235,4.79441280293152,0.617918554768122,0.24458662879174137,0.6723206947804731,True,True,True,6.795004692250473e-08,12,11.860223075065512,1.0226852010191163,0.9961328354246923
baseline,1000,74,known,0.9978561271954705,1.0,0.10579792118783878,5.355147761194068,5.335147761194069,0.02,0.24065819268778904,0.623049247589544,True,False,True,0.09416177963740169,8,2.143872804529545,1.0261717333994451,1.0044077415634816
baseline,1000,74,estimated,0.9978561271954705,0.9978561271954705,0.10579792118783878,5.354705000125718,5.3461665010959045,0.02,0.24081795969085373,0.6237551430557816,True,False,True,0.08831388189067302,7,2.143872804529545,1.0261717333994451,1.0044077415634816
baseline,1000,75,known,0.9983110631079906,1.0,0.08676922213426837,4.913143194289592,3.6942075421345697,1.2189356521550228,0.23777212955003263,0.6632551040514008,True,True,True,5.03331768708648e-07,10,1.6889368920094405,1.0328363498383284,1.0062994622604844
baseline,1000,75,estimated,0.9983110631079906,0.9983110631079906,0.08676922213426837,4.911905174648979,3.6987125523532414,1.2194395143783447,0.2378891160232143,0.6637447843300053,True,True,True,4.870242662491364e-07,10,1.6889368920094405,1.0328363498383284,1.0062994622604844
baseline,1000,76,known,0.9975370091751501,1.0,0.11119366052765313,5.07845087890251,4.761426453322001,0.31702442558050875,0.23539944452115943,0.6075386171459785,True,True,True,2.5314463414360944e-08,9,2.462990824849909,1.0244785835359382,1.00377070251046
baseline,1000,76,estimated,0.9975370091751501,0.9975370091751501,0.11119366052765313,5.077142913453633,4.7711506782488184,0.3177435355493178,0.23558252877220487,0.60833564378714,True,True,True,1.714192161550443e-07,8,2.462990824849909,1.0244785835359382,1.00377070251046
baseline,1000,77,known,0.9993340059817439,1.0,0.07273206963109732,5.466232323492818,4.647149604579857,0.8190827189129612,0.24360118844444917,0.6699431281189094,True,True,True,1.2776083968546459e-08,9,0.6659940182560664,1.040522608048873,1.0088641511305847
baseline,1000,77,estimated,0.9993340059817439,0.9993340059817439,0.07273206963109732,5.465930512630264,4.649313631464729,0.8197132962330875,0.24364378400899253,0.6701464164586428,True,True,True,1.1976170055660873e-08,9,0.6659940182560664,1.040522608048873,1.0088641511305847
baseline,1000,78,known,0.9896026597413057,1.0,0.10290696641571437,5.019484310994896,4.282613422025669,0.7368708889692266,0.2333170084993365,0.611567224808295,True,True,True,6.108305861118879e-09,6,10.39734025869432,1.0187137333439624,0.9963383279346506
baseline,1000,78,estimated,0.9896026597413057,0.9896026597413057,0.10290696641571437,5.0128433939308605,4.317859371636208,0.7398782753707455,0.23404960374228062,0.6147167937525687,True,True,True,3.59926298241178e-08,9,10.39734025869432,1.0187137333439624,0.9963383279346506
baseline,1000,79,known,0.991632609924034,1.0,0.08357665355099117,5.160525560354113,4.123686296411243,1.0368392639428703,0.2386226637017866,0.6551483886665322,True,True,True,6.686966358415702e-08,9,8.367390075965986,1.0274767379941565,0.9999261602291686
baseline,1000,79,estimated,0.991632609924034,0.991632609924034,0.08357665355099117,5.155433268985437,4.148823693546838,1.0413244016389152,0.2391893466458672,0.6576645364227155,True,True,True,4.520299290433627e-08,9,8.367390075965986,1.0274767379941565,0.9999261602291686
baseline,1000,80,known,0.9943552864007564,1.0,0.09362865309681845,5.059510905294058,4.1832085907334315,0.8763023145606265,0.23367918261849605,0.6202010896354706,True,True,True,2.6679872862089837e-06,8,5.644713599243567,1.0263511784110388,1.0017584387225482
baseline,1000,80,estimated,0.9943552864007564,0.9943552864007564,0.09362865309681845,5.056005653357178,4.201410375272398,0.8783110363660828,0.23407080216045606,0.6219107224099517,True,True,True,2.091806860615719e-06,11,5.644713599243567,1.0263511784110388,1.0017584387225482
baseline,1000,81,known,0.9897903112253301,1.0,0.08355029078269434,5.146499205712481,4.145668166940908,1.0008310387715735,0.24430769283315293,0.6946543394939443,True,True,True,5.774759568311083e-07,11,10.209688774669878,1.0256457492554092,0.9980864784087903
baseline,1000,81,estimated,0.9897903112253301,0.9897903112253301,0.08355029078269434,5.140164512236201,4.176207345786514,1.0065949437086577,0.24502785518275932,0.6978434087406359,True,True,True,4.916005380550814e-07,10,10.209688774669878,1.0256457492554092,0.9980864784087903
baseline,1000,82,known,0.9986739004546643,1.0,0.09367492416499054,4.727132936442779,3.388244550334072,1.3388883861087075,0.23186771999555908,0.6342506799528659,True,True,True,1.8000515034088949e-07,10,1.3260995453356905,1.0306539879781682,1.0060733959625454
baseline,1000,82,estimated,0.9986739004546643,0.9986739004546643,0.09367492416499054,4.726028326011782,3.3915580511960632,1.33896781840539,0.2319595680596954,0.634618420344212,True,True,True,1.7225821569155642e-07,10,1.3260995453356905,1.0306539879781682,1.0060733959625454
baseline,1000,83,known,0.995419324507496,1.0,0.09349814767704744,4.944819979016016,3.9103132934826026,1.0345066855334135,0.23363842448873556,0.6276456644010637,True,True,True,1.7703469801233496e-08,9,4.5806754925039606,1.0274598766251868,1.0028328102051394
baseline,1000,83,estimated,0.995419324507496,0.995419324507496,0.09349814767704744,4.941618623861603,3.9238369346151,1.0357555129294764,0.23395526075993064,0.6289838501409775,True,True,True,1.761416079659739e-08,9,4.5806754925039606,1.0274598766251868,1.0028328102051394
baseline,1000,84,known,0.99390959234461,1.0,0.13466398766939483,4.827289195520781,4.629414377592847,0.19787481792793368,0.2337153254963179,0.594450465463453,True,True,True,2.1981921616287536e-08,12,6.09040765539004,1.0161555715807857,0.9990568272702655
baseline,1000,84,estimated,0.99390959234461,0.99390959234461,0.13466398766939483,4.823347262231203,4.654094385724253,0.19759820858267324,0.23419855242731716,0.5964189428577118,True,True,True,2.79928297699509e-07,9,6.09040765539004,1.0161555715807857,0.9990568272702655
baseline,1000,85,known,0.9952994488696421,1.0,0.08311039868124659,5.087766719862703,4.005934481844694,1.0818322380180092,0.24015735671734625,0.6713143569409746,True,True,True,1.5479758308512004e-07,10,4.700551130357944,1.03134466488459,1.0036395265441382
baseline,1000,85,estimated,0.9952994488696421,0.9952994488696421,0.08311039868124659,5.084756578371293,4.0195479793721915,1.0841026897970676,0.2404820649872567,0.6727363624394346,True,True,True,1.4979055784625217e-07,10,4.700551130357944,1.03134466488459,1.0036395265441382
baseline,1000,86,known,0.9988489801506676,1.0,0.09142907655664753,5.0594811974402205,4.135730430335078,0.9237507671051425,0.2314194507023063,0.6049497658989285,True,True,True,3.578907597143657e-08,9,1.151019849332413,1.0316146208677965,1.0064302355528316
baseline,1000,86,estimated,0.9988489801506676,0.9988489801506676,0.09142907655664753,5.05876546572094,4.139354618949532,0.9241753261012455,0.23149627885057814,0.6052845297661187,True,True,True,3.6045313395221503e-08,9,1.151019849332413,1.0316146208677965,1.0064302355528316
baseline,1000,87,known,0.998319836077678,1.0,0.09421750685259206,4.810212509655873,3.566952323917945,1.2432601857379277,0.2288851874103246,0.6059465125165051,True,True,True,2.7532656203400714e-08,9,1.6801639223219533,1.0301157556857077,1.0056767191423552
baseline,1000,87,estimated,0.998319836077678,0.998319836077678,0.09421750685259206,4.808909939495923,3.5714682273318843,1.2434423642293209,0.22899934265539068,0.6064120427781461,True,True,True,2.9519665319485285e-08,9,1.6801639223219533,1.0301157556857077,1.0056767191423552
baseline,1000,88,known,0.977437106777174,1.0,0.07360429223296003,5.319751938184881,4.036296339422496,1.2834555987623844,0.2458401953322356,0.7148592900013148,True,True,True,2.0162538305612543e-11,9,22.56289322282601,1.0181376173407752,0.98685431818607
baseline,1000,88,estimated,0.977437106777174,0.977437106777174,0.07360429223296003,5.306281812430382,4.098749241971593,1.3000122119525335,0.2473493777224764,0.7218262668527984,True,True,True,3.8574429339632843e-07,10,22.56289322282601,1.0181376173407752,0.98685431818607
baseline,1000,89,known,0.9992581550061013,1.0,0.09755180571499499,4.754364783799102,3.5696253867645797,1.1847393970345224,0.23043157126795694,0.6166405415814643,True,True,True,1.7471890156883774e-08,8,0.7418449938987326,1.029967297205952,1.0063635814559717
baseline,1000,89,estimated,0.9992581550061013,0.9992581550061013,0.09755180571499499,4.753775715149597,3.5716477775768425,1.1847775465965198,0.23048382044119922,0.6168519212867459,True,True,True,7.637876997534931e-09,8,0.7418449938987326,1.029967297205952,1.0063635814559717
baseline,1000,90,known,0.988921699074188,1.0,0.07457813554052976,4.840043870820447,2.7689714037133615,2.071072467107086,0.2314538266179695,0.6608880636837962,True,True,True,1.5171755434195688e-06,10,11.078300925811968,1.0290907412718968,0.9982159402822329
baseline,1000,90,estimated,0.988921699074188,0.988921699074188,0.07457813554052976,4.83069447459868,2.789561573329941,2.07203650382917,0.2321646728849882,0.6637892394685508,True,True,True,1.236763407241881e-06,10,11.078300925811968,1.0290907412718968,0.9982159402822329
baseline,1000,91,known,0.9989528793483002,1.0,0.09803379707481008,5.084103815261566,4.41231189453031,0.671791920731255,0.2328887218609017,0.6049978032542197,True,True,True,4.6050416813159245e-09,9,1.0471206516997622,1.0295110374829681,1.0060233713749531
baseline,1000,91,estimated,0.9989528793483002,0.9989528793483002,0.09803379707481008,5.083500017584108,4.415953113640216,0.672170939646122,0.23296169457306784,0.6053175909000199,True,True,True,2.0176723580789258e-07,9,1.0471206516997622,1.0295110374829681,1.0060233713749531
baseline,1000,92,known,0.9893842365398362,1.0,0.1105722803144682,5.191175669337831,4.969834874834467,0.22134079450336436,0.24028098431024042,0.6280962129463468,True,True,True,1.9259445183106294e-07,9,10.615763460163796,1.0164772137763924,0.9956529612020086
baseline,1000,92,estimated,0.9893842365398362,0.9893842365398362,0.1105722803144682,5.185722468268365,5.012310936403217,0.22662103915479634,0.24105131260126234,0.6314766079187436,True,True,True,1.1409931888195501e-07,12,10.615763460163796,1.0164772137763924,0.9956529612020086
baseline,1000,93,known,0.9843823124753013,1.0,0.09387737602866049,5.079035299497813,4.212279589248884,0.8667557102489296,0.24233270453211822,0.6740250196241068,True,True,True,1.268433713619288e-07,10,15.61768752469872,1.0162934331338016,0.9917658505531906
baseline,1000,93,estimated,0.9843823124753013,0.9843823124753013,0.09387737602866049,5.0688425796367325,4.261412413871316,0.8739835732591309,0.24344971492788595,0.6788535602205584,True,True,True,1.1441913594367747e-07,10,15.61768752469872,1.0162934331338016,0.9917658505531906
baseline,1000,94,known,0.997058523480253,1.0,0.0870166283713811,4.898434789397279,3.6009418519222587,1.2974929374750201,0.2339045643492009,0.6416171185675772,True,True,True,1.1697570512225752e-07,10,2.941476519746966,1.0314856476934369,1.0050242099649285
baseline,1000,94,estimated,0.997058523480253,0.997058523480253,0.0870166283713811,4.89624639100541,3.608652980697149,1.2982081783188963,0.23410468304656196,0.6424527661811759,True,True,True,1.1226678514608679e-07,10,2.941476519746966,1.0314856476934369,1.0050242099649285
baseline,1000,95,known,0.995954740495498,1.0,0.08785638764002326,5.143258828870882,4.304005966135514,0.8392528627353677,0.23955310191753224,0.6520819827066029,True,True,True,2.780342466021334e-08,9,4.0452595045019635,1.0300527993165425,1.0038442884177277
baseline,1000,95,estimated,0.995954740495498,0.995954740495498,0.08785638764002326,5.140818473619826,4.3167280326997854,0.8415527260226696,0.23982565448246176,0.6532765246331413,True,True,True,3.011253271655756e-08,9,4.0452595045019635,1.0300527993165425,1.0038442884177277
baseline,1000,96,known,0.9957500945655492,1.0,0.10343807401748775,5.09132951852175,4.584163101841251,0.5071664166804991,0.23572315886281062,0.6163906715174349,True,True,True,1.0059704624865162e-07,9,4.249905434450807,1.024711696006886,1.002451178157291
baseline,1000,96,estimated,0.9957500945655492,0.9957500945655492,0.10343807401748775,5.088903071110108,4.599635714628631,0.5088153733015713,0.2360246619860567,0.6177049342761134,True,True,True,1.0482080803342342e-07,9,4.249905434450807,1.024711696006886,1.002451178157291
baseline,1000,97,known,0.9948460513328707,1.0,0.09576744434396998,4.736942671228539,3.384629162214851,1.352313509013688,0.22808305123361994,0.6112562479232826,True,True,True,5.629495847259136e-08,7,5.15394866712926,1.0261273734363838,1.0020838677464565
baseline,1000,97,estimated,0.9948460513328707,0.9948460513328707,0.09576744434396998,4.732704076790817,3.3979128491775494,1.3523038960133082,0.2284424423106006,0.6127105688358114,True,True,True,1.6241309110931468e-06,11,5.15394866712926,1.0261273734363838,1.0020838677464565
baseline,1000,98,known,0.9970518832129401,1.0,0.08661737035406351,4.986974109204278,3.8259738240858883,1.1610002851183896,0.23520581207777536,0.6401708369973746,True,True,True,4.075929305180637e-08,9,2.9481167870598624,1.0316376973667112,1.0050542870925152
baseline,1000,98,estimated,0.9970518832129401,0.9970518832129401,0.08661737035406351,4.984913027496773,3.8341207008484868,1.1620957622500712,0.23540145963483008,0.6409991057694427,True,True,True,3.9725215962467926e-07,9,2.9481167870598624,1.0316376973667112,1.0050542870925152
baseline,1000,99,known,0.9929010141569213,1.0,0.09675364444248619,5.152350881979959,4.541402522991652,0.6109483589883059,0.23831691112786593,0.6342409953833446,True,True,True,4.917321794195573e-08,12,7.0989858430786645,1.0238634889124305,1.0000650562408553
baseline,1000,99,estimated,0.9929010141569213,0.9929010141569213,0.09675364444248619,5.14825924692063,4.565994102126736,0.6146790722844724,0.2388047979841188,0.6363841948506586,True,True,True,3.5678304324608504e-08,9,7.0989858430786645,1.0238634889124305,1.0000650562408553
baseline,1000,100,known,0.9854812378877561,1.0,0.11062016642308961,4.796134783515053,3.9120808402382674,0.8840539432767857,0.2345756014072677,0.6314602858826655,True,True,True,8.210607216341259e-08,10,14.518762112243898,1.0125624869079048,0.9917472488961726
baseline,1000,100,estimated,0.9854812378877561,0.9854812378877561,0.11062016642308961,4.784964283930325,3.957812728436304,0.8846140969829993,0.23567438227679516,0.63595996216354,True,True,True,1.508300280228525e-06,11,14.518762112243898,1.0125624869079048,0.9917472488961726
baseline,1000,101,known,0.9971619059160696,1.0,0.11271474288761146,5.32091671859298,5.300916718592981,0.02,0.2363765127614062,0.5915638449623676,True,False,True,0.5108885843828754,7,2.8380940839304314,1.0237399044707134,1.0033114757310058
baseline,1000,101,estimated,0.9971619059160696,0.9971619059160696,0.11271474288761146,5.320263044586215,5.315348503728677,0.02,0.23658522548540484,0.5924819604155932,True,False,True,0.5054307872509147,8,2.8380940839304314,1.0237399044707134,1.0033114757310058
baseline,1000,102,known,0.9768310375239111,1.0,0.0859235783415006,4.955608210401857,3.4120568565394,1.5435513538624568,0.23568171857467343,0.6626104667873493,True,True,True,3.278947913187835e-07,10,23.168962476088907,1.0116961156710007,0.9848980570072601
baseline,1000,102,estimated,0.9768310375239111,0.9768310375239111,0.0859235783415006,4.937479503607854,3.4684715578468635,1.5493688331341262,0.2372458661849232,0.6691899245994523,True,True,True,3.867619202679862e-08,11,23.168962476088907,1.0116961156710007,0.9848980570072601
baseline,1000,103,known,0.9941926373099197,1.0,0.06112243984979261,5.315168812967305,3.677920821723489,1.6372479912438158,0.2452776729062475,0.723179168833685,True,True,True,9.531148346120233e-07,10,5.807362690080309,1.0432046250662323,1.0055329434603832
baseline,1000,103,estimated,0.9941926373099197,0.9941926373099197,0.06112243984979261,5.311652138105776,3.691350235828503,1.6417389119128423,0.24563423649953572,0.7248134066039456,True,True,True,9.365114648218764e-07,10,5.807362690080309,1.0432046250662323,1.0055329434603832
baseline,1000,104,known,0.9942866865064682,1.0,0.11458521372820803,4.9386190217799495,4.463451492974815,0.4751675288051348,0.23373138527917664,0.6062157788504656,True,True,True,9.3715790879776e-08,9,5.713313493531769,1.0204308300314762,1.000335871719877
baseline,1000,104,estimated,0.9942866865064682,0.9942866865064682,0.11458521372820803,4.935008769632772,4.484536680939444,0.4760936526247768,0.23415626146960855,0.6080072455177425,True,True,True,1.1475726987488625e-07,9,5.713313493531769,1.0204308300314762,1.000335871719877
baseline,1000,105,known,0.9923720677605363,1.0,0.0735828480876706,5.084581721838645,3.53050414435043,1.5540775774882147,0.23670894531071937,0.6684737621380425,True,True,True,1.6372702060785116e-07,10,7.627932239463675,1.033084439616335,1.0017920236140267
baseline,1000,105,estimated,0.9923720677605363,0.9923720677605363,0.0735828480876706,5.079304357346089,3.5488516600334794,1.5575230973032537,0.23719806343795125,0.6706073317138692,True,True,True,1.4339985576761194e-07,10,7.627932239463675,1.033084439616335,1.0017920236140267
baseline,1000,106,known,0.9834635094610874,1.0,0.09728273628484502,5.446156183168006,5.166280856589578,0.2798753265784276,0.2419582523682302,0.6390590660473199,True,True,True,4.0790570698945317e-08,12,16.536490538912595,1.014257588533683,0.990588588452805
baseline,1000,106,estimated,0.9834635094610874,0.9834635094610874,0.09728273628484502,5.439371655296282,5.233450621940183,0.2924639400516786,0.24311166156008437,0.6445061195480899,True,True,True,7.873436826955071e-07,9,16.536490538912595,1.014257588533683,0.990588588452805
baseline,1000,107,known,0.9916723794404569,1.0,0.09006878566475968,5.026667839004668,4.020077993895734,1.0065898451089337,0.23877567602855118,0.6593926168340496,True,True,True,1.5392204044673008e-07,12,8.327620559543059,1.024932873089214,0.9993681330297178
baseline,1000,107,estimated,0.9916723794404569,0.9916723794404569,0.09006878566475968,5.021100982544049,4.044932615306038,1.0098530312472,0.23936114465012612,0.6619133218242134,True,True,True,7.043347505231168e-08,10,8.327620559543059,1.024932873089214,0.9993681330297178
baseline,1000,108,known,0.9759237217228848,1.0,0.085424038045842,4.862030270357103,3.155865340069554,1.706164930287549,0.2406750489427672,0.7054904385888362,True,True,True,3.4775469170966744e-09,11,24.076278277115225,1.010992682896862,0.9840379152966886
baseline,1000,108,estimated,0.9759237217228848,0.9759237217228848,0.085424038045842,4.841705734488043,3.20906551169815,1.7099025770590306,0.24236633362148594,0.7124740203474398,True,True,True,2.477865229611832e-08,12,24.076278277115225,1.010992682896862,0.9840379152966886
baseline,1000,109,known,0.9866251994473227,1.0,0.11232574363568996,5.048591294567924,4.537595998442511,0.5109952961254127,0.23300969717816,0.5987705150396004,True,True,True,4.139121223545317e-08,9,13.374800552677257,1.01329524120792,0.9927960660547859
baseline,1000,109,estimated,0.9866251994473227,0.9866251994473227,0.11232574363568996,5.040667773008075,4.587825825127421,0.5142032032621557,0.23398204939627604,0.6029767311155492,True,True,True,6.131002372455896e-08,9,13.374800552677257,1.01329524120792,0.9927960660547859
baseline,1000,110,known,0.9987654548783133,1.0,0.070181631081803,4.9116549719414415,2.9877139730277102,1.923940998913731,0.23755792933523381,0.6929405015833865,True,True,True,4.9249376132820544e-08,13,1.2345451216867476,1.041450873090697,1.0086419306722716
baseline,1000,110,estimated,0.9987654548783133,0.9987654548783133,0.070181631081803,4.910687006654015,2.9901320701664673,1.9242463894479716,0.23763786389848526,0.6932739515367488,True,True,True,2.69951954123826e-08,11,1.2345451216867476,1.041450873090697,1.0086419306722716
baseline,1000,111,known,0.996940787197613,1.0,0.08824038982809305,5.058096405864831,4.0670381121104295,0.9910582937544007,0.23441830446638443,0.6316236481612711,True,True,True,9.882256608457657e-09,9,3.059212802386968,1.0308904589906567,1.0047960015944477
baseline,1000,111,estimated,0.996940787197613,0.996940787197613,0.08824038982809305,5.056148820141919,4.076336028124636,0.9922831713813527,0.23462584113524987,0.6325301616510332,True,True,True,1.2143914813219081e-08,9,3.059212802386968,1.0308904589906567,1.0047960015944477
baseline,1000,112,known,0.9966693990205007,1.0,0.06619514879146954,5.027096221292595,3.115089352556154,1.9120068687364413,0.24096479205617807,0.7128763111955163,True,True,True,1.742780231239749e-08,11,3.330600979499332,1.0419254688118271,1.007140667583451
baseline,1000,112,estimated,0.9966693990205007,0.9966693990205007,0.06619514879146954,5.024640187511001,3.121732974125615,1.9133044602867446,0.24117733800110353,0.713786365940862,True,True,True,1.8547651414735356e-08,11,3.330600979499332,1.0419254688118271,1.007140667583451
baseline,1000,113,known,0.9927876131479603,1.0,0.08496529943980954,4.9479041980878256,3.6261701427402535,1.3217340553475718,0.2365239374803907,0.6600304491761805,True,True,True,2.9330431988716654e-07,10,7.212386852039732,1.0280459161646667,1.0009456162990111
baseline,1000,113,estimated,0.9927876131479603,0.9927876131479603,0.08496529943980954,4.942601704958845,3.6449288166437404,1.3239615249888868,0.2370140365383406,0.6621003496924525,True,True,True,2.5427451189052874e-07,10,7.212386852039732,1.0280459161646667,1.0009456162990111
baseline,1000,114,known,0.960084573267682,1.0,0.09080374013219585,5.121905670273163,3.763339574520896,1.3585660957522667,0.23674748957972047,0.6538204808919543,True,True,True,3.221913588727548e-07,9,39.91542673231796,0.9930758605119374,0.9677180383600982
baseline,1000,114,estimated,0.960084573267682,0.960084573267682,0.09080374013219585,5.092878824220952,3.8730279607849636,1.3744444272369196,0.23942081123296952,0.6654139274942045,True,True,True,2.2779014977195927e-07,9,39.91542673231796,0.9930758605119374,0.9677180383600982
baseline,1000,115,known,0.9910409858951511,1.0,0.09637390454305926,4.531059821310441,2.769326846785153,1.7617329745252877,0.2265835645102223,0.6216488052114534,False,False,True,3.3108196795250677e-07,10,8.959014104848894,1.0221254613842137,0.9982332562908187
baseline,1000,115,estimated,0.9910409858951511,0.9910409858951511,0.09637390454305926,4.522291478854961,2.7876038926371365,1.7596617688106924,0.227204397023908,0.6240130480429484,False,True,True,1.922803027909481e-10,8,8.959014104848894,1.0221254613842137,0.9982332562908187
baseline,1000,116,known,0.9956340843222107,1.0,0.06925114661051658,4.839080328190801,2.6290549698513037,2.210025358339497,0.2326037483335646,0.6741422192461226,True,False,True,3.852788794667106e-07,11,4.365915677789323,1.0388930398800535,1.0056432641623418
baseline,1000,116,estimated,0.9956340843222107,0.9956340843222107,0.06925114661051658,4.8354049327603565,2.636446861681283,2.210468575766147,0.23287650346230535,0.6752476554873024,True,False,True,4.4178720237653124e-08,12,4.365915677789323,1.0388930398800535,1.0056432641623418
baseline,1000,117,known,0.9845165888061652,1.0,0.09358221040865304,5.232256523389963,4.564320962038905,0.6679355613510582,0.24019054750546454,0.6516927082549983,True,True,True,1.232157353925345e-08,9,15.483411193834783,1.0165283596381671,0.9919234151413535
baseline,1000,117,estimated,0.9845165888061652,0.9845165888061652,0.09358221040865304,5.223826547131135,4.618728816996747,0.6766114076007631,0.24129243764137917,0.6566752477141176,True,True,True,6.5674088389755525e-09,9,15.483411193834783,1.0165283596381671,0.9919234151413535
baseline,1000,118,known,0.968526122640639,1.0,0.10278947809314298,4.941551758161012,3.825250030518411,1.1163017276426006,0.23575062985623696,0.647263423993504,True,True,True,9.487050545153863e-08,12,31.473877359361026,0.9976704701860113,0.9752694896993942
baseline,1000,118,estimated,0.968526122640639,0.968526122640639,0.10278947809314298,4.917663937965268,3.919234783466024,1.1217826694165962,0.23804801380422116,0.656989309855384,True,True,True,5.752656107027576e-08,12,31.473877359361026,0.9976704701860113,0.9752694896993942
baseline,1000,119,known,0.9724925300099354,1.0,0.08597796746381639,4.60698575371792,2.285475921937228,2.3215098317806917,0.23722862836827083,0.7092218798908555,True,False,True,4.642792210685087e-07,10,27.507469990064592,1.0073355527275256,0.9805544463474163
baseline,1000,119,estimated,0.9724925300099354,0.9724925300099354,0.08597796746381639,4.578831257608278,2.3275945333008883,2.3152629610812023,0.23911719165659176,0.7164158986984409,True,False,True,1.1894484626129298e-06,10,27.507469990064592,1.0073355527275256,0.9805544463474163
baseline,1000,120,known,0.9726337565190022,1.0,0.10950584235819417,4.798671185401645,3.67909447874531,1.1195767066563345,0.23396947181849678,0.634492940476894,True,True,True,1.6138688652134192e-07,10,27.36624348099781,0.9999905825023587,0.9789635300327537
baseline,1000,120,estimated,0.9726337565190022,0.9726337565190022,0.10950584235819417,4.776014531584597,3.758509135178844,1.1203616725246113,0.23598947028106282,0.6426961139082176,True,True,True,1.0529907568113117e-07,10,27.36624348099781,0.9999905825023587,0.9789635300327537
baseline,1000,121,known,0.9980805154701985,1.0,0.10072495760137692,4.726765236459627,3.5860826736330864,1.1406825628265405,0.2303899899602717,0.6172034241526948,True,True,True,6.847962330525093e-08,10,1.9194845298015073,1.027822223433082,1.0049620987149699
baseline,1000,121,estimated,0.9980805154701985,0.9980805154701985,0.10072495760137692,4.725227813965107,3.5914407555111696,1.1406807734238402,0.23052890839907497,0.6177652731188872,True,True,True,6.641261673934196e-08,10,1.9194845298015073,1.027822223433082,1.0049620987149699
baseline,1000,122,known,0.9741212853793184,1.0,0.08384270992487673,5.232820849383676,4.066225146696408,1.1665957026872675,0.23993176435846597,0.6654114326878172,True,True,True,7.04889848712753e-08,9,25.878714620681585,1.0098516700035531,0.9823885179291848
baseline,1000,122,estimated,0.9741212853793184,0.9741212853793184,0.08384270992487673,5.216504595254765,4.14178785337007,1.1819008877614652,0.24165201085917862,0.6731145152746975,True,True,True,2.1278843131966596e-08,9,25.878714620681585,1.0098516700035531,0.9823885179291848
baseline,1000,123,known,0.9869423270441547,1.0,0.11447611827592757,4.741097277516957,3.83153501859711,0.9095622589198467,0.229574128387832,0.6003537272581669,True,True,True,1.3212804628182084e-08,12,13.057672955845256,1.0131113858720688,0.9929972771158301
baseline,1000,123,estimated,0.9869423270441547,0.9869423270441547,0.11447611827592757,4.730666223923981,3.8722343294563903,0.9089942639500287,0.2305349221216183,0.6042242547109193,True,True,True,6.86655638792999e-07,12,13.057672955845256,1.0131113858720688,0.9929972771158301
baseline,1000,124,known,0.9949928503933622,1.0,0.09159443445456202,4.754853312442636,3.3181826075261056,1.4366707049165306,0.23026798393252348,0.6280612808131009,True,True,True,5.872635711057228e-11,6,5.00714960663784,1.027699338417371,1.0025604191510884
baseline,1000,124,estimated,0.9949928503933622,0.9949928503933622,0.09159443445456202,4.750692390750007,3.3303957652680607,1.4369724153279564,0.23060948864498876,0.6294387304109975,True,True,True,1.0993647212599687e-08,5,5.00714960663784,1.027699338417371,1.0025604191510884
baseline,1000,125,known,0.9816087401658296,1.0,0.10296588885866312,4.915787201155712,3.925600018796945,0.9901871823587671,0.23332629698213755,0.6252614960472062,True,True,True,1.9965561648405128e-08,9,18.391259834170448,1.0107031548963827,0.9883405538591139
baseline,1000,125,estimated,0.9816087401658296,0.9816087401658296,0.10296588885866312,4.9023125159674255,3.9821629803620517,0.993386529679227,0.23464377853201646,0.6307944709380051,True,True,True,4.723903934689133e-09,7,18.391259834170448,1.0107031548963827,0.9883405538591139
baseline,1000,126,known,0.9943316011008702,1.0,0.0885086271707389,4.98753654991379,3.8858897463473596,1.1016468035664302,0.23617095491527082,0.6504416660853802,True,True,True,6.461783108591135e-08,10,5.668398899129845,1.0281783838305925,1.00216300921008
baseline,1000,126,estimated,0.9943316011008702,0.9943316011008702,0.0885086271707389,4.983661944973642,3.902287412076366,1.1034942545679773,0.2365674388894792,0.6521480845185929,True,True,True,6.139811858929534e-08,10,5.668398899129845,1.0281783838305925,1.00216300921008
baseline,1000,127,known,0.9942730254019335,1.0,0.09923122550285991,4.8281421626065475,3.756261173432412,1.0718809891741354,0.23169542644121033,0.6196404802424126,True,True,True,3.404258713037989e-07,9,5.726974598066481,1.0244624366318458,1.0012581974286558
baseline,1000,127,estimated,0.9942730254019335,0.9942730254019335,0.09923122550285991,4.823801089177575,3.772845311115658,1.0725627673211107,0.23210087306561214,0.621309827113042,True,True,True,3.0365849290104166e-07,9,5.726974598066481,1.0244624366318458,1.0012581974286558
baseline,1000,128,known,0.9844474057581177,1.0,0.10132023040979343,5.176606618103806,4.576518968229349,0.6000876498744564,0.23625369378531752,0.6204281971491531,True,True,True,2.114161290478478e-09,9,15.552594241882268,1.0140143763565623,0.991288558583733
baseline,1000,128,estimated,0.9844474057581177,0.9844474057581177,0.10132023040979343,5.167887703550527,4.632832980037661,0.6071072950418018,0.23734713502074023,0.6252888350762055,True,True,True,5.386171988419619e-07,9,15.552594241882268,1.0140143763565623,0.991288558583733
baseline,1000,129,known,0.9928137586189443,1.0,0.09720115949789868,5.045268541413953,4.2806601532313335,0.7646083881826194,0.23676549662144805,0.6359411405877309,True,True,True,2.1511139738154053e-08,9,7.186241381055725,1.023633681848551,0.9999448173855316
baseline,1000,129,estimated,0.9928137586189443,0.9928137586189443,0.09720115949789868,5.040781096463595,4.30449730926087,0.7672169438911786,0.23727861727586438,0.6381635474451627,True,True,True,2.679321774084616e-08,9,7.186241381055725,1.023633681848551,0.9999448173855316
baseline,1000,130,known,0.9955118042802035,1.0,0.08649479612264883,5.25892192409244,4.627623705197145,0.6312982188952946,0.2448747054192206,0.6812854360957311,True,True,True,3.99501818737491e-07,12,4.488195719796528,1.0301466309731997,1.0035255485935268
baseline,1000,130,estimated,0.9955118042802035,0.9955118042802035,0.08649479612264883,5.256615475900734,4.643130690799513,0.6343240643941235,0.24519737413714618,0.6827513998842639,True,True,True,4.099840422711054e-08,9,4.488195719796528,1.0301466309731997,1.0035255485935268
baseline,1000,131,known,0.984427442425426,1.0,0.11128591494708219,4.529942988146809,3.1453388882702207,1.3846040998765878,0.22757020048334958,0.611197175534389,False,True,True,1.4243588086770842e-08,10,15.572557574573986,1.0113466826094017,0.9906559681188127
baseline,1000,131,estimated,0.984427442425426,0.984427442425426,0.11128591494708219,4.514903484234358,3.1838621932573665,1.3806221682910014,0.228709837341389,0.6155612675939092,False,True,True,5.582597895070762e-08,10,15.572557574573986,1.0113466826094017,0.9906559681188127
baseline,1000,132,known,0.9950605549597611,1.0,0.0852166539274965,4.785338579910844,3.205233731233878,1.580104848676966,0.23477432969513876,0.6621821164813779,True,True,True,2.7505056010568296e-09,6,4.93944504023891,1.0302148603154113,1.003194495317824
baseline,1000,132,estimated,0.9950605549597611,0.9950605549597611,0.0852166539274965,4.781249204974948,3.216473530575526,1.5806632686270832,0.23511310571352478,0.6635588974394823,True,True,True,1.4040564266792899e-08,11,4.93944504023891,1.0302148603154113,1.003194495317824
baseline,1000,133,known,0.9730749955985484,1.0,0.0893448209642705,5.106407603619449,3.9034788876293876,1.2029287159900615,0.2378519519789367,0.6589629154593873,True,True,True,2.010959043730054e-08,11,26.925004401451623,1.0066050003735538,0.9808331081906273
baseline,1000,133,estimated,0.9730749955985484,0.9730749955985484,0.0893448209642705,5.087951479885978,3.9811203621659796,1.2140228009940264,0.2397047937754767,0.667070226115562,True,True,True,4.2090002150274586e-07,11,26.925004401451623,1.0066050003735538,0.9808331081906273
baseline,1000,134,known,0.9953564138779122,1.0,0.11733898239452834,4.81148292427868,4.177285104529032,0.6341978197496485,0.22971820968496892,0.5876241322460949,True,True,True,8.256228589686998e-09,12,4.643586122087817,1.0208869938473333,1.0012636338521692
baseline,1000,134,estimated,0.9953564138779122,0.9953564138779122,0.11733898239452834,4.808191620683742,4.1934139720922206,0.634250127516498,0.2300609645557382,0.5890268690107276,True,True,True,1.2414746172487236e-07,9,4.643586122087817,1.0208869938473333,1.0012636338521692
baseline,1000,135,known,0.9988756967082312,1.0,0.10301754083224862,4.816270282370008,3.8817444180928646,0.9345258642771426,0.23077769425302763,0.6051778411032065,True,True,True,1.158674521661851e-06,11,1.1243032917688245,1.0279555237877007,1.0056041351368736
baseline,1000,135,estimated,0.9988756967082312,0.9988756967082312,0.10301754083224862,4.815426106782752,3.8851218735457844,0.9346722885483185,0.23085592977442396,0.6054960856271995,True,True,True,1.2353947385079778e-06,11,1.1243032917688245,1.0279555237877007,1.0056041351368736
baseline,1000,136,known,0.9987940585125141,1.0,0.11558325016697986,4.550003996698894,3.5208415676327722,1.0291624290661219,0.22688569699264238,0.5918405361051875,False,True,True,6.347973768635374e-07,9,1.2059414874858732,1.02471245299637,1.0047910103161584
baseline,1000,136,estimated,0.9987940585125141,0.9987940585125141,0.11558325016697986,4.548938684864838,3.524294559019171,1.0288942188685084,0.22697546225487328,0.5921876643999882,False,True,True,6.005984456930609e-07,9,1.2059414874858732,1.02471245299637,1.0047910103161584
baseline,1000,137,known,0.9849421226831563,1.0,0.10188518310803885,4.9551278189032715,4.008403425251695,0.9467243936515769,0.23126419805199291,0.6089741042863104,True,True,True,3.122125136201248e-08,9,15.057877316843715,1.014345144615966,0.991745341359467
baseline,1000,137,estimated,0.9849421226831563,0.9849421226831563,0.10188518310803885,4.9446411017347085,4.056031819126027,0.9496845121342952,0.23232459471893585,0.6134797752893382,True,True,True,2.1643206249422065e-07,7,15.057877316843715,1.014345144615966,0.991745341359467
baseline,1000,138,known,0.9867347893821738,1.0,0.08642457111459306,5.480715983591655,4.968670735121363,0.5120452484702916,0.24249332161977386,0.6506897183203917,False,True,True,1.3399064666685945e-06,11,13.26521061782615,1.021397758893262,0.9947550453304606
baseline,1000,138,estimated,0.9867347893821738,0.9867347893821738,0.08642457111459306,5.475237410510276,5.018743931829907,0.52306817397303,0.2434022942756144,0.6550431906288892,True,True,True,3.993511762390156e-07,9,13.26521061782615,1.021397758893262,0.9947550453304606
baseline,1000,139,known,0.9960214968263182,1.0,0.10585045782570071,4.985264678801004,4.340514158488466,0.6447505203125381,0.23237596370571054,0.6008086884767196,True,True,True,3.3863442050474646e-08,12,3.9785031736817578,1.0243230491775317,1.0025698594389894
baseline,1000,139,estimated,0.9960214968263182,0.9960214968263182,0.10585045782570071,4.982770814195809,4.3543925421615794,0.645702236582675,0.23265922956122692,0.6020151729551254,True,True,True,3.5524647445939195e-08,12,3.9785031736817578,1.0243230491775317,1.0025698594389894
baseline,1000,140,known,0.9957411749350059,1.0,0.11249046283601388,4.312616592156127,2.746361749647291,1.5662548425088356,0.22510109120225197,0.6063295659261781,False,False,True,2.1632837743368327e-09,11,4.258825064994087,1.0223721638920085,1.0019030055745544
baseline,1000,140,estimated,0.9957411749350059,0.9957411749350059,0.11249046283601388,4.30804119656624,2.755498568116823,1.5642778148178678,0.22541596545699957,0.6074787100239928,False,False,True,1.1192957671823933e-09,11,4.258825064994087,1.0223721638920085,1.0019030055745544
baseline,1000,141,known,0.9973610427286995,1.0,0.10285276509609349,4.570983937751768,3.25866344228539,1.312320495466378,0.23490158975659292,0.650369458596645,True,True,True,5.261000213252487e-07,9,2.6389572713004794,1.0264874572762825,1.0041002604824696
baseline,1000,141,estimated,0.9973610427286995,0.9973610427286995,0.10285276509609349,4.5685716085642385,3.2651688368955423,1.3120194127128455,0.23509650509163918,0.6511228707471705,True,True,True,2.6935773611569402e-08,11,2.6389572713004794,1.0264874572762825,1.0041002604824696
baseline,1000,142,known,0.9968697423012639,1.0,0.07831423573449788,5.450646761238465,4.704620445008916,0.7460263162295485,0.24000984471650105,0.6379065871732487,True,True,True,3.4716680308299885e-07,12,3.130257698736094,1.0351224590066936,1.0057205875410726
baseline,1000,142,estimated,0.9968697423012639,0.9968697423012639,0.07831423573449788,5.449202498681302,4.7151180945097675,0.7488439388873236,0.24020438598923557,0.6388259757736194,True,True,True,7.306872440437928e-09,12,3.130257698736094,1.0351224590066936,1.0057205875410726
baseline,1000,143,known,0.9767254154478859,1.0,0.113924553143208,4.744000568196457,3.6879144781355437,1.0560860900609133,0.2300420341160457,0.6103381078622415,True,True,True,4.352032161314412e-07,7,23.274584552114064,1.0030211716382853,0.9828096805289052
baseline,1000,143,estimated,0.9767254154478859,0.9767254154478859,0.113924553143208,4.724570946955554,3.7573587459415165,1.0546631648390785,0.23175869744665992,0.617264212826933,True,True,True,2.1725147608739739e-07,9,23.274584552114064,1.0030211716382853,0.9828096805289052
baseline,1000,144,known,0.9995512241934046,1.0,0.09980808626060665,5.449843883810989,5.42984388381099,0.02,0.24233188879247752,0.6297192227594621,True,False,True,0.08176324116986833,9,0.44877580659541394,1.0295661496948505,1.0064960240240524
baseline,1000,144,estimated,0.9995512241934046,0.9995512241934046,0.09980808626060665,5.449783774461481,5.432221624102443,0.02,0.2423651086787702,0.6298668360124793,True,False,True,0.08027915604885316,9,0.44877580659541394,1.0295661496948505,1.0064960240240524
baseline,1000,145,known,0.9720614782948015,1.0,0.10490876041383707,5.0537754624968905,4.29233414751137,0.7614413149855204,0.2409959112736991,0.6634851717716288,True,True,True,4.554038186554976e-07,12,27.938521705198504,1.0006170751938273,0.9786686212810084
baseline,1000,145,estimated,0.9720614782948015,0.9720614782948015,0.10490876041383707,5.035168577659557,4.3868142855562064,0.7709153982370375,0.24307893994280802,0.6724892043575526,True,True,True,5.287373854301336e-07,11,27.938521705198504,1.0006170751938273,0.9786686212810084
baseline,1000,146,known,0.9776183896352354,1.0,0.11575744326068496,4.709022609303027,3.6376646659999747,1.0713579433030522,0.22846565601094362,0.6002488319997161,True,True,True,8.851204185477889e-08,9,22.381610364764605,1.0034977818295465,0.9836063171588157
baseline,1000,146,estimated,0.9776183896352354,0.9776183896352354,0.11575744326068496,4.689902876614735,3.7037209418482266,1.0690771737867737,0.2301041514347233,0.6067852470433887,True,True,True,2.1717651876926574e-08,9,22.381610364764605,1.0034977818295465,0.9836063171588157
baseline,1000,147,known,0.9963198392978584,1.0,0.07389049468459884,4.909930680550259,3.1275498244667688,1.78238085608349,0.2383269802931885,0.6918729001024967,True,True,True,5.112866574563668e-08,11,3.6801607021416105,1.0368627032527047,1.0057005747161099
baseline,1000,147,estimated,0.9963198392978584,0.9963198392978584,0.07389049468459884,4.907045466593532,3.1352196825539522,1.7833638963078957,0.2385685717033584,0.6928791547734624,True,True,True,2.9545693891463998e-08,11,3.6801607021416105,1.0368627032527047,1.0057005747161099
baseline,1000,148,known,0.9909441028658348,1.0,0.09696252831272399,4.891035467997209,3.8366433403963063,1.054392127600902,0.2349016793806569,0.6380982630490615,True,True,True,4.2293035629192843e-08,5,9.055897134165214,1.0218398759617275,0.9980927116389517
baseline,1000,148,estimated,0.9909441028658348,0.9909441028658348,0.09696252831272399,4.884354628298206,3.863039369496829,1.0562985459567718,0.23554180312659195,0.6407661008187255,True,True,True,7.424040182613112e-08,12,9.055897134165214,1.0218398759617275,0.9980927116389517
baseline,1000,149,known,0.9948663749869829,1.0,0.08397187720850363,5.011818046759152,3.7701451984550762,1.241672848304076,0.2353793008157971,0.6465415951389824,True,True,True,5.897944634902785e-07,11,5.133625013017062,1.0305417983923157,1.0031208907082267
baseline,1000,149,estimated,0.9948663749869829,0.9948663749869829,0.08397187720850363,5.008277397868252,3.7841398014856162,1.243563951120295,0.23572470680094743,0.6480241206237594,True,True,True,4.7023052562877865e-07,11,5.133625013017062,1.0305417983923157,1.0031208907082267
baseline,1000,150,known,0.9949761923828021,1.0,0.07316423755516363,5.0521161344905785,3.516899635340173,1.5352164991504051,0.24274429273989764,0.7068798043178415,True,True,True,2.1724860577165828e-08,11,5.023807617197895,1.0359215008239009,1.0044500446871787
baseline,1000,150,estimated,0.9949761923828021,0.9949761923828021,0.07316423755516363,5.0485764830469915,3.5287502269115447,1.5375540184045935,0.24307813169350034,0.708320165569493,True,True,True,2.2155327572548345e-08,11,5.023807617197895,1.0359215008239009,1.0044500446871787
baseline,1000,151,known,0.9880744794640914,1.0,0.08956480468131563,5.026869032195105,3.9207760350771825,1.1060929971179227,0.2373220200809182,0.6507293627665611,True,True,True,8.820767962713916e-07,10,11.925520535908563,1.0215221298465518,0.9958135370439775
baseline,1000,151,estimated,0.9880744794640914,0.9880744794640914,0.08956480468131563,5.018613028192145,3.9549864629034266,1.1107918375713135,0.23813354087665203,0.6541928540586417,True,True,True,4.062935365922726e-08,12,11.925520535908563,1.0215221298465518,0.9958135370439775
baseline,1000,152,known,0.9977422646530311,1.0,0.08384296264169303,5.11359424818346,4.133587392054117,0.9800068561293439,0.24018182628242005,0.6659907314705519,True,True,True,4.0899453812581754e-07,11,2.2577353469689365,1.0334725415798662,1.0060094722840656
baseline,1000,152,estimated,0.9977422646530311,0.9977422646530311,0.08384296264169303,5.112204365660143,4.140369263714358,0.9811829599819768,0.24033722165566024,0.6666741494858945,True,True,True,3.7622925497249327e-08,12,2.2577353469689365,1.0334725415798662,1.0060094722840656
baseline,1000,153,known,0.9931019936634837,1.0,0.08125760663047389,5.16345216534273,4.1479442299057885,1.0155079354369416,0.24394184344145725,0.6917351462207108,True,True,True,3.4635561352303057e-07,10,6.898006336516271,1.0299690932222654,1.0016322372837776
baseline,1000,153,estimated,0.9931019936634837,0.9931019936634837,0.08125760663047389,5.159233344967625,4.168319784694188,1.0196666565608832,0.2444188422847856,0.6938513076151295,True,True,True,3.353957063190194e-07,10,6.898006336516271,1.0299690932222654,1.0016322372837776
baseline,1000,154,known,0.9973975710176435,1.0,0.09296708276010647,5.16587737920083,4.454403889018728,0.7114734901821016,0.23436747428684573,0.6124363794296558,True,True,True,1.2022989892557234e-07,9,2.6024289823565194,1.029621151500256,1.00485340549132
baseline,1000,154,estimated,0.9973975710176435,0.9973975710176435,0.09296708276010647,5.164427144897147,4.463293884295097,0.7127486659633139,0.23454238408149752,0.6132152538018881,True,True,True,1.1820420442454349e-07,9,2.6024289823565194,1.029621151500256,1.00485340549132
baseline,1000,155,known,0.9958017633796785,1.0,0.08746719830739147,4.929347985942518,3.7005371591634013,1.2288108267791167,0.2364364430691826,0.6523324685420407,True,True,True,5.385334933549757e-08,7,4.198236620321483,1.0300515430859623,1.0037264162092339
baseline,1000,155,estimated,0.9958017633796785,0.9958017633796785,0.08746719830739147,4.926270684081469,3.711758707858647,1.2300948175559516,0.2367218775545222,0.653525451765858,True,True,True,1.9709092935471517e-07,10,4.198236620321483,1.0300515430859623,1.0037264162092339
baseline,1000,156,known,0.9994483328710425,1.0,0.08689333224952098,5.0716546797276605,4.110407843883395,0.9612468358442655,0.23650956199720075,0.6423659979582084,True,True,True,2.5729035346699902e-08,9,0.5516671289574893,1.033924306987808,1.0074253221591218
baseline,1000,156,estimated,0.9994483328710425,0.9994483328710425,0.08689333224952098,5.071311750242055,4.112094478764154,0.9614857788330033,0.2365475242559387,0.6425320319780958,True,True,True,2.4118296693131924e-08,9,0.5516671289574893,1.033924306987808,1.0074253221591218
baseline,1000,157,known,0.9784930369305388,1.0,0.06839834340346415,5.093669127074829,3.1128442695230762,1.980824857551753,0.24220465375456954,0.7245994660433559,True,True,True,1.506229309205775e-08,12,21.506963069461204,1.0222913531541196,0.988627013077757
baseline,1000,157,estimated,0.9784930369305388,0.9784930369305388,0.06839834340346415,5.07760836343575,3.156140545549968,1.989346816040954,0.24359311380040358,0.7306363215483044,True,True,True,1.5459090008107523e-08,11,21.506963069461204,1.0222913531541196,0.988627013077757
baseline,1000,158,known,0.9992691701822405,1.0,0.08959811262229479,4.991060845489873,3.909197716005878,1.0818631294839953,0.23155167676238406,0.6112620766625796,True,True,True,5.720096218908566e-08,9,0.7308298177595152,1.0327043864594254,1.0070053507810657
baseline,1000,158,estimated,0.9992691701822405,0.9992691701822405,0.08959811262229479,4.9905693272371625,3.911330599520228,1.0820972447461785,0.23160040884794975,0.6114694569043857,True,True,True,5.4333832544273264e-08,9,0.7308298177595152,1.0327043864594254,1.0070053507810657
baseline,1000,159,known,0.981618431819483,1.0,0.07565504269200701,5.061461454402374,3.399812976224849,1.6616484781775254,0.23886774173683095,0.6892093757872064,True,True,True,1.1920517246633011e-06,10,18.38156818051695,1.0212156902038272,0.9907803747104779
baseline,1000,159,estimated,0.981618431819483,0.981618431819483,0.07565504269200701,5.048120299178448,3.4428616568767785,1.6685438385836375,0.24009657990856778,0.6945603135226058,True,True,True,9.305068207066114e-07,10,18.38156818051695,1.0212156902038272,0.9907803747104779
baseline,3000,0,known,0.9915167733305932,1.0,0.10189825504313206,4.9835574750997855,4.246849991856194,0.7367074832435921,0.1366783317835467,0.36685145968372307,True,True,True,1.1497438467831576e-07,9,25.449680008220454,1.0013165233272474,0.9937842219742313
baseline,3000,0,estimated,0.9915167733305932,0.9915167733305932,0.10189825504313206,4.978008423809678,4.275118635147348,0.7391565890828902,0.13703485359991147,0.3683695874759597,True,True,True,1.5875822416295195e-07,9,25.449680008220454,1.0013165233272474,0.9937842219742313
baseline,3000,1,known,0.9889293994678295,1.0,0.08274241003619,5.053251738281647,3.7791065452059023,1.2741451930757448,0.13774159951522263,0.38563155517239117,True,True,True,6.543295683059114e-07,10,33.21180159651138,1.0009979073114037,0.9917217892481803
baseline,3000,1,estimated,0.9889293994678295,0.9889293994678295,0.08274241003619,5.045608925965595,3.8088980844780065,1.2788776306485938,0.1381729241792667,0.3874936494795609,True,True,True,5.706314443187921e-07,10,33.21180159651138,1.0009979073114037,0.9917217892481803
baseline,3000,2,known,0.9971663775497317,1.0,0.09368662552947171,4.76936773671366,3.4791569610551862,1.2902107756584738,0.13415245809514065,0.36631766663050613,True,True,True,4.3788215542406306e-07,10,8.500867350804908,1.007825075297404,0.9996325679891981
baseline,3000,2,estimated,0.9971663775497317,0.9971663775497317,0.09368662552947171,4.76708935154779,3.4865164829326596,1.2904523399943988,0.13426719041956509,0.3667834598392404,True,True,True,2.609196473990494e-06,12,8.500867350804908,1.007825075297404,0.9996325679891981
baseline,3000,3,known,0.9933661948460845,1.0,0.08994636887321916,4.864952505689037,3.5559867330739126,1.3089657726151245,0.1348139000195343,0.369571592769194,True,True,True,2.2465639495372614e-06,12,19.90141546174662,1.0044681152129367,0.9959349373432087
baseline,3000,3,estimated,0.9933661948460845,0.9933661948460845,0.08994636887321916,4.859841366092542,3.5732787578544802,1.3102670432782941,0.1350760982456881,0.3706556254597765,True,True,True,3.7022126653241116e-07,10,19.90141546174662,1.0044681152129367,0.9959349373432087
baseline,3000,4,known,0.9995285105675951,1.0,0.09360227083256716,4.923638910654341,3.9169345537189852,1.0067043569353555,0.13478478257830634,0.36142213233491594,True,True,True,6.489557380362498e-08,9,1.4144682972148104,1.0101968139713045,1.0019969235465915
baseline,3000,4,estimated,0.9995285105675951,0.9995285105675951,0.09360227083256716,4.923310394648434,3.918332209979198,1.0068256368988926,0.13480371892028165,0.36150177214640095,True,True,True,6.386295803295639e-08,9,1.4144682972148104,1.0101968139713045,1.0019969235465915
baseline,3000,5,known,0.9921496527757252,1.0,0.08715045471965892,5.066926284539177,3.98471565358662,1.0822106309525565,0.1362147630623291,0.36983238043022637,True,True,True,3.6252645774226266e-08,9,23.551041672824404,1.0036077389983407,0.9948008042921445
baseline,3000,5,estimated,0.9921496527757252,0.9921496527757252,0.08715045471965892,5.061754702927961,4.007623487122894,1.085592451723141,0.13651882852098518,0.3711482392158482,True,True,True,1.396763771310816e-08,9,23.551041672824404,1.0036077389983407,0.9948008042921445
baseline,3000,6,known,0.9994419787590719,1.0,0.09427160890062108,4.8727955024551655,3.794512809495618,1.0782826929595475,0.1341232854987595,0.3591205247477949,True,True,True,1.0365729741224072e-07,5,1.6740637227842248,1.0100345361171486,1.0018928657533759
baseline,3000,6,estimated,0.9994419787590719,0.9994419787590719,0.09427160890062108,4.872387070463898,3.796106911747108,1.0783984670063782,0.13414549130861608,0.3592125623534784,True,True,True,2.7870668495127377e-07,9,1.6740637227842248,1.0100345361171486,1.0018928657533759
baseline,3000,7,known,0.990017103438245,1.0,0.0824019852491204,5.140972332260075,4.030595376613384,1.110376955646691,0.13852180848133483,0.3858896017071619,True,True,True,1.0938774330782053e-08,12,29.948689685264984,1.0021354695370601,0.9928210293326046
baseline,3000,7,estimated,0.990017103438245,0.990017103438245,0.0824019852491204,5.134651252107014,4.059449410431908,1.1157269052371261,0.1389109373245783,0.3876073495833244,True,True,True,2.433437007454131e-09,12,29.948689685264984,1.0021354695370601,0.9928210293326046
baseline,3000,8,known,0.9929155207797853,1.0,0.10408100339801925,5.224152904051241,4.9117703882962465,0.3123825157549951,0.13777803017850485,0.36081705161438865,True,False,True,2.5663804414932656e-08,10,21.25343766064414,1.0025097540396175,0.9951354173280832
baseline,3000,8,estimated,0.9929155207797853,0.9929155207797853,0.10408100339801925,5.220726522720401,4.93981782876361,0.3159047307163133,0.13807473253043662,0.36214802929744255,True,False,True,2.4701120260317566e-08,9,21.25343766064414,1.0025097540396175,0.9951354173280832
baseline,3000,9,known,0.9994654922054163,1.0,0.10345810595578998,4.9625676234230705,4.287946724228098,0.6746208991949725,0.1344354334275183,0.350855431131847,True,True,True,2.7365158450365357e-07,9,1.6035233837512486,1.0091174901353293,1.0016987542398612
baseline,3000,9,estimated,0.9994654922054163,0.9994654922054163,0.10345810595578998,4.962227001042782,4.289768603065899,0.6747513127321827,0.13445744406520826,0.35094886311975,True,True,True,8.042053964101322e-08,9,1.6035233837512486,1.0091174901353293,1.0016987542398612
baseline,3000,10,known,0.9979045078242919,1.0,0.08645567799347165,5.036860948352338,3.966417627432979,1.0704433209193582,0.13578543436647852,0.36823517058894084,True,True,True,6.321291579070021e-08,9,6.2864765271244405,1.009454673732347,1.0005769645737965
baseline,3000,10,estimated,0.9979045078242919,0.9979045078242919,0.08645567799347165,5.035484622631153,3.972522870523123,1.0712861427010327,0.13586692277291687,0.3685871599667432,True,True,True,4.976208112239533e-08,9,6.2864765271244405,1.009454673732347,1.0005769645737965
baseline,3000,11,known,0.9999456343569592,1.0,0.07831595553687495,5.091821252033309,3.8837530840262,1.20806816800711,0.13771649527183735,0.38441264670109077,True,True,True,2.9376564114613757e-07,10,0.16309692912253038,1.0126962599181555,1.002895851315978
baseline,3000,11,estimated,0.9999456343569592,0.9999456343569592,0.07831595553687495,5.0917864026574415,3.8839025556028135,1.2080949979145716,0.1377185957279727,0.3844218673478462,True,True,True,2.9364944786891556e-07,10,0.16309692912253038,1.0126962599181555,1.002895851315978
baseline,3000,12,known,0.9923544646988892,1.0,0.08476147041877705,5.068162905961859,3.9044378756569547,1.163725030304905,0.13587911689788945,0.3703649428838238,True,True,True,7.431605908436723e-08,9,22.936605903332353,1.0041354946832013,0.9950803383658409
baseline,3000,12,estimated,0.9923544646988892,0.9923544646988892,0.08476147041877705,5.063104617456627,3.926177525398522,1.1669448209269677,0.1361738890536488,0.37164634260342877,True,True,True,4.473505654800647e-08,9,22.936605903332353,1.0041354946832013,0.9950803383658409
baseline,3000,13,known,0.9994053801157053,1.0,0.0860739580765299,5.091731179353542,4.124301134055626,0.9674300452979159,0.1362780223029909,0.3686746227156185,True,True,True,3.1407586036340764e-08,9,1.7838596528839679,1.0110067685824717,1.002089688649318
baseline,3000,13,estimated,0.9994053801157053,0.9994053801157053,0.0860739580765299,5.091364949669146,4.126114854829048,0.9677035647776638,0.1363012662071804,0.36877659261012,True,True,True,3.230661482925496e-08,9,1.7838596528839679,1.0110067685824717,1.002089688649318
baseline,3000,14,known,0.999737562278012,1.0,0.07374260665362666,5.148125331276362,3.841261955657121,1.3068633756192416,0.137849848021208,0.3861318215726878,True,True,True,1.705184962119688e-07,10,0.787313165963921,1.0132789526604862,1.0028707449884076
baseline,3000,14,estimated,0.999737562278012,0.999737562278012,0.07374260665362666,5.1479596070524085,3.841954193702753,1.307013687056233,0.13785963862347028,0.38617515825886894,True,True,True,1.7029843490945495e-07,10,0.787313165963921,1.0132789526604862,1.0028707449884076
baseline,3000,15,known,0.999882948292981,1.0,0.09272847573788079,4.795374836891201,3.5551758958666198,1.240198941024581,0.1342134883922067,0.3646928075643532,True,True,True,3.8817412750802305e-07,10,0.35115512105710067,1.0106517808071778,1.0023746215179326
baseline,3000,15,estimated,0.999882948292981,0.999882948292981,0.09272847573788079,4.795283065183421,3.5554849170320777,1.2402143237301622,0.1342181700854326,0.3647118780177732,True,True,True,3.8742983043960066e-07,10,0.35115512105710067,1.0106517808071778,1.0023746215179326
baseline,3000,16,known,0.9996584086462741,1.0,0.10379231562859516,4.968184970334139,4.370166117666282,0.5980188526678571,0.13643374708066244,0.3626835712770414,True,True,True,3.824610201874634e-07,10,1.0247740611777356,1.0092793272901095,1.0018844796110402
baseline,3000,16,estimated,0.9996584086462741,0.9996584086462741,0.10379231562859516,4.967971239218996,4.371354008222427,0.5981104477298527,0.13644827224320993,0.3627453278556869,True,True,True,4.4596182569023313e-07,10,1.0247740611777356,1.0092793272901095,1.0018844796110402
baseline,3000,17,known,0.9996619489678653,1.0,0.08340937496711691,5.032029682623807,3.9155961511312074,1.1164335314925997,0.13771263863620714,0.3823731841525131,True,True,True,4.351179709871644e-07,10,1.014153096404069,1.0116339536125671,1.0024320100104966
baseline,3000,17,estimated,0.9996619489678653,0.9996619489678653,0.08340937496711691,5.031805167820243,3.9165481659680372,1.116580995002117,0.1377259379206487,0.3824305132253472,True,True,True,4.3382116743373444e-07,10,1.014153096404069,1.0116339536125671,1.0024320100104966
baseline,3000,18,known,0.9979344669495862,1.0,0.08789487849413118,5.234291633745797,4.539503629965456,0.6947880037803413,0.1379117897330376,0.3694899662637885,True,True,True,1.1114051519538397e-07,9,6.196599151241378,1.0092955091584865,1.0005631645955142
baseline,3000,18,estimated,0.9979344669495862,0.9979344669495862,0.08789487849413118,5.233189535268777,4.546491535486024,0.6960889283127256,0.1379922333720037,0.36985205306974006,True,True,True,1.1081913683817163e-07,9,6.196599151241378,1.0092955091584865,1.0005631645955142
baseline,3000,19,known,0.9999230144399761,1.0,0.07802633882219921,5.05112526367717,3.7603904540607984,1.2907348096163718,0.13763192729308835,0.38582798524827266,True,True,True,6.776287042598028e-07,10,0.23095668007167003,1.012720967536218,1.002884181959487
baseline,3000,19,estimated,0.9999230144399761,0.9999230144399761,0.07802633882219921,5.051073653482959,3.7605931571272313,1.2907700077259507,0.13763488189956766,0.3858407871397,True,True,True,6.769354010671691e-07,10,0.23095668007167003,1.012720967536218,1.002884181959487
baseline,3000,20,known,0.9961863952367754,1.0,0.09490099258616798,5.024078844122939,4.162613842982693,0.8614650011402462,0.13508635518902162,0.3585375664793386,True,True,True,1.9874738299563433e-08,9,11.440814289673696,1.0067087027206651,0.9986210279407154
baseline,3000,20,estimated,0.9961863952367754,0.9961863952367754,0.09490099258616798,5.021638703896166,4.174779694820407,0.8627799688053401,0.13523871123710032,0.3591934743732564,True,True,True,4.23524015857879e-09,9,11.440814289673696,1.0067087027206651,0.9986210279407154
baseline,3000,21,known,0.9876068067939995,1.0,0.08714304936049548,5.066466139094789,3.9748779465628963,1.0915881925318924,0.13848042654267934,0.38641041622276456,True,True,True,5.267380038809222e-07,10,37.179579618001554,0.9990658667172649,0.9902581836035352
baseline,3000,21,estimated,0.9876068067939995,0.9876068067939995,0.08714304936049548,5.058157753654335,4.010768483571223,1.0970954988045483,0.13897548858285527,0.38855654782573557,True,True,True,4.755964579938876e-07,10,37.179579618001554,0.9990658667172649,0.9902581836035352
baseline,3000,22,known,0.9981112132298566,1.0,0.08216193565015273,5.07152991034217,3.949716327687059,1.1218135826551108,0.1376769958530883,0.38199377880696445,True,True,True,1.7103887772762505e-07,10,5.6663603104301075,1.010264985126979,1.000923331254564
baseline,3000,22,estimated,0.9981112132298566,0.9981112132298566,0.08216193565015273,5.070302925105681,3.955062238211993,1.1227109561243167,0.13775053507862045,0.3823139371949202,True,True,True,1.6891064502644326e-07,10,5.6663603104301075,1.010264985126979,1.000923331254564
baseline,3000,23,known,0.9966147839987788,1.0,0.09574683258072748,4.720567055366594,3.390977113986474,1.32958994138012,0.13323787360706799,0.36131861151409994,False,True,True,3.2484541101496234e-07,10,10.155648003663643,1.007044136047329,0.9990279088401864
baseline,3000,23,estimated,0.9966147839987788,0.9966147839987788,0.09574683258072748,4.717736629147051,3.3995555807440025,1.3296892783520247,0.13337402407048093,0.3618627739959447,False,True,True,6.902171967304582e-08,8,10.155648003663643,1.007044136047329,0.9990279088401864
baseline,3000,24,known,0.9990455571674419,1.0,0.09326132286130237,4.926153347537137,3.900791598436316,1.0253617491008211,0.13454185623771514,0.36020468074628287,True,True,True,4.376001427885967e-08,9,2.8633284976742335,1.009752862123893,1.0015229942560222
baseline,3000,24,estimated,0.9990455571674419,0.9990455571674419,0.09326132286130237,4.9254853068623285,3.9036000842031195,1.02561098578075,0.13457981632280386,0.36036431311352957,True,True,True,8.289475754708064e-07,11,2.8633284976742335,1.009752862123893,1.0015229942560222
baseline,3000,25,known,0.9947651000111418,1.0,0.09713981321666557,5.001878289127332,4.207749535031267,0.7941287540960651,0.13699097379882869,0.37020321239307086,True,True,True,8.681701402224462e-08,9,15.70469996657453,1.0050448956114353,0.9971436207487853
baseline,3000,25,estimated,0.9947651000111418,0.9947651000111418,0.09713981321666557,4.998479617562591,4.224677995282266,0.7959173890707574,0.13720709570420994,0.37112763200082727,True,True,True,1.098398714205473e-07,9,15.70469996657453,1.0050448956114353,0.9971436207487853
baseline,3000,26,known,0.9934670212952598,1.0,0.0909791133161087,5.047841337126355,4.125899921209666,0.9219414159166893,0.13768938914561266,0.3775079093562109,True,True,True,2.0045893478481958e-07,12,19.5989361142207,1.0044429188185564,0.9960066048520247
baseline,3000,26,estimated,0.9934670212952598,0.9934670212952598,0.0909791133161087,5.043649842451019,4.146169196438281,0.9245674810793189,0.13795639922996256,0.3786652798555122,True,True,True,4.0280493962541186e-07,10,19.5989361142207,1.0044429188185564,0.9960066048520247
baseline,3000,27,known,0.9844806812189612,1.0,0.09230093210942922,5.176239148807346,4.349943770316959,0.8262953784903867,0.1377007131544625,0.3721558492921089,True,True,True,2.0174639878689504e-06,12,46.557956343116544,0.9952993956316619,0.9869838960284576
baseline,3000,27,estimated,0.9844806812189612,0.9844806812189612,0.09230093210942922,5.1669823605540195,4.400842006634176,0.8344384239257862,0.1383176064667345,0.3748917141908818,True,True,True,1.097773196867433e-10,6,46.557956343116544,0.9952993956316619,0.9869838960284576
baseline,3000,28,known,0.9996982364630784,1.0,0.08715822490257477,5.020111223877418,4.021032981824301,0.999078242053117,0.13771983988648473,0.37997795633384496,True,True,True,3.085020379600678e-06,12,0.9052906107647196,1.0111553011937358,1.0023491516285137
baseline,3000,28,estimated,0.9996982364630784,0.9996982364630784,0.08715822490257477,5.019913198968847,4.021923903517407,0.9992029654337943,0.13773193535578812,0.3800300119973454,True,True,True,2.9661870808439517e-06,12,0.9052906107647196,1.0111553011937358,1.0023491516285137
baseline,3000,29,known,0.9998668123103596,1.0,0.0918191608772303,5.273383250516979,4.756318437912449,0.5170648126045301,0.1372439926321811,0.36150506497357715,False,False,True,2.8196598229185825e-10,6,0.3995630689213048,1.010742292057481,1.0023831613815037
baseline,3000,29,estimated,0.9998668123103596,0.9998668123103596,0.0918191608772303,5.273320262779542,4.756810113575514,0.5171436977531143,0.13724934104201864,0.36152952839311253,False,False,True,2.9001784906813713e-10,6,0.3995630689213048,1.010742292057481,1.0023831613815037
baseline,3000,30,known,0.9995504002621315,1.0,0.0902408172679114,5.003819572632169,4.053307654257849,0.95051191837432,0.13646744986440137,0.3708647542183447,True,True,True,5.470718811295683e-08,11,1.3487992136055338,1.0106160959722377,1.0021107611629054
baseline,3000,30,estimated,0.9995504002621315,0.9995504002621315,0.0902408172679114,5.003525002286363,4.054671024799718,0.950676956516538,0.13648553496379193,0.37094235617335464,True,True,True,2.2367956915580578e-07,9,1.3487992136055338,1.0106160959722377,1.0021107611629054
baseline,3000,31,known,0.9999160125305205,1.0,0.09618286719782994,4.6869916256657245,3.360863098810434,1.3261285268552907,0.13285778372113957,0.3593002495637294,False,True,True,2.839646793262318e-07,10,0.2519624084383887,1.0102980842404865,1.0023181977316689
baseline,3000,31,estimated,0.9999160125305205,0.9999160125305205,0.09618286719782994,4.686920662564086,3.3610745936993895,1.326128357014553,0.13286117067649902,0.3593136966051002,False,True,True,2.8330877732685167e-07,10,0.2519624084383887,1.0102980842404865,1.0023181977316689
baseline,3000,32,known,0.9961806793530249,1.0,0.09343604643024915,4.874326027287358,3.7253007027644647,1.149025324522893,0.13398162185794843,0.3605757049136827,True,True,True,9.369482967258591e-08,12,11.457961940925298,1.0068679618598189,0.9986534836829805
baseline,3000,32,estimated,0.9961806793530249,0.9961806793530249,0.09343604643024915,4.871494643814883,3.73600563566011,1.1497580116162653,0.1341339293867618,0.3612089983742661,True,True,True,1.2482967672248578e-06,9,11.457961940925298,1.0068679618598189,0.9986534836829805
baseline,3000,33,known,0.9983363261086932,1.0,0.09782264849081296,4.7068574856990395,3.4641678400399276,1.2426896456591119,0.13390700508029824,0.3641650726286114,False,True,True,4.988237964909104e-07,10,4.991021673920515,1.008544365248134,1.000698243964642
baseline,3000,33,estimated,0.9983363261086932,0.9983363261086932,0.09782264849081296,4.705474816055117,3.468520525099484,1.2427247779947028,0.13397527319891944,0.36443800600864207,False,True,True,4.749728486075355e-07,10,4.991021673920515,1.008544365248134,1.000698243964642
baseline,3000,34,known,0.998954587933362,1.0,0.09141542840506031,4.898583154973535,3.7844899949752886,1.1140931599982464,0.13503474780719435,0.36666273676785427,True,True,True,1.573051235936873e-07,12,3.1362361999139887,1.00987809878859,1.0014820503564759
baseline,3000,34,estimated,0.998954587933362,0.998954587933362,0.09141542840506031,4.897832474343614,3.787457856369632,1.1143340721189137,0.1350769013971217,0.3668396302285118,True,True,True,8.513605642690436e-08,12,3.1362361999139887,1.00987809878859,1.0014820503564759
baseline,3000,35,known,0.9978994060736184,1.0,0.10142808868403687,5.001738057805392,4.345418777731156,0.656319280074236,0.13611598263802746,0.36001072337726875,True,True,True,5.006688441611118e-08,8,6.301781779144866,1.0077445824687756,1.0001773653961725
baseline,3000,35,estimated,0.9978994060736184,0.9978994060736184,0.10142808868403687,5.000410064185249,4.352528903123631,0.6570240568399194,0.13620180787743486,0.3603758813287848,True,True,True,1.2890647438368319e-08,9,6.301781779144866,1.0077445824687756,1.0001773653961725
baseline,3000,36,known,0.9888800195353349,1.0,0.07733560961881626,5.084851075686171,3.6489877525905254,1.4358633230956455,0.1375105086007679,0.3882860339541677,True,True,True,7.082920419065886e-07,10,33.35994139399534,1.0017922785766735,0.9918676349601757
baseline,3000,36,estimated,0.9888800195353349,0.9888800195353349,0.07733560961881626,5.077156031124294,3.6770333634105783,1.4410112068827632,0.13792939363965312,0.3901080463929013,True,True,True,5.962885740729007e-07,10,33.35994139399534,1.0017922785766735,0.9918676349601757
baseline,3000,37,known,0.995374597465647,1.0,0.09390644518517065,5.241730963576055,4.717195794413894,0.5245351691621607,0.13818820444434948,0.36766590609631883,True,True,True,4.5758420386121657e-08,10,13.876207603058855,1.0060083449421802,0.9978350149559594
baseline,3000,37,estimated,0.995374597465647,0.995374597465647,0.09390644518517065,5.239362363589998,4.733926596399855,0.527332083266572,0.13837318930807282,0.3684990240198497,True,False,True,1.503642679060971e-07,9,13.876207603058855,1.0060083449421802,0.9978350149559594
baseline,3000,38,known,0.9999149427855177,1.0,0.0862095348117591,5.022000877038503,3.9527958525264233,1.06920502451208,0.13599851009690458,0.36960284468295873,True,True,True,7.373115096243055e-08,9,0.2551716434467943,1.0114980864215253,1.00259502986279
baseline,3000,38,estimated,0.9999149427855177,0.9999149427855177,0.0862095348117591,5.021944639570972,3.953042028891057,1.069238845423623,0.1360018279604999,0.36961711345000864,True,True,True,3.915497269524337e-06,12,0.2551716434467943,1.0114980864215253,1.00259502986279
baseline,3000,39,known,0.9983520463896617,1.0,0.10580329176631485,4.987004444348893,4.379722924043825,0.6072815203050683,0.13403625394447202,0.3460044466227364,True,True,True,1.222142058665554e-07,10,4.943860831014946,1.0077901026906275,1.0005358069922803
baseline,3000,39,estimated,0.9983520463896617,0.9983520463896617,0.10580329176631485,4.985978872072739,4.385502620286345,0.6077033566626434,0.13410348519729698,0.3462908809739794,True,True,True,2.809162982231328e-07,9,4.943860831014946,1.0077901026906275,1.0005358069922803
baseline,3000,40,known,0.9937822470220865,1.0,0.09147369049383265,5.005188419239284,4.02246242111564,0.982725998123644,0.13700747985782505,0.37433941019697775,True,True,True,2.718838532764072e-06,9,18.65325893374048,1.0046988003952702,0.9963080996354369
baseline,3000,40,estimated,0.9937822470220865,0.9937822470220865,0.09147369049383265,5.00099166502892,4.041073350899728,0.9850447099907151,0.13725698443781847,0.3754050980948207,True,True,True,4.5455394648286074e-07,11,18.65325893374048,1.0046988003952702,0.9963080996354369
baseline,3000,41,known,0.9941300529346045,1.0,0.09832993442303449,4.875005450655391,3.8883195427578614,0.9866859078975297,0.13559929406377544,0.36754305302444024,True,True,True,5.608422037894911e-08,10,17.60984119618636,1.0042854286132044,0.996479785613085
baseline,3000,41,estimated,0.9941300529346045,0.9941300529346045,0.09832993442303449,4.870723680285672,3.905839223984849,0.9878115257915594,0.13584267139078007,0.3685563493994795,True,True,True,2.465033770422774e-07,6,17.60984119618636,1.0042854286132044,0.996479785613085
baseline,3000,42,known,0.9974041283449826,1.0,0.08813185495303934,5.158894473173244,4.348008638034145,0.810885835139099,0.13739424936975084,0.37015530871312247,True,True,True,8.67123306491635e-09,6,7.787614965052203,1.0087346220132491,1.000025757724164
baseline,3000,42,estimated,0.9974041283449826,0.9974041283449826,0.08813185495303934,5.1573916981928845,4.35639933023498,0.8123010214971977,0.1374960744991717,0.3706060356491911,True,True,True,5.096348412614304e-06,8,7.787614965052203,1.0087346220132491,1.000025757724164
baseline,3000,43,known,0.9906608083031403,1.0,0.08665586858986087,4.889308263611527,3.4656625854530665,1.4236456781584608,0.13513846932962553,0.3739727655970793,True,True,True,5.400080631545734e-07,10,28.017575090579115,1.0021842912566634,0.9933270911983034
baseline,3000,43,estimated,0.9906608083031403,0.9906608083031403,0.08665586858986087,4.882047374711741,3.488871338508257,1.425759274439492,0.13550115765794737,0.3754749402795482,True,True,True,2.2226707407924096e-07,11,28.017575090579115,1.0021842912566634,0.9933270911983034
baseline,3000,44,known,0.9974866764374738,1.0,0.09681389466912814,4.8186952401032315,3.71558151942606,1.1031137206771717,0.13427639668049116,0.36193479749316493,True,True,True,6.820817155528403e-08,11,7.539970687578612,1.0078010783932132,0.9998732043318043
baseline,3000,44,estimated,0.9974866764374738,0.9974866764374738,0.09681389466912814,4.816782331371094,3.722690010830872,1.1034486450604242,0.13437880321315995,0.3623554765869859,True,True,True,5.46361305353571e-06,10,7.539970687578612,1.0078010783932132,0.9998732043318043
baseline,3000,45,known,0.9982754177557012,1.0,0.0865119302437691,5.001647179885462,3.8770459540298248,1.1246012258556375,0.13547416712396004,0.3678235904335918,True,True,True,9.667139923319849e-08,9,5.1737467328965,1.0098180734530628,1.000946136806075
baseline,3000,45,estimated,0.9982754177557012,0.9982754177557012,0.0865119302437691,5.000478345528107,3.881944119175761,1.125228958253636,0.13554125856460558,0.36811077396139075,True,True,True,9.624496226812187e-08,9,5.1737467328965,1.0098180734530628,1.000946136806075
baseline,3000,46,known,0.9945902677502422,1.0,0.10258238120713567,4.778069370466353,3.7281870423369265,1.049882328129426,0.13344369348670407,0.3557565086313803,True,True,True,2.0599862690858165e-06,9,16.229196749273477,1.0043246628068518,0.9968425946846318
baseline,3000,46,estimated,0.9945902677502422,0.9945902677502422,0.10258238120713567,4.773847914664703,3.7438972020403223,1.050204194058036,0.1336672300165778,0.35666603648474426,True,True,True,9.995380212401983e-08,8,16.229196749273477,1.0043246628068518,0.9968425946846318
baseline,3000,47,known,0.9991110107700434,1.0,0.08092399307285308,5.147673570055381,4.1074187484374045,1.0402548216179763,0.13776799274406146,0.3785279967419673,True,True,True,1.4347130594671853e-07,9,2.666967689869848,1.0114507061632132,1.0019661474410508
baseline,3000,47,estimated,0.9991110107700434,0.9991110107700434,0.08092399307285308,5.147133007463662,4.110027435025997,1.0407593425622284,0.1378020194734295,0.3786782940871907,True,True,True,1.3759325412365797e-07,9,2.666967689869848,1.0114507061632132,1.0019661474410508
baseline,3000,48,known,0.9989591730006752,1.0,0.09330454901228966,5.222519889721529,4.678555623290672,0.5439642664308569,0.137417436210868,0.363823953012865,True,True,True,2.029235837142096e-07,9,3.1224809979745194,1.0096615174746457,1.0014354623416828
baseline,3000,48,estimated,0.9989591730006752,0.9989591730006752,0.09330454901228966,5.221994532394002,4.682326389698419,0.5445416344216322,0.13745944019337095,0.3640133211713574,True,True,True,2.630289994698387e-07,10,3.1224809979745194,1.0096615174746457,1.0014354623416828
baseline,3000,49,known,0.9991531647536334,1.0,0.09974284897211737,5.080562319706243,4.4826628703020575,0.5978994494041858,0.13537578761093302,0.3538234431638464,True,True,True,2.161401173594868e-07,9,2.5405057390999186,1.009164683722749,1.0014696121237223
baseline,3000,49,estimated,0.9991531647536334,0.9991531647536334,0.09974284897211737,5.080077011464894,4.485660259115272,0.5982153675602669,0.13541025327832357,0.3539739346477096,True,True,True,2.209470615355258e-07,9,2.5405057390999186,1.009164683722749,1.0014696121237223
baseline,3000,50,known,0.9939414469249225,1.0,0.10533219032536034,4.854020928192512,4.004152128161511,0.8498688000310015,0.13434751199223097,0.3558009190993924,True,True,True,8.555832092974307e-08,9,18.175659225232565,1.0034217152211906,0.9961349744635881
baseline,3000,50,estimated,0.9939414469249225,0.9939414469249225,0.10533219032536034,4.849646134852685,4.023368659325919,0.8506532680898957,0.13460119239094925,0.3568507817113927,True,True,True,7.046598505783357e-08,9,18.175659225232565,1.0034217152211906,0.9961349744635881
baseline,3000,51,known,0.9989226503552582,1.0,0.09616471888054141,4.985082770581429,4.160434394253023,0.8246483763284064,0.1356761663641483,0.36211426258610563,True,True,True,7.503675424710153e-08,9,3.232048934225462,1.0093066813818394,1.001325288899584
baseline,3000,51,estimated,0.9989226503552582,0.9989226503552582,0.09616471888054141,4.98437999285179,4.163868313179673,0.8249976217200726,0.13571972827447656,0.36229984576420315,True,True,True,3.52068532105676e-08,6,3.232048934225462,1.0093066813818394,1.001325288899584
baseline,3000,52,known,0.9973192041337319,1.0,0.0931434607175055,4.917771892718056,3.9054584982741223,1.0123133944439335,0.1369978372661552,0.37598392302403866,True,True,True,5.726819405360573e-07,10,8.042387598804378,1.0080400579309359,0.9997997761288759
baseline,3000,52,estimated,0.9973192041337319,0.9973192041337319,0.0931434607175055,4.91586255659475,3.913269145417354,1.0130840869260247,0.1371071771798712,0.376441834132188,True,True,True,5.548816219835828e-07,10,8.042387598804378,1.0080400579309359,0.9997997761288759
baseline,3000,53,known,0.9979421441597186,1.0,0.08673429264340121,5.018786250362188,3.930744011520886,1.0880422388413027,0.13584074210450645,0.36917869160823685,True,True,True,2.597332056097912e-07,11,6.173567520844192,1.0094552077252859,1.0006060162355144
baseline,3000,53,estimated,0.9979421441597186,0.9979421441597186,0.08673429264340121,5.01741643194009,3.936691960673892,1.0888256158088594,0.1359213889664413,0.36952552989288184,True,True,True,7.976573357382222e-08,9,6.173567520844192,1.0094552077252859,1.0006060162355144
baseline,3000,54,known,0.9935168142489273,1.0,0.1027779641733744,5.0121906708285175,4.335733652015324,0.6764570188131941,0.1354579817982634,0.3572704172568516,True,True,True,5.833317828773943e-09,9,19.449557253217954,1.0032326850831998,0.9957648550818523
baseline,3000,54,estimated,0.9935168142489273,0.9935168142489273,0.1027779641733744,5.008146364273376,4.35807429331394,0.6783262761199653,0.13572803961149538,0.35843060289445267,True,True,True,7.492699108041712e-09,9,19.449557253217954,1.0032326850831998,0.9957648550818523
baseline,3000,55,known,0.997420491841608,1.0,0.08070111234811454,5.321547204234832,4.572528913349096,0.7490182908857363,0.14023166182990418,0.3867561279173065,False,True,True,9.839849635669453e-09,6,7.7385244751760895,1.0097942670655542,1.000283513842965
baseline,3000,55,estimated,0.997420491841608,0.997420491841608,0.08070111234811454,5.320253012667131,4.581096598721887,0.7509733899960283,0.14033276614908197,0.3872227695500053,False,True,True,3.004315051840287e-08,9,7.7385244751760895,1.0097942670655542,1.000283513842965
baseline,3000,56,known,0.984539576743673,1.0,0.09185048079865762,4.881067926030989,3.550450763270794,1.3306171627601948,0.13594684468394722,0.3774119475001881,True,True,True,9.368526336928085e-07,10,46.38126976898105,0.9954113480815601,0.9870550677697147
baseline,3000,56,estimated,0.984539576743673,0.984539576743673,0.09185048079865762,4.868916244973545,3.590701446573404,1.3337285625512714,0.13656584649159817,0.3799753261465086,True,True,True,1.0124873650596555e-07,11,46.38126976898105,0.9954113480815601,0.9870550677697147
baseline,3000,57,known,0.9935238638263727,1.0,0.0833104266571497,5.081809418974386,3.9197553153001823,1.1620541036742038,0.13654640426286485,0.37467225128857334,True,True,True,2.1101596336947637e-07,6,19.428408520881902,1.0055100876951746,0.996297214887669
baseline,3000,57,estimated,0.9935238638263727,0.9935238638263727,0.0833104266571497,5.077573848927861,3.9381071900426554,1.1649703773142626,0.1367962672249631,0.3757620677761811,True,True,True,7.408108038120531e-07,11,19.428408520881902,1.0055100876951746,0.996297214887669
baseline,3000,58,known,0.9996493656319405,1.0,0.09002064003057425,5.049244478782635,4.143461209774264,0.9057832690083705,0.13597595201666718,0.3652268971760831,True,True,True,9.152344704332904e-08,11,1.0519031041784643,1.0107421264052348,1.002215988798674
baseline,3000,58,estimated,0.9996493656319405,0.9996493656319405,0.09002064003057425,5.049023342895488,4.144548881909687,0.9059276822639013,0.1359897875532905,0.36528678587441005,True,True,True,6.831246891325909e-08,9,1.0519031041784643,1.0107421264052348,1.002215988798674
baseline,3000,59,known,0.998127653362354,1.0,0.09003550922969772,4.698056826524728,3.184030376155507,1.514026450369221,0.13481283860161872,0.37694843009197726,False,False,True,4.5351548294547683e-08,11,5.617039912938049,1.0092185821865631,1.0006938526559817
baseline,3000,59,estimated,0.998127653362354,0.998127653362354,0.09003550922969772,4.696450507631322,3.188361559787504,1.5140586658898862,0.1348887073929175,0.3772514762462443,False,False,True,3.271053277131841e-07,12,5.617039912938049,1.0092185821865631,1.0006938526559817
baseline,3000,60,known,0.9819908442027344,1.0,0.08821493749353285,5.16354188063513,4.170358671929153,0.9931832087059762,0.1382857625597966,0.38112377872002823,True,True,True,1.2965749807136717e-07,9,54.027467391796755,0.9933106665921252,0.9846100044804775
baseline,3000,60,estimated,0.9819908442027344,0.9819908442027344,0.08821493749353285,5.152265643538266,4.2257197076443935,1.0026475804644155,0.13899754255061422,0.38427812051688603,True,True,True,3.750345456410287e-08,9,54.027467391796755,0.9933106665921252,0.9846100044804775
baseline,3000,61,known,0.9964230502501524,1.0,0.08546824175318028,4.901257893815075,3.5498707553527526,1.3513871384623224,0.13531452813703865,0.3738078355943975,True,True,True,4.968925582105044e-07,10,10.730849249542707,1.0081066581498181,0.9991263825692364
baseline,3000,61,estimated,0.9964230502501524,0.9964230502501524,0.08546824175318028,4.898574258089259,3.5590166101813407,1.3522880714814096,0.13545424376872076,0.374391324325084,True,True,True,3.289939076722703e-08,10,10.730849249542707,1.0081066581498181,0.9991263825692364
baseline,3000,62,known,0.9947046510015715,1.0,0.09140082235143705,4.772421876003172,3.394183627921452,1.3782382480817195,0.13562185599706178,0.37729012120643657,True,True,True,2.411297953308633e-06,10,15.886046995285618,1.0056299074580008,0.9972325173187723
baseline,3000,62,estimated,0.9947046510015715,0.9947046510015715,0.09140082235143705,4.768059335351795,3.407249376580179,1.3788525333452866,0.13583430337028116,0.37814798109537145,True,True,True,2.077125163424398e-06,10,15.886046995285618,1.0056299074580008,0.9972325173187723
baseline,3000,63,known,0.992196384086863,1.0,0.0807084552092029,5.174001082588653,4.0572713732645616,1.1167297093240915,0.13739633460253312,0.3778327142866313,True,True,True,2.1631590696458147e-07,9,23.410847739411157,1.0045690335438449,0.9950591456102715
baseline,3000,63,estimated,0.992196384086863,0.992196384086863,0.0807084552092029,5.169221743941954,4.079959814603175,1.1211003686729757,0.1376939814391563,0.37915928005081434,True,True,True,1.6747788489368531e-07,9,23.410847739411157,1.0045690335438449,0.9950591456102715
baseline,3000,64,known,0.9948487941580084,1.0,0.08748119303910103,4.907498527702709,3.6218678013359726,1.2856307263667357,0.13568364925281826,0.3742092069322448,True,True,True,5.500406476954822e-07,10,15.453617525974739,1.0062635610333488,0.9974899225212599
baseline,3000,64,estimated,0.9948487941580084,0.9948487941580084,0.08748119303910103,4.903641901610957,3.6353607296980406,1.2870076633414833,0.13588536750750213,0.3750503481680569,True,True,True,5.072554074558866e-07,10,15.453617525974739,1.0062635610333488,0.9974899225212599
baseline,3000,65,known,0.998181508401403,1.0,0.10235074204224738,4.970795001745681,4.254033446251623,0.7167615554940577,0.13419380430754904,0.35032547804712044,True,True,True,7.82180169433446e-08,9,5.455474795791115,1.0079379342425152,1.0004389327793453
baseline,3000,65,estimated,0.998181508401403,0.998181508401403,0.10235074204224738,4.969635284451607,4.260177729432354,0.7172046524287559,0.1342684302390561,0.35064346233239374,True,True,True,8.091194735587495e-08,9,5.455474795791115,1.0079379342425152,1.0004389327793453
baseline,3000,66,known,0.9916495081993376,1.0,0.07553091188072987,4.9944376632380205,3.368535894992317,1.6259017682457033,0.13769158899490117,0.3955181890213599,True,True,True,4.667058441931715e-06,10,25.051475401987155,1.0048702862841414,0.9947085082091812
baseline,3000,66,estimated,0.9916495081993376,0.9916495081993376,0.07553091188072987,4.988252616981773,3.387674493887918,1.6288668711783794,0.13800967339686146,0.3968736643219695,True,True,True,4.216052885475108e-06,10,25.051475401987155,1.0048702862841414,0.9947085082091812
baseline,3000,67,known,0.9969230544616803,1.0,0.08848474802155326,5.008869103501246,3.934721565260252,1.074147538240994,0.13510784837655507,0.3643546500435052,True,True,True,1.4123232361384908e-08,9,9.23083661495916,1.0082083600860434,0.9995342283120072
baseline,3000,67,estimated,0.9969230544616803,0.9969230544616803,0.08848474802155326,5.00681698909588,3.9437377073448836,1.0752139478939142,0.13522880079077015,0.3648748514745461,True,True,True,3.2841338537537013e-09,9,9.23083661495916,1.0082083600860434,0.9995342283120072
baseline,3000,68,known,0.9970353818817206,1.0,0.07857748244336131,5.062792394953797,3.7597836248471492,1.3030087701066475,0.13710609279918515,0.3825292052963063,True,True,True,3.7388058693466064e-07,10,8.893854354838249,1.0097435699461292,0.9999757797285617
baseline,3000,68,estimated,0.9970353818817206,0.9970353818817206,0.07857748244336131,5.0607961920683096,3.7675916634932065,1.3043739990829737,0.13721885713706186,0.38301823548525354,True,True,True,3.633171727912554e-07,10,8.893854354838249,1.0097435699461292,0.9999757797285617
baseline,3000,69,known,0.9999646328290058,1.0,0.08865315523601647,5.032325169724727,4.079175651272051,0.953149518452676,0.1366799884122986,0.3714940138701103,True,True,True,1.0313397691419368e-07,12,0.10610151298251491,1.0112285006728468,1.0025708464439813
baseline,3000,69,estimated,0.9999646328290058,0.9999646328290058,0.08865315523601647,5.032302465133514,4.079282925806817,0.9531638120234682,0.13668139969862741,0.3715001058999718,True,True,True,6.746883141062199e-08,9,0.10610151298251491,1.0112285006728468,1.0025708464439813
baseline,3000,70,known,0.9975476937291012,1.0,0.08351392230021654,5.060201315001101,3.924089480136093,1.1361118348650077,0.1361555859630888,0.3720269813254016,True,True,True,7.859785000619013e-08,9,7.356918812696289,1.009504711158223,1.0003142870565715
baseline,3000,70,estimated,0.9975476937291012,0.9975476937291012,0.08351392230021654,5.058603883532998,3.9310813173697854,1.1371627815292114,0.13625055748229872,0.37244003155156796,True,True,True,7.737494556181446e-08,9,7.356918812696289,1.009504711158223,1.0003142870565715
baseline,3000,71,known,0.9998515346823285,1.0,0.09911020000706659,4.899011644960594,4.0342821025246725,0.8647295424359213,0.13505024622105866,0.3597410508809855,True,True,True,1.4323775709810245e-07,9,0.44539595301462676,1.0099269600618233,1.0021827686034603
baseline,3000,71,estimated,0.9998515346823285,0.9998515346823285,0.09911020000706659,4.898908095618141,4.034743127979396,0.8647639870589633,0.13505629864213722,0.3597662807259853,True,True,True,2.657244717596541e-07,8,0.44539595301462676,1.0099269600618233,1.0021827686034603
baseline,3000,72,known,0.999741170741468,1.0,0.09787538894743797,5.086695371480869,4.472307624130727,0.6143877473501413,0.13607935389210543,0.3587068605461341,True,True,True,1.3046167635260037e-07,9,0.7764877755961352,1.0099437092473866,1.002101815870661
baseline,3000,72,estimated,0.999741170741468,0.999741170741468,0.09787538894743797,5.086546732869689,4.473212369493642,0.6144921616168992,0.13608990892674358,0.3587529443191555,True,True,True,1.313793819545873e-07,9,0.7764877755961352,1.0099437092473866,1.002101815870661
baseline,3000,73,known,0.9893534904160118,1.0,0.08509948606812043,5.196519890294739,4.255650080277935,0.940869810016804,0.13848091322659126,0.3805741314188719,True,True,True,1.5845629119937144e-07,9,31.939528751964485,1.0010877260812971,0.9920685368970411
baseline,3000,73,estimated,0.9893534904160118,0.9893534904160118,0.08509948606812043,5.1902309486462475,4.2888148158705794,0.9470770408167843,0.13889890318857076,0.3824426310925278,True,True,True,5.9435881993863404e-08,9,31.939528751964485,1.0010877260812971,0.9920685368970411
baseline,3000,74,known,0.9996786029198251,1.0,0.08648113683221484,5.001179367276963,3.9085954559867426,1.092583911290221,0.13597345235436262,0.3707487355834032,True,True,True,3.612697057286951e-06,12,0.9641912405246034,1.011225368620366,1.0023502729353906
baseline,3000,74,estimated,0.9996786029198251,0.9996786029198251,0.08648113683221484,5.000963599971606,3.9095171420566412,1.0927029653093154,0.1359860804747405,0.3708028574904462,True,True,True,1.1129684993662458e-06,9,0.9641912405246034,1.011225368620366,1.0023502729353906
baseline,3000,75,known,0.9972271014221458,1.0,0.09758947053311182,5.021255602597757,4.2822367198665185,0.7390188827312381,0.13636755187839844,0.36384649297755356,True,True,True,1.5595773561472015e-08,9,8.318695733562699,1.0074595314072965,0.9995946627883923
baseline,3000,75,estimated,0.9972271014221458,0.9972271014221458,0.09758947053311182,5.019505035961729,4.291378497418525,0.7400260958757309,0.13648037636998725,0.3643300191683028,True,True,True,5.27931476312915e-09,9,8.318695733562699,1.0074595314072965,0.9995946627883923
baseline,3000,76,known,0.9971166566505545,1.0,0.08271976291716515,5.0400814495462605,3.829174067703278,1.2109073818429823,0.1358172800704757,0.3715194751995462,True,True,True,6.170904925485956e-07,9,8.650030048336532,1.0091884686251362,0.9999098109348338
baseline,3000,76,estimated,0.9971166566505545,0.9971166566505545,0.08271976291716515,5.038144813274816,3.8371125332604517,1.2120959929182153,0.13592759231104573,0.37199561964314415,True,True,True,5.933671807573193e-07,9,8.650030048336532,1.0091884686251362,0.9999098109348338
baseline,3000,77,known,0.9998956482378525,1.0,0.11113187081055571,5.100538464113728,4.782741810279724,0.3177966538340042,0.13423172789968715,0.33932163916011243,True,False,True,1.7990686842495052e-06,9,0.3130552864425429,1.0088811662286388,1.0019747013348754
baseline,3000,77,estimated,0.9998956482378525,0.9998956482378525,0.11113187081055571,5.100484642804886,4.78315669032482,0.3178270833093283,0.13423606355655376,0.339340648815302,True,False,True,1.79774898079188e-06,9,0.3130552864425429,1.0088811662286388,1.0019747013348754
baseline,3000,78,known,0.9933628580079827,1.0,0.0902765441931332,5.00831738584467,3.9790132138087335,1.029304172035936,0.1367730421605838,0.3741237855077371,True,True,True,2.7891241514144127e-06,12,19.911425976051778,1.0044241744711129,0.9959222056464164
baseline,3000,78,estimated,0.9933628580079827,0.9933628580079827,0.0902765441931332,5.003842647770156,3.9986748447387708,1.0317075757558247,0.1370397865910493,0.3752671472794919,True,True,True,6.820958891040618e-07,12,19.911425976051778,1.0044241744711129,0.9959222056464164
baseline,3000,79,known,0.9974801730579292,1.0,0.07211876947978157,5.071699255252495,3.5456267698940422,1.5260724853584533,0.13854138197048985,0.39791715393739757,True,True,True,3.013421716602238e-06,10,7.559480826212273,1.0113264634442058,1.000683902986397
baseline,3000,79,estimated,0.9974801730579292,0.9974801730579292,0.07211876947978157,5.069962192804588,3.55162415134902,1.527287519680246,0.13863584728562986,0.3983274300773785,True,True,True,2.807601733323395e-07,6,7.559480826212273,1.0113264634442058,1.000683902986397
baseline,3000,80,known,0.9980511628887717,1.0,0.08679763091762911,4.997904369528431,3.870614886801859,1.127289482726572,0.13541055894914383,0.36724164464055137,True,True,True,8.405628282304178e-08,9,5.846511333684856,1.0095558251008734,1.0007130910744144
baseline,3000,80,estimated,0.9980511628887717,0.9980511628887717,0.08679763091762911,4.996578648713902,3.876144182302664,1.1279884400421805,0.13548641985533366,0.3675657754205822,True,True,True,8.259979811242601e-08,9,5.846511333684856,1.0095558251008734,1.0007130910744144
baseline,3000,81,known,0.9911271428560053,1.0,0.09364230542442371,5.006657714536511,4.042185655069685,0.9644720594668271,0.13636254170537737,0.3698005219461532,True,True,True,2.9168712138982755e-06,10,26.618571431983984,1.001790885274478,0.9935945005223875
baseline,3000,81,estimated,0.9911271428560053,0.9911271428560053,0.09364230542442371,5.00070067763496,4.069319936088086,0.9674872360129921,0.13672139591700463,0.37133772350257493,True,True,True,1.0237522829470436e-07,9,26.618571431983984,1.001790885274478,0.9935945005223875
baseline,3000,82,known,0.9973650896974681,1.0,0.08983828597232155,5.016503763525144,4.028547906434408,0.9879558570907357,0.13619922876040705,0.3688989654314825,True,True,True,1.678282757211491e-08,9,7.904730907595803,1.0084803665942874,0.9999369226046301
baseline,3000,82,estimated,0.9973650896974681,0.9973650896974681,0.08983828597232155,5.014764577789957,4.036441835253047,0.9889584047141883,0.13630357723619607,0.3693466364021217,True,True,True,2.940381449434426e-08,9,7.904730907595803,1.0084803665942874,0.9999369226046301
baseline,3000,83,known,0.9958330964234735,1.0,0.07937204228909805,4.901801614016289,3.3342272274871405,1.5675743865291492,0.1372079950079673,0.39161597503284284,True,True,True,2.3788364407195672e-06,6,12.500710729579477,1.0084140682079825,0.9987440591947866
baseline,3000,83,estimated,0.9958330964234735,0.9958330964234735,0.07937204228909805,4.898583309435215,3.343822200792317,1.568694493330648,0.13736949151565436,0.3922890759452884,True,True,True,5.322322405021396e-08,11,12.500710729579477,1.0084140682079825,0.9987440591947866
baseline,3000,84,known,0.9985647089559904,1.0,0.0874065326036434,5.225289698238578,4.533898131716817,0.691391566521761,0.1384321096750092,0.3745672431185065,True,True,True,3.7963524768258594e-08,12,4.305873132028903,1.0099892260346643,1.0012080933038672
baseline,3000,84,estimated,0.9985647089559904,0.9985647089559904,0.0874065326036434,5.2245317476959645,4.53878180576908,0.6922644148034189,0.1384893365280372,0.37482569348329897,True,True,True,2.5047366403185833e-08,9,4.305873132028903,1.0099892260346643,1.0012080933038672
baseline,3000,85,known,0.995379437852487,1.0,0.10172674949003083,4.939130627274527,4.135354191445044,0.8037764358294825,0.1346600516596405,0.3553376940636598,True,True,True,7.146446212580315e-08,8,13.861686442539156,1.005195709674048,0.9976507092864503
baseline,3000,85,estimated,0.995379437852487,0.995379437852487,0.10172674949003083,4.936005945140546,4.1503071116545875,0.8048755854266234,0.13484894350127086,0.35613323473772895,True,True,True,1.5412160436767408e-10,9,13.861686442539156,1.005195709674048,0.9976507092864503
baseline,3000,86,known,0.9936020288486658,1.0,0.0964629478545768,5.049016356348486,4.238066345529264,0.8109500108192217,0.13545387335021025,0.35841958580551186,True,True,True,2.495171180783018e-09,9,19.193913454002676,1.0039539561609372,0.9959972392929388
baseline,3000,86,estimated,0.9936020288486658,0.9936020288486658,0.0964629478545768,5.044953877356083,4.258810180362517,0.8133914416665341,0.1357074838600095,0.35951133279144953,True,True,True,9.554844027093168e-09,9,19.193913454002676,1.0039539561609372,0.9959972392929388
baseline,3000,87,known,0.9999298429316263,1.0,0.09342274309875595,4.97220950527216,4.061914043350454,0.910295461921707,0.1357824381781443,0.3652275942052381,True,True,True,5.6162702488649074e-08,9,0.21047120512096562,1.0106186472997705,1.0024029993871417
baseline,3000,87,estimated,0.9999298429316263,0.9999298429316263,0.09342274309875595,4.972162936678237,4.062130132161522,0.910317791658139,0.13578527125211937,0.3652396518754397,True,True,True,5.641683875623471e-08,9,0.21047120512096562,1.0106186472997705,1.0024029993871417
baseline,3000,88,known,0.9988482976906037,1.0,0.09349834681168812,5.104354159988589,4.410141042458408,0.6942131175301812,0.1373991451015956,0.3689454308633973,True,True,True,6.121091633559672e-08,9,3.4551069281889557,1.0095284589829654,1.0013194543266883
baseline,3000,88,estimated,0.9988482976906037,0.9988482976906037,0.09349834681168812,5.103682599803826,4.414017267913469,0.6947489657715293,0.13744582468629457,0.3691498162443577,True,True,True,2.0941746825542396e-07,11,3.4551069281889557,1.0095284589829654,1.0013194543266883
baseline,3000,89,known,0.9987496865077832,1.0,0.09298877416456244,5.156525752078575,4.498575517858241,0.6579502342203336,0.13690622143938333,0.36330120795248055,True,True,True,1.1444648019876466e-07,9,3.7509404766504773,1.0094883744138181,1.0012343849271619
baseline,3000,89,estimated,0.9987496865077832,0.9987496865077832,0.09298877416456244,5.155827490815113,4.502859195626138,0.6585982807948191,0.1369557726384731,0.36352034384466836,True,True,True,1.1590407215828628e-07,9,3.7509404766504773,1.0094883744138181,1.0012343849271619
baseline,3000,90,known,0.9951983314828787,1.0,0.09270389946794806,4.8780780469425835,3.7101106596604985,1.1679673872820853,0.13479830171867116,0.3656970879802929,True,True,True,1.3865240049426575e-06,12,14.405005551363814,1.0059700188687286,0.9976906652629322
baseline,3000,90,estimated,0.9951983314828787,0.9951983314828787,0.09270389946794806,4.874490414994252,3.7233834988893966,1.168985369428642,0.13498952433779532,0.3664905872510833,True,True,True,1.1338052614452384e-09,7,14.405005551363814,1.0059700188687286,0.9976906652629322
baseline,3000,91,known,0.9883806269838241,1.0,0.09579589708974547,5.042729608488895,4.166515714557147,0.8762138939317478,0.13664812728054476,0.36896652456587337,True,True,True,4.7493069921245024e-08,9,34.85811904852765,0.9988046373522691,0.9907925158768337
baseline,3000,91,estimated,0.9883806269838241,0.9883806269838241,0.09579589708974547,5.035147824405202,4.203454423390568,0.8805349059165033,0.13711879130204885,0.37099606282996694,True,True,True,1.6464029268803415e-06,10,34.85811904852765,0.9988046373522691,0.9907925158768337
baseline,3000,92,known,0.9968808176299827,1.0,0.09306467996277788,4.786012518546814,3.4965554076950625,1.2894571108517514,0.1341890951539202,0.36583631743085565,True,True,True,2.429914483959017e-06,12,9.357547110051879,1.0076107468030846,0.9993634894693858
baseline,3000,92,estimated,0.9968808176299827,0.9968808176299827,0.09306467996277788,4.783515418182589,3.504631609669392,1.2898153936434835,0.13431367242854067,0.3663418790116219,True,True,True,4.090251271016143e-07,10,9.357547110051879,1.0076107468030846,0.9993634894693858
baseline,3000,93,known,0.9982150377011876,1.0,0.09783465468788002,5.1667381867752376,4.657551574829541,0.509186611945696,0.13704880107059908,0.36078086782196334,True,True,True,2.86331284016228e-07,9,5.354886896437261,1.0084218241175524,1.0005766657043094
baseline,3000,93,estimated,0.9982150377011876,0.9982150377011876,0.09783465468788002,5.165790187030226,4.664050362612935,0.5100649784743181,0.13712140003033427,0.36110253034047635,True,True,True,1.8345840278044534e-06,8,5.354886896437261,1.0084218241175524,1.0005766657043094
baseline,3000,94,known,0.9984522023602768,1.0,0.09380783376954226,5.111234651721864,4.406195904031231,0.7050387476906332,0.13650590713340485,0.36311861849709504,True,True,True,3.800808201503969e-08,9,4.643392919169709,1.0090971281025256,1.0009152062577367
baseline,3000,94,estimated,0.9984522023602768,0.9984522023602768,0.09380783376954226,5.110336110441039,4.411418726355661,0.7057453675778621,0.13656790663404073,0.36339074340936894,True,True,True,1.8342529806147922e-07,11,4.643392919169709,1.0090971281025256,1.0009152062577367
baseline,3000,95,known,0.9944276610010383,1.0,0.08364553543522621,4.936026944705777,3.6059330143899504,1.330093930315826,0.13849905386353203,0.3944462090389597,True,True,True,5.363524270940445e-06,10,16.717016996885103,1.0063658645085198,0.997189901196937
baseline,3000,95,estimated,0.9944276610010383,0.9944276610010383,0.08364553543522621,4.931906267437592,3.6201986796498313,1.3318805620743626,0.13872191985736923,0.3953864805054029,True,True,True,1.1350935302800735e-07,12,16.717016996885103,1.0063658645085198,0.997189901196937
baseline,3000,96,known,0.995314735967816,1.0,0.1089601459257114,5.0021766557535985,4.480920148727492,0.5212565070261064,0.13499071872679197,0.35033845163531535,True,True,True,2.463065236213424e-07,9,14.055792096551833,1.0044793476341662,0.9974352274394792
baseline,3000,96,estimated,0.995314735967816,0.995314735967816,0.1089601459257114,4.9993526374194355,4.498041337341132,0.5223858113714247,0.13518859079538165,0.3511849640504096,True,True,True,2.832735415125853e-07,9,14.055792096551833,1.0044793476341662,0.9974352274394792
baseline,3000,97,known,0.9974996910855283,1.0,0.10149025118112151,4.83468609819514,3.869780686138665,0.9649054120564744,0.13310450723776238,0.3509934905799309,True,True,True,5.067497578071436e-08,9,7.500926743415182,1.0073388373374763,0.9997762551643216
baseline,3000,97,estimated,0.9974996910855283,0.9974996910855283,0.10149025118112151,4.832853744715969,3.8773686235254,0.965179740524662,0.1332072365478774,0.35141790800807504,True,True,True,4.3903033200055094e-08,9,7.500926743415182,1.0073388373374763,0.9997762551643216
baseline,3000,98,known,0.9952298007838905,1.0,0.08843497873349794,5.016862033921815,3.941200937796569,1.0756610961252464,0.1358706142383199,0.3682398529902697,True,True,True,2.5758211652515683e-07,11,14.310597648328649,1.0065214575335035,0.9978424441462292
baseline,3000,98,estimated,0.9952298007838905,0.9952298007838905,0.08843497873349794,5.013638283892685,3.955015697860766,1.077488798813555,0.1360564103425973,0.36903453553075194,True,True,True,3.275911780509233e-06,12,14.310597648328649,1.0065214575335035,0.9978424441462292
baseline,3000,99,known,0.9979967045739535,1.0,0.08898983860692003,4.910166482906966,3.7086445378424995,1.2015219450644672,0.13476253170721883,0.366077571433811,True,True,True,2.3954688757044096e-06,12,6.009886278139476,1.0092179567994897,1.000593057863313
baseline,3000,99,estimated,0.9979967045739535,0.9979967045739535,0.08898983860692003,4.908709799961213,3.7141213404255855,1.2020289418286831,0.13484140501295735,0.36640793034772556,True,True,True,2.9309294173884837e-06,12,6.009886278139476,1.0092179567994897,1.000593057863313
baseline,3000,100,known,0.993976168650895,1.0,0.09850193089514964,4.839449629347471,3.7729042566998223,1.066545372647649,0.134453475771986,0.3617492993694223,True,True,True,3.6199824755556165e-06,10,18.071494047315007,1.0041138117959916,0.9963217984074587
baseline,3000,100,estimated,0.993976168650895,0.993976168650895,0.09850193089514964,4.834887403435662,3.79026565393991,1.067453670563391,0.13469890393493625,0.36275960542717633,True,True,True,1.0782667203557139e-08,10,18.071494047315007,1.0041138117959916,0.9963217984074587
baseline,3000,101,known,0.9935049338397194,1.0,0.09476159907975341,4.941017884048419,3.927667485689273,1.0133503983591465,0.13545094392343338,0.36595562161163137,True,True,True,5.090568907851702e-07,9,19.48519848084185,1.0040427195484385,0.9959431478676632
baseline,3000,101,estimated,0.9935049338397194,0.9935049338397194,0.09476159907975341,4.936462468565172,3.9470329639405373,1.0150657448622369,0.13571423478458433,0.3670676077636781,True,True,True,4.6974029202429e-07,9,19.48519848084185,1.0040427195484385,0.9959431478676632
baseline,3000,102,known,0.9973543215165395,1.0,0.10375936567256414,4.909436800272211,4.147378195432241,0.7620586048399695,0.13461008046620707,0.3543718619548128,True,True,True,2.2709885667342176e-11,9,7.937035450381602,1.0069782953915267,0.9995810993952302
baseline,3000,102,estimated,0.9973543215165395,0.9973543215165395,0.10375936567256414,4.907626152053577,4.156002571774133,0.7626190268607937,0.1347187634578161,0.35482605442139975,True,True,True,5.773559408339679e-11,9,7.937035450381602,1.0069782953915267,0.9995810993952302
baseline,3000,103,known,0.9970808373026302,1.0,0.08152359484092538,4.7546072736975695,2.99816965232503,1.7564376213725401,0.13542205312318825,0.3862421133427454,True,False,True,9.239183995646272e-08,11,8.757488092109412,1.0093297748828054,0.9999149745930366
baseline,3000,103,estimated,0.9970808373026302,0.9970808373026302,0.08152359484092538,4.752121282074695,3.0042371145383213,1.7566540244551874,0.13553606409333782,0.3867012586627569,True,False,True,9.055544225589074e-08,11,8.757488092109412,1.0093297748828054,0.9999149745930366
baseline,3000,104,known,0.9953788568243,1.0,0.10120632889893497,5.158522031385773,4.72493241176622,0.4335896196195524,0.13796995054065594,0.36577035301665495,True,False,True,1.6236976759869664e-07,9,13.863429527099846,1.0052456056272843,0.9976618075320307
baseline,3000,104,estimated,0.9953788568243,0.9953788568243,0.10120632889893497,5.156086345140751,4.742255885087784,0.43574510347376383,0.13816353024466402,0.366626842844443,True,False,True,1.3552414523942957e-07,8,13.863429527099846,1.0052456056272843,0.9976618075320307
baseline,3000,105,known,0.9975431385756365,1.0,0.09712532435746343,4.886146077800859,3.8917457902366737,0.9944002875641851,0.13408442874255014,0.35716765217698637,True,True,True,1.1076459164914772e-07,9,7.3705842730905635,1.0078244676844361,0.9999220141337379
baseline,3000,105,estimated,0.9975431385756365,0.9975431385756365,0.09712532435746343,4.884379315031685,3.8990575006978694,0.9949012582986555,0.134183197334948,0.3575790729384138,True,True,True,5.653169843355954e-08,5,7.3705842730905635,1.0078244676844361,0.9999220141337379
baseline,3000,106,known,0.9908309833615604,1.0,0.09456924942663204,4.725330761653824,3.293273097097531,1.4320576645562935,0.1343178252252687,0.3706486449793248,False,True,True,1.0790360183143832e-07,12,27.507049915318827,1.0013902024583843,0.9932741566085459
baseline,3000,106,estimated,0.9908309833615604,0.9908309833615604,0.09456924942663204,4.717445963331081,3.3154464005251074,1.4323989460162432,0.134685514711381,0.37211397834895116,False,True,True,7.917737834262084e-07,10,27.507049915318827,1.0013902024583843,0.9932741566085459
baseline,3000,107,known,0.9945388021286637,1.0,0.08515103534161175,5.082723292763195,4.030729675086574,1.0519936176766203,0.1375746366277551,0.379645743900676,True,True,True,2.2296818391609463e-07,12,16.383593614008763,1.0062659340479865,0.9972522049576454
baseline,3000,107,estimated,0.9945388021286637,0.9945388021286637,0.08515103534161175,5.079230601554706,4.04683408171905,1.0544970815083918,0.13779156307578444,0.38059401478759236,True,True,True,1.503586384288269e-06,12,16.383593614008763,1.0062659340479865,0.9972522049576454
baseline,3000,108,known,0.9980900452084891,1.0,0.10065757553097542,4.95424524054638,4.205881667912376,0.7483635726340048,0.13566947826291822,0.36097653634710763,True,True,True,7.441195369138946e-08,9,5.729864374532712,1.0080105844153042,1.0003854418437432
baseline,3000,108,estimated,0.9980900452084891,0.9980900452084891,0.10065757553097542,4.952995098654576,4.2121747027150045,0.7488654591957032,0.13574889990154454,0.36131300768931585,True,True,True,6.301413341353986e-08,9,5.729864374532712,1.0080105844153042,1.0003854418437432
baseline,3000,109,known,0.9993891975858581,1.0,0.08209284650819569,5.293243691103301,4.577708337610796,0.7155353534925053,0.14007044607996635,0.38507482818058775,False,True,True,4.860213101757871e-08,9,1.8324072424257265,1.011553198068145,1.0022036822823241
baseline,3000,109,estimated,0.9993891975858581,0.9993891975858581,0.08209284650819569,5.292930710960805,4.579737956481869,0.7159900694788917,0.1400942902057072,0.38518385484148837,False,True,True,5.1614128864230224e-06,12,1.8324072424257265,1.011553198068145,1.0022036822823241
baseline,3000,110,known,0.993302924274151,1.0,0.08961186756246131,5.026320906956599,4.000540678108616,1.0257802288479823,0.13680646412084832,0.3735972032694608,True,True,True,9.192014604484753e-07,9,20.091227177546966,1.0044462856578646,0.9958812553197082
baseline,3000,110,estimated,0.993302924274151,0.993302924274151,0.08961186756246131,5.021838531199288,4.020354891634152,1.0284082607191973,0.13707253099924238,0.3747391566884345,True,True,True,8.376478231312255e-07,9,20.091227177546966,1.0044462856578646,0.9958812553197082
baseline,3000,111,known,0.999668208214091,1.0,0.08916949914812074,4.987466324038962,3.9676676043411185,1.0197987196978437,0.13625803566830824,0.37064374610312956,True,True,True,1.2170477482076886e-06,9,0.9953753577270907,1.0108668516298092,1.0022593303174332
baseline,3000,111,estimated,0.999668208214091,0.999668208214091,0.08916949914812074,4.987244371742141,3.9686464829098806,1.0199146531364665,0.1362713129290328,0.3707004527632352,True,True,True,1.2106639045803409e-06,9,0.9953753577270907,1.0108668516298092,1.0022593303174332
baseline,3000,112,known,0.9976087895453922,1.0,0.08854567597361532,4.819281553370234,3.437958917364122,1.3813226360061124,0.1341107849377711,0.36726798782266795,True,True,True,3.8182630701655285e-07,10,7.1736313638233185,1.0088863297927053,1.0002181666566528
baseline,3000,112,estimated,0.9976087895453922,0.9976087895453922,0.08854567597361532,4.817390067123979,3.4439276644911976,1.3816975584690254,0.1342043199674025,0.3676502191400648,True,True,True,3.626518050303673e-07,10,7.1736313638233185,1.0088863297927053,1.0002181666566528
baseline,3000,113,known,0.9977025731939312,1.0,0.08801686380379754,4.922292532630747,3.7201672432465456,1.2021252893842018,0.1355684384888901,0.3711912758947079,True,True,True,2.94240928511158e-07,10,6.892280418206442,1.009047869781003,1.0003276276460153
baseline,3000,113,estimated,0.9977025731939312,0.9977025731939312,0.08801686380379754,4.920621204042368,3.726393950121283,1.2027883712720655,0.13565847251582236,0.37156844088872193,True,True,True,2.8628343429204506e-07,10,6.892280418206442,1.009047869781003,1.0003276276460153
baseline,3000,114,known,0.9903018405298868,1.0,0.10788435559402698,4.851697941712704,4.026919834636248,0.8247781070764568,0.13489634964631653,0.35818507890087214,True,True,True,4.290397761508302e-07,8,29.09447841033963,0.999557838946151,0.9924434769044516
baseline,3000,114,estimated,0.9903018405298868,0.9903018405298868,0.10788435559402698,4.844608197995658,4.057980454702887,0.8259826848690827,0.13530616250754987,0.3598744508493561,True,True,True,2.254113251609624e-07,10,29.09447841033963,0.999557838946151,0.9924434769044516
baseline,3000,115,known,0.9977108614363859,1.0,0.1006047977479019,5.003398703406149,4.255202840279859,0.7481958631262906,0.13346836987063287,0.3459195031803409,True,True,True,4.7844015416131924e-08,8,6.867415690842371,1.0076366050079824,1.0000074622482638
baseline,3000,115,estimated,0.9977108614363859,0.9977108614363859,0.1006047977479019,5.001973776228298,4.262941079747114,0.7487911593012475,0.13356110040844052,0.346318723385382,True,True,True,1.6785653356166108e-07,9,6.867415690842371,1.0076366050079824,1.0000074622482638
baseline,3000,116,known,0.9963055143969889,1.0,0.07249789603055026,5.089679222096873,3.5986038808142418,1.491075341282631,0.13893795567046122,0.3991563426070814,True,True,True,1.4206104119729446e-06,8,11.083456809033333,1.010079395836213,0.999492490472671
baseline,3000,116,estimated,0.9963055143969889,0.9963055143969889,0.07249789603055026,5.087160280816681,3.607540856890831,1.4929474316839073,0.1390767522241156,0.39976097808714006,True,True,True,1.7199928965538902e-06,8,11.083456809033333,1.010079395836213,0.999492490472671
baseline,3000,117,known,0.9982685677029897,1.0,0.0884399970760244,5.0103243050382495,3.977567765770176,1.0327565392680733,0.135978159941069,0.36915358519004093,True,True,True,8.448898292101603e-08,9,5.194296891031014,1.0095595837311744,1.0008810628163491
baseline,3000,117,estimated,0.9982685677029897,0.9982685677029897,0.0884399970760244,5.009176221302669,3.9826747444654167,1.0333972085183065,0.13604667459209865,0.3694479102787529,True,True,True,8.468248324788874e-08,9,5.194296891031014,1.0095595837311744,1.0008810628163491
baseline,3000,118,known,0.9996706946951973,1.0,0.0645569750524372,5.141033838921755,3.437855090892942,1.703178748028813,0.1403517101667664,0.41364222812619755,True,True,True,5.596746532887664e-08,11,0.9879159144080552,1.0151388516791156,1.003249689219011
baseline,3000,118,estimated,0.9996706946951973,0.9996706946951973,0.0645569750524372,5.140813531791906,3.4385808702652394,1.7033650044482382,0.14036378740116576,0.41369552536227167,True,True,True,5.6093841127591304e-08,11,0.9879159144080552,1.0151388516791156,1.003249689219011
baseline,3000,119,known,0.9994872699959744,1.0,0.10780530158757602,5.0745209522616035,4.705551422123653,0.3689695301379503,0.13623023711669557,0.3542518299467149,True,False,True,3.7144115161424907e-07,9,1.5381900120768899,1.0087500558684002,1.0016304768400177
baseline,3000,119,estimated,0.9994872699959744,0.9994872699959744,0.10780530158757602,5.074244218654232,4.707523630779761,0.3691342764846319,0.13625212095961264,0.35434692418671804,True,False,True,3.745891525852585e-07,9,1.5381900120768899,1.0087500558684002,1.0016304768400177
baseline,3000,120,known,0.9992278867598644,1.0,0.08136216045538144,4.983717416783667,3.669551996601029,1.3141654201826376,0.1359649122459196,0.37601728289309405,True,True,True,3.475800403052176e-07,10,2.3163397204067904,1.0115011280175816,1.0020676473917536
baseline,3000,120,estimated,0.9992278867598644,0.9992278867598644,0.08136216045538144,4.983172534163514,3.671558146299427,1.3144492465207724,0.1359943950532078,0.3761427029411645,True,True,True,3.4445841645691644e-07,10,2.3163397204067904,1.0115011280175816,1.0020676473917536
baseline,3000,121,known,0.997839802213708,1.0,0.10235339124170004,4.891477438673185,4.066029318973922,0.8254481196992627,0.13433249220709742,0.3549050861289127,True,True,True,1.633981154417897e-07,8,6.480593358875852,1.007595975530525,1.00009716816303
baseline,3000,121,estimated,0.997839802213708,0.997839802213708,0.10235339124170004,4.889985037245166,4.072953562676365,0.8258298598385645,0.13442208222252985,0.3552798262304711,True,True,True,6.582783207420562e-09,9,6.480593358875852,1.007595975530525,1.00009716816303
baseline,3000,122,known,0.9942343440379856,1.0,0.08791389012980463,5.242575019752593,4.533525517027473,0.70904950272512,0.1387278410408855,0.37554925661420374,True,True,True,1.421216921926316e-08,9,17.29696788604318,1.005592929388305,0.9968624732203651
baseline,3000,122,estimated,0.9942343440379856,0.9942343440379856,0.08791389012980463,5.239484756588886,4.553030125738704,0.7127058361398787,0.13895566997986789,0.37657751535101003,True,True,True,1.8146214308956132e-08,9,17.29696788604318,1.005592929388305,0.9968624732203651
baseline,3000,123,known,0.994400406641694,1.0,0.09136681039820606,4.782692241000003,3.4004668840351746,1.382225356964828,0.13475636515344303,0.3719614942458091,True,True,True,8.309712873355579e-07,10,16.798780074917865,1.0053297301035276,0.9969292139753381
baseline,3000,123,estimated,0.994400406641694,0.994400406641694,0.09136681039820606,4.778140420647967,3.4144682346762805,1.3827918196207258,0.13498173632073027,0.3728772863243351,True,True,True,6.776081136194989e-07,10,16.798780074917865,1.0053297301035276,0.9969292139753381
baseline,3000,124,known,0.9934301607270077,1.0,0.0896618110420958,5.125006489956448,4.282337182375942,0.8426693075805062,0.13790392774830515,0.3760917728212117,True,True,True,6.563106680346209e-08,9,19.709517818976785,1.004567315028399,0.9960070555889482
baseline,3000,124,estimated,0.9934301607270077,0.9934301607270077,0.0896618110420958,5.121048378954514,4.303383655521979,0.8459372623793363,0.1381673944725695,0.3772526129507148,True,True,True,3.0561277952756427e-09,9,19.709517818976785,1.004567315028399,0.9960070555889482
baseline,3000,125,known,0.9970664819838043,1.0,0.08001970767245879,5.37458578798658,4.684497945359366,0.6900878426272135,0.14080253348300564,0.3876779083201372,False,True,True,1.5951880385500772e-06,12,8.800554048587038,1.0095456256043414,0.9999538839364882
baseline,3000,125,estimated,0.9970664819838043,0.9970664819838043,0.08001970767245879,5.373174158372664,4.694393803265773,0.6925514439038886,0.14091573174608465,0.38820486537141796,False,True,True,5.8080424025774846e-08,9,8.800554048587038,1.0095456256043414,0.9999538839364882
baseline,3000,126,known,0.999765361982864,1.0,0.09517061365915411,4.868752941572735,3.8278532545703277,1.0408996870024074,0.13431400995486767,0.360601722510712,True,True,True,7.904673288865803e-07,9,0.7039140514079056,1.0102578594684253,1.0021930973026565
baseline,3000,126,estimated,0.999765361982864,0.999765361982864,0.09517061365915411,4.868582904826937,3.828536803394958,1.0409444217160604,0.13432350511092103,0.3606412577528059,True,True,True,7.871560053136724e-07,9,0.7039140514079056,1.0102578594684253,1.0021930973026565
baseline,3000,127,known,0.9991345778376074,1.0,0.08726749302871661,5.022167167887918,3.9757055787702975,1.0464615891176212,0.1358176660847824,0.36808638416763606,True,True,True,3.498022849157678e-08,9,2.596266487177812,1.010577297112119,1.0017821737770327
baseline,3000,127,estimated,0.9991345778376074,0.9991345778376074,0.08726749302871661,5.021597333597096,3.978242695547529,1.0467974974456695,0.13585152442281545,0.36823216560561634,True,True,True,3.0415270302341924e-08,9,2.596266487177812,1.010577297112119,1.0017821737770327
baseline,3000,128,known,0.9947803800732561,1.0,0.09399117373706553,5.052147103755751,4.188051333574417,0.8640957701813343,0.13525425921549017,0.3593924184553821,True,True,True,1.3591858749606445e-08,9,15.658859780231737,1.005404541734557,0.9972385796147683
baseline,3000,128,estimated,0.9947803800732561,0.9947803800732561,0.09399117373706553,5.048861788253546,4.20477021381274,0.8660388768362025,0.13546176191814477,0.3602924739080539,True,True,True,2.2196969373666775e-07,10,15.658859780231737,1.005404541734557,0.9972385796147683
baseline,3000,129,known,0.9953423711984262,1.0,0.08189599599979691,4.994057690060094,3.653431903235601,1.3406257868244937,0.13562567809344508,0.3748708289920102,True,True,True,2.537927201728962e-07,10,13.972886404721496,1.0075356098583537,0.9981636209721907
baseline,3000,129,estimated,0.9953423711984262,0.9953423711984262,0.08189599599979691,4.990767103296442,3.6655810226892704,1.3422589963529505,0.13580467443063482,0.3756366246559613,True,True,True,2.4127842657151177e-07,10,13.972886404721496,1.0075356098583537,0.9981636209721907
baseline,3000,130,known,0.9915974574645187,1.0,0.0881627751047096,5.007359494386955,3.9031228011569596,1.1042366932299947,0.13781681004636137,0.38315498624274674,True,True,True,6.773736718201917e-07,10,25.207627606444017,1.002923977340192,0.9942181673946704
baseline,3000,130,estimated,0.9915974574645187,0.9915974574645187,0.0881627751047096,5.001576456474056,3.9271731987645433,1.1074014975563342,0.13815534150228428,0.3846052273251949,True,True,True,1.0903932512462688e-06,10,25.207627606444017,1.002923977340192,0.9942181673946704
baseline,3000,131,known,0.9981449323685695,1.0,0.09158954651429871,5.0039346142686565,4.062722077018119,0.941212537250538,0.13599105199708159,0.3670404553876203,True,True,True,1.7926161328674084e-06,9,5.565202894291521,1.0090476768685883,1.0006675899095212
baseline,3000,131,estimated,0.9981449323685695,0.9981449323685695,0.09158954651429871,5.002717612763998,4.068395909529618,0.9418688527979938,0.1360654570961946,0.367359460756823,True,True,True,4.191050795299134e-08,9,5.565202894291521,1.0090476768685883,1.0006675899095212
baseline,3000,132,known,0.9954435904552895,1.0,0.08614278947334782,5.163674164825986,4.273748825390114,0.8899253394358724,0.13747761402692188,0.3733216378416409,True,True,True,5.191990508013203e-08,9,13.669228634131446,1.0070357089671582,0.9981257541233018
baseline,3000,132,estimated,0.9954435904552895,0.9954435904552895,0.08614278947334782,5.161003466045313,4.288136719059595,0.8924052540614644,0.13765634334205584,0.37411629612736597,True,True,True,2.8926075545419454e-09,6,13.669228634131446,1.0070357089671582,0.9981257541233018
baseline,3000,133,known,0.9963407007529529,1.0,0.08003693455573858,5.091791388998487,3.891198656574142,1.2005927324243453,0.13762753676496753,0.38267605254058507,True,True,True,1.610848938682352e-07,10,10.97789774114133,1.0088171584041712,0.9992274812308551
baseline,3000,133,estimated,0.9963407007529529,0.9963407007529529,0.08003693455573858,5.089394429748047,3.9012360952929055,1.2024341247612007,0.13776695905617284,0.3832837984245785,True,True,True,1.572585679454619e-07,10,10.97789774114133,1.0088171584041712,0.9992274812308551
baseline,3000,134,known,0.9980743029585746,1.0,0.0904054860748968,5.09563248328106,4.236134755398905,0.8594977278821543,0.13566859096958245,0.3613913715344826,True,True,True,1.1031797697569345e-10,11,5.777091124276268,1.0091198430897423,1.0006300002975086
baseline,3000,134,estimated,0.9980743029585746,0.9980743029585746,0.0904054860748968,5.0944719408000445,4.2423042512659945,0.8603370822795394,0.13574440276777977,0.3617238820133368,True,True,True,3.297482731312584e-08,11,5.777091124276268,1.0091198430897423,1.0006300002975086
baseline,3000,135,known,0.9991196453375273,1.0,0.09112645155451604,4.9183352313823665,3.825069545794662,1.0932656855877045,0.13498291552786765,0.36504816438215043,True,True,True,1.6147847705390043e-06,9,2.6410639874181463,1.0100777964284935,1.0016551227564896
baseline,3000,135,estimated,0.9991196453375273,0.9991196453375273,0.09112645155451604,4.917708493333585,3.827577646986975,1.0935004721741115,0.13501785684337414,0.3651948505553649,True,True,True,3.5678532128713414e-08,12,2.6410639874181463,1.0100777964284935,1.0016551227564896
baseline,3000,136,known,0.9963838341744484,1.0,0.10448798367199573,5.085988547261968,4.591203525271653,0.4947850219903147,0.13555277175756736,0.3521404628455716,True,True,True,4.821292254320042e-09,9,10.848497476654728,1.0059406979345213,0.9985950842346654
baseline,3000,136,estimated,0.9963838341744484,0.9963838341744484,0.10448798367199573,5.083932497840227,4.604466065068058,0.4961169456015797,0.13570054875673312,0.35278384328294377,True,True,True,3.377555746197913e-08,9,10.848497476654728,1.0059406979345213,0.9985950842346654
baseline,3000,137,known,0.9991638796405218,1.0,0.07657127794482951,4.749673796834099,2.782814079269855,1.9668597175642437,0.13425932844388402,0.3834707634966216,True,False,True,8.599384182517156e-08,11,2.508361078434662,1.0122050283756583,1.0021813173324083
baseline,3000,137,estimated,0.9991638796405218,0.9991638796405218,0.07657127794482951,4.748950738432758,2.7843747313518064,1.966904079482252,0.13429069846107133,0.38359584233767396,True,False,True,8.530714135090989e-08,11,2.508361078434662,1.0122050283756583,1.0021813173324083
baseline,3000,138,known,0.999909037842884,1.0,0.09013198391999312,5.011299474879395,4.045382158686575,0.9659173161928194,0.1355789006590946,0.36426026754161095,True,True,True,5.727102092515049e-08,9,0.2728864713480439,1.0109880952550052,1.002472490350395
baseline,3000,138,estimated,0.999909037842884,0.999909037842884,0.09013198391999312,5.011240077044739,4.045657274998078,0.9659508037593474,0.13558249051000784,0.3642756662839202,True,True,True,5.7403190170961625e-08,9,0.2728864713480439,1.0109880952550052,1.002472490350395
baseline,3000,139,known,0.9940205739279844,1.0,0.10101617285666527,4.931869620165148,4.0916769793909955,0.8401926407741533,0.1352868962511938,0.36010572833256077,True,True,True,6.688801916958218e-08,9,17.938278216046875,1.0039058962113272,0.9963078221344126
baseline,3000,139,estimated,0.9940205739279844,0.9940205739279844,0.10101617285666527,4.927762648738687,4.110726516400489,0.8416159176452892,0.13553287672845754,0.3611394307358487,True,True,True,6.73616083736291e-08,9,17.938278216046875,1.0039058962113272,0.9963078221344126
baseline,3000,140,known,0.999361926419289,1.0,0.09671322151111537,5.0341036627605575,4.269700838892458,0.7644028238681,0.13472266091177373,0.3531110000312503,True,True,True,1.0396821327600643e-07,9,1.9142207421329882,1.0096870651016276,1.0017509385582353
baseline,3000,140,estimated,0.999361926419289,0.999361926419289,0.09671322151111537,5.033707619167993,4.271803257006047,0.764630086962237,0.13474798756918116,0.35322003906953214,True,True,True,1.0607727364010322e-07,9,1.9142207421329882,1.0096870651016276,1.0017509385582353
baseline,3000,141,known,0.9926303953745985,1.0,0.08169393070595769,4.897689394197959,3.339898609608111,1.5577907845898489,0.13592470732349748,0.38217598819427323,True,True,True,3.731430986420037e-08,8,22.108813876204447,1.0048537933172461,0.995458623349309
baseline,3000,141,estimated,0.9926303953745985,0.9926303953745985,0.08169393070595769,4.891942902385026,3.357097640711338,1.559585743974598,0.13620802437219628,0.3833513806355837,True,True,True,6.750350802775529e-07,8,22.108813876204447,1.0048537933172461,0.995458623349309
baseline,3000,142,known,0.996275608026212,1.0,0.08090902229606496,4.904823764333993,3.396465145395886,1.5083586189381069,0.13617797571031656,0.38345623155610964,True,True,True,1.9264009076813693e-06,10,11.17317592136413,1.0086175866607328,0.9991312729895233
baseline,3000,142,estimated,0.996275608026212,0.996275608026212,0.08090902229606496,4.901985282859947,3.4053415698263625,1.5093265398442521,0.13632251535256168,0.3840603514691475,True,True,True,1.7586487706111598e-06,10,11.17317592136413,1.0086175866607328,0.9991312729895233
baseline,3000,143,known,0.9988154779002238,1.0,0.09589785207969596,4.907315258345464,3.9319742548634378,0.9753410034820258,0.13441720436232624,0.3587542640440203,True,True,True,6.169269841649339e-07,5,3.553566299328459,1.0092284058528556,1.001224802563665
baseline,3000,143,estimated,0.9988154779002238,0.9988154779002238,0.09589785207969596,4.9064837483262,3.9355348013051135,0.9756106749676702,0.13446492890049844,0.3589544285498428,True,True,True,7.040871060369559e-08,9,3.553566299328459,1.0092284058528556,1.001224802563665
baseline,3000,144,known,0.9988156153484803,1.0,0.0810812300819243,4.953373951279336,3.588215603271049,1.365158348008287,0.1369370255133764,0.3839017785406832,True,True,True,1.2574025589628945e-06,10,3.5531539545591295,1.0111313809518023,1.0016652151874714
baseline,3000,144,estimated,0.9988156153484803,0.9988156153484803,0.0810812300819243,4.952514075651447,3.5912026963195873,1.3655647446858763,0.13698288190876895,0.3840953044233668,True,True,True,1.2269863103320233e-06,10,3.5531539545591295,1.0111313809518023,1.0016652151874714
baseline,3000,145,known,0.9979315068268529,1.0,0.09864368942787748,5.10841922867238,4.544491612493476,0.5639276161789044,0.13693277071999196,0.36267154438197635,True,True,True,1.0455738994829974e-07,9,6.2054795194411705,1.0080545814027293,1.0002737657339023
baseline,3000,145,estimated,0.9979315068268529,0.9979315068268529,0.09864368942787748,5.107249575750116,4.551834935986441,0.5648300792540557,0.1370175412568483,0.3630426323875237,True,True,True,1.0717190928283157e-07,9,6.2054795194411705,1.0080545814027293,1.0002737657339023
baseline,3000,146,known,0.9996389108056469,1.0,0.10251601605980008,4.862123238076789,4.027017820989896,0.8351054170868922,0.13447733872601728,0.35624496294084085,True,True,True,7.787082972047545e-08,9,1.083267583059211,1.0093796075562453,1.0018926958147314
baseline,3000,146,estimated,0.9996389108056469,0.9996389108056469,0.10251601605980008,4.861868560039875,4.028159810151803,0.8351632748686457,0.13449235683023433,0.3563072692992147,True,True,True,1.15191888028221e-07,8,1.083267583059211,1.0093796075562453,1.0018926958147314
baseline,3000,147,known,0.9962602121920024,1.0,0.09715363893546738,5.1320875873994,4.544944689874682,0.587142897524718,0.13733137016520935,0.3654655467713124,True,True,True,3.057125218042935e-08,9,11.219363423992657,1.0065385448973918,0.9986383944476369
baseline,3000,147,estimated,0.9962602121920024,0.9962602121920024,0.09715363893546738,5.129995483519744,4.558167619604638,0.5888744436057131,0.13748460802534848,0.3661403288955813,True,True,True,3.9073653586071925e-08,9,11.219363423992657,1.0065385448973918,0.9986383944476369
baseline,3000,148,known,0.9991642571881171,1.0,0.09984484265492746,4.90418198437175,4.070091942920514,0.8340900414512363,0.13538576688033813,0.362045507486896,True,True,True,4.550029730765459e-08,8,2.5072284356487673,1.0091655491724127,1.0014783382567325
baseline,3000,148,estimated,0.9991642571881171,0.9991642571881171,0.09984484265492746,4.903610316688373,4.072746707007933,0.834267378465442,0.13542065672639206,0.3621919907029402,True,True,True,8.950902658205507e-08,9,2.5072284356487673,1.0091655491724127,1.0014783382567325
baseline,3000,149,known,0.9852004823975149,1.0,0.08483655860418442,5.137063202956215,4.029524335470875,1.1075388674853393,0.13807405284502192,0.3830657080007904,True,True,True,2.473493226176666e-06,9,44.3985528074553,0.9969710850828146,0.987923943414653
baseline,3000,149,estimated,0.9852004823975149,0.9852004823975149,0.08483655860418442,5.127524369513583,4.072676513462787,1.1151215038010156,0.1386512484892652,0.38560928537564504,True,True,True,2.139756757356708e-06,9,44.3985528074553,0.9969710850828146,0.987923943414653
baseline,3000,150,known,0.9985974960441437,1.0,0.08839142869093568,5.124129788002003,4.27202201353711,0.8521077744648934,0.13662934360883233,0.36697310679302025,True,True,True,2.676847117299985e-07,10,4.207511867568847,1.0098947161401053,1.0012114266436198
baseline,3000,150,estimated,0.9985974960441437,0.9985974960441437,0.08839142869093568,5.12329722376482,4.2764913005656915,0.852803719165357,0.13668433677231728,0.36721517188130237,True,True,True,8.632166998978619e-07,10,4.207511867568847,1.0098947161401053,1.0012114266436198
baseline,3000,151,known,0.994857059564441,1.0,0.08921861725847063,5.047294934728571,4.06472475463046,0.9825701800981105,0.13697846661230664,0.3732527383046164,True,True,True,1.2251734404777892e-07,9,15.428821306676888,1.0060495377175722,0.9974467551603422
baseline,3000,151,estimated,0.994857059564441,0.994857059564441,0.08921861725847063,5.043945453176226,4.080210187310812,0.9847195438233147,0.13718281475663535,0.3741342168320994,True,True,True,7.260796419661375e-07,12,15.428821306676888,1.0060495377175722,0.9974467551603422
baseline,3000,152,known,0.9983704241328191,1.0,0.09215018280540156,5.061498407917762,4.22352215778177,0.8379762501359922,0.13620939903485613,0.36393482751144207,True,True,True,1.1052360244789838e-06,11,4.888727601542797,1.0092068369766953,1.0008777339736967
baseline,3000,152,estimated,0.9983704241328191,0.9983704241328191,0.09215018280540156,5.060476327564002,4.228680112550684,0.8386871700747586,0.13627331586711472,0.36421068492575404,True,True,True,9.61242482944158e-07,11,4.888727601542797,1.0092068369766953,1.0008777339736967
baseline,3000,153,known,0.9975418569870497,1.0,0.09736497332639375,5.091767958184154,4.4481935402170825,0.643574417967072,0.13633615242271868,0.3610184185066075,True,True,True,5.502810902738811e-08,9,7.374429038850994,1.0077978801789884,0.9999148773073255
baseline,3000,153,estimated,0.9975418569870497,0.9975418569870497,0.09736497332639375,5.090342035813053,4.456712414578098,0.6445848577175791,0.13643630926870348,0.36145642675018097,True,True,True,6.689790246568128e-08,9,7.374429038850994,1.0077978801789884,0.9999148773073255
baseline,3000,154,known,0.9958392106492623,1.0,0.10557039469852562,4.904012051367993,4.134271865111319,0.7697401862566744,0.13342143674660348,0.34738619425026296,True,True,True,1.0677896877808735e-07,8,12.482368052213143,1.0052980880871047,0.9980277888093274
baseline,3000,154,estimated,0.9958392106492623,0.9958392106492623,0.10557039469852562,4.901171146587991,4.148005722205043,0.7704244024186985,0.1335928005041674,0.3481039605023574,True,True,True,2.7192759763511376e-08,9,12.482368052213143,1.0052980880871047,0.9980277888093274
baseline,3000,155,known,0.9969164258287676,1.0,0.07610590481662968,5.159533714837154,3.957686283312129,1.2018474315250245,0.13920685446688008,0.39310274354023417,True,True,True,6.174235105405046e-07,12,9.250722513697184,1.0100373187072371,0.9999523145780485
baseline,3000,155,estimated,0.9969164258287676,0.9969164258287676,0.07610590481662968,5.157616370744289,3.966179527716939,1.2036668517774882,0.13932516897748737,0.39362853956180743,True,True,True,5.150984576651751e-07,10,9.250722513697184,1.0100373187072371,0.9999523145780485
baseline,3000,156,known,0.9987859868889698,1.0,0.08151519232346405,5.3143276220953535,4.584736510382463,0.7295911117128907,0.13972680222028558,0.38237173424256815,False,True,True,1.0957838014746812e-07,9,3.6420393330905965,1.011036187079328,1.0016204163198643
baseline,3000,156,estimated,0.9987859868889698,0.9987859868889698,0.08151519232346405,5.3137194843953095,4.588791589190321,0.7304987483580513,0.13977410078497982,0.38258934012594914,False,True,True,1.149020505408771e-07,9,3.6420393330905965,1.011036187079328,1.0016204163198643
baseline,3000,157,known,0.9991608681085629,1.0,0.0899825793091291,4.844544470818266,3.5751047882264575,1.2694396825918084,0.1340512351763415,0.3637320603088841,True,True,True,2.307577098292768e-07,10,2.517395674311418,1.0102583208842546,1.0017285769024271
baseline,3000,157,estimated,0.9991608681085629,0.9991608681085629,0.0899825793091291,4.843904522801798,3.5773161017173987,1.2695902611111016,0.13408433756994195,0.3638684467715056,True,True,True,9.030998171510873e-12,7,2.517395674311418,1.0102583208842546,1.0017285769024271
baseline,3000,158,known,0.9936644871690883,1.0,0.09304819211113474,5.140495995943658,4.389365247821494,0.7511307481221641,0.13656919485760022,0.3640388913441819,True,True,True,3.946719928649145e-08,9,19.006538492735146,1.0043963176524289,0.9961475989302571
baseline,3000,158,estimated,0.9936644871690883,0.9936644871690883,0.09304819211113474,5.136802209524966,4.410554334647429,0.7541909984561292,0.136820598066203,0.3651494195138179,True,True,True,2.6085309792270938e-08,9,19.006538492735146,1.0043963176524289,0.9961475989302571
baseline,3000,159,known,0.9963874958560873,1.0,0.0937794377038938,4.744415094391252,3.3915141086484537,1.3529009857427983,0.13349933933500727,0.36371088246347627,True,True,True,3.3109745345427655e-07,10,10.837512431738027,1.0070356448423392,0.9988512455419852
baseline,3000,159,estimated,0.9963874958560873,0.9963874958560873,0.0937794377038938,4.7414367245135,3.400631043770698,1.3530904744803423,0.13364440783784384,0.36429524287974313,True,True,True,2.969538215324974e-07,10,10.837512431738027,1.0070356448423392,0.9988512455419852
near_active,300,0,known,0.9715147163783417,1.0,0.20960410781684957,4.3500959620355655,4.330095962035566,0.02,0.4074236820197788,0.9689693282068589,True,True,True,0.7729899800782505,10,8.545585086497475,1.019155835386875,0.9825378333674676
near_active,300,0,estimated,0.9715147163783417,0.9715147163783417,0.20960410781684957,4.318818018499969,4.42486145194517,0.02,0.41209706906014326,0.9867919912958019,True,True,True,0.8629823734120894,8,8.545585086497475,1.019155835386875,0.9825378333674676
near_active,300,1,known,0.9976461290209049,1.0,0.15087472765039478,4.1755234401375745,3.293066320625643,0.882457119511932,0.40093888682830653,0.9974563441767598,True,True,True,1.4362479483498447e-07,11,0.7061612937285355,1.0638319932851896,1.0129600960308094
near_active,300,1,estimated,0.9976461290209049,0.9976461290209049,0.15087472765039478,4.172992807510492,3.3000691636301704,0.8806915809135976,0.4012870600829661,0.9987033625345108,True,True,True,1.1618046857897468e-08,9,0.7061612937285355,1.0638319932851896,1.0129600960308094
near_active,300,2,known,0.9952270552145925,1.0,0.11827115248857303,4.913072389644865,4.402337745782958,0.510734643861907,0.4177223795271589,1.0432520687952573,True,True,True,3.886040955691783e-08,9,1.4318834356222387,1.079658246042337,1.0147625932832667
near_active,300,2,estimated,0.9952270552145925,0.9952270552145925,0.11827115248857303,4.909947145820656,4.419767219852806,0.5112752308725603,0.4183389489693646,1.0458183646211558,True,True,True,2.744259464115828e-08,9,1.4318834356222387,1.079658246042337,1.0147625932832667
near_active,300,3,known,0.9672206169802167,1.0,0.2720615770163595,3.919786601770968,3.899786601770968,0.02,0.4052980018857027,0.9123228677089141,True,True,True,3.2886570624792446,8,9.833814905935,1.0039247129966105,0.9757131451321341
near_active,300,3,estimated,0.9672206169802167,0.9672206169802167,0.2720615770163595,3.87683062346353,3.987539715091099,0.02,0.41139885126511255,0.9324193615448944,True,True,True,3.572622179136164,8,9.833814905935,1.0039247129966105,0.9757131451321341
near_active,300,4,known,0.9699840068930716,1.0,0.2035621444579347,4.421138826866819,4.348535000994231,0.0726038258725871,0.4062092220503809,0.9579959674945563,True,True,True,3.148799252450374e-07,12,9.004797932078512,1.0190391702279396,0.9813343029317535
near_active,300,4,estimated,0.9699840068930716,0.9699840068930716,0.2035621444579347,4.394519777350743,4.48177879218089,0.04726602650273214,0.4109461070273612,0.9756652524590675,True,True,True,5.358983035108622e-09,12,9.004797932078512,1.0190391702279396,0.9813343029317535
near_active,300,5,known,0.9897021249122211,1.0,0.22553669361434012,4.0668298108956265,4.046829810895627,0.02,0.4073521554815659,0.9463115449213447,True,True,True,0.8520660260188408,8,3.089362526333672,1.0339777329525486,0.999946535987154
near_active,300,5,estimated,0.9897021249122211,0.9897021249122211,0.22553669361434012,4.052975752922151,4.074938965377937,0.02,0.40902576565830373,0.9522633190718112,True,True,True,0.8917329491385939,7,3.089362526333672,1.0339777329525486,0.999946535987154
near_active,300,6,known,0.9756324343079773,1.0,0.24143413753592952,3.9611967048045527,3.8375548935717867,0.12364181123276614,0.40037534547390774,0.9411305302548003,True,True,True,5.674976044645064e-09,10,7.310269707606809,1.016992675850845,0.985202293092022
near_active,300,6,estimated,0.9756324343079773,0.9756324343079773,0.24143413753592952,3.9333110480751947,3.940902273886683,0.08843896923328717,0.4047208109702852,0.956153606246796,True,True,True,3.348071153652654e-09,10,7.310269707606809,1.016992675850845,0.985202293092022
near_active,300,7,known,0.9672162187987139,1.0,0.1791343008625728,4.180255535168022,3.4275522948035384,0.752703240364483,0.4082907851329722,1.022965842342357,True,True,True,4.2746203599008936e-07,8,9.835134360385833,1.022960842788068,0.9801143102906333
near_active,300,7,estimated,0.9672162187987139,0.9672162187987139,0.1791343008625728,4.142405604876413,3.5338156513458925,0.7244417926499246,0.4134127450399798,1.0411295932758562,True,True,True,2.126733353868815e-07,8,9.835134360385833,1.022960842788068,0.9801143102906333
near_active,300,8,known,0.9906997360855785,1.0,0.263300868001144,3.8213911071712032,3.801391107171203,0.02,0.3922882099633818,0.8587261874486326,True,True,True,2.54009321905807,6,2.790079174326454,1.0286250734419924,0.9994748328765866
near_active,300,8,estimated,0.9906997360855785,0.9906997360855785,0.263300868001144,3.8081251806896854,3.8236864740241137,0.02,0.3938702607500737,0.8639573251470546,True,True,True,2.6139061311011913,7,2.790079174326454,1.0286250734419924,0.9994748328765866
near_active,300,9,known,0.9964235132045004,1.0,0.19725091881703952,3.6578273241930686,2.7611887942147764,0.8966385299782922,0.3881315041966617,0.9340576144412338,True,True,True,9.063860773039778e-12,9,1.0729460386498801,1.0470482418753073,1.0081369724660494
near_active,300,9,estimated,0.9964235132045004,0.9964235132045004,0.19725091881703952,3.652743075088062,2.7709944676810347,0.8916590325310908,0.3887128535215907,0.9359388052824221,True,True,True,3.83115761337649e-12,9,1.0729460386498801,1.0470482418753073,1.0081369724660494
near_active,300,10,known,0.9637602729020688,1.0,0.19891545147088793,4.316859878351276,3.938752833457792,0.3781070448934837,0.3982699827914909,0.9415270907630233,True,True,True,5.435436989387199e-09,12,10.871918129379365,1.013961371767641,0.9753757134562413
near_active,300,10,estimated,0.9637602729020688,0.9637602729020688,0.19891545147088793,4.280394457667551,4.08387724363842,0.34451581084003924,0.4038992647726662,0.9622601256628077,True,True,True,3.744736076782829e-09,12,10.871918129379365,1.013961371767641,0.9753757134562413
near_active,300,11,known,0.9832785624862044,1.0,0.2155359883752031,4.193034111545772,4.173034111545772,0.02,0.407989533997237,0.9640325645449082,True,True,True,0.039451627082068286,6,5.016431254138687,1.0296085249229034,0.9939983064105665
near_active,300,11,estimated,0.9832785624862044,0.9832785624862044,0.2155359883752031,4.1709716079146135,4.221562196392187,0.02,0.410673285157034,0.9740766174490293,True,True,True,0.08000914709238838,8,5.016431254138687,1.0296085249229034,0.9939983064105665
near_active,300,12,known,0.9934290790232881,1.0,0.17030431533894907,4.021196982483224,3.1592145038443094,0.8619824786389151,0.39117110208456163,0.9382976673714921,True,True,True,2.964884738311032e-08,9,1.9712762930135574,1.052063965786467,1.0069959143513774
near_active,300,12,estimated,0.9934290790232881,0.9934290790232881,0.17030431533894907,4.013377639384211,3.178607468339412,0.855656549535243,0.3921388290159137,0.9416103442835771,True,True,True,4.6512727447378666e-08,9,1.9712762930135574,1.052063965786467,1.0069959143513774
near_active,300,13,known,0.9948360241266909,1.0,0.24611939264589458,3.8932706936468877,3.8732706936468877,0.02,0.3915484542978654,0.8740124759543975,True,True,True,0.4922735379761396,8,1.5491927619927237,1.035408910878232,1.0042237061659958
near_active,300,13,estimated,0.9948360241266909,0.9948360241266909,0.24611939264589458,3.8852400130446236,3.8853036272361514,0.02,0.3923721371231918,0.8769211687524517,True,True,True,0.5161557955483294,7,1.5491927619927237,1.035408910878232,1.0042237061659958
near_active,300,14,known,0.9708527008461972,1.0,0.1946321406563786,4.6004441313233935,4.580444131323394,0.02,0.4128783073219218,0.954765217142281,True,True,True,2.3367097022704963,7,8.74418974614083,1.0221585859456668,0.9827237648650924
near_active,300,14,estimated,0.9708527008461972,0.9708527008461972,0.1946321406563786,4.581792318529591,4.698748136100898,0.02,0.41764816614931527,0.9722571393456855,True,True,True,2.470414146649431,6,8.74418974614083,1.0221585859456668,0.9827237648650924
near_active,300,15,known,0.9908984906211664,1.0,0.1702780336210558,4.4017728656805994,4.1320637486558365,0.2697091170247629,0.4088783055197224,0.9992252214832177,True,True,True,1.0921148596576558e-08,12,2.730452813650075,1.0495424274392458,1.0044674199347874
near_active,300,15,estimated,0.9908984906211664,0.9908984906211664,0.1702780336210558,4.3939463673716554,4.168608966193054,0.26327803478109707,0.4103096512044433,1.0046422822067516,True,True,True,1.2916209213287289e-08,12,2.730452813650075,1.0495424274392458,1.0044674199347874
near_active,300,16,known,0.9829129255463671,1.0,0.22422230466105417,4.264209693858784,4.244209693858784,0.02,0.39402917928785686,0.8681826539938717,True,True,True,1.8209933769099949,7,5.126122336089867,1.0274480767672725,0.9932173892586599
near_active,300,16,estimated,0.9829129255463671,0.9829129255463671,0.22422230466105417,4.2466841558239175,4.30016133267802,0.02,0.3967355574974909,0.8779253227424066,True,True,True,1.9141976128844986,7,5.126122336089867,1.0274480767672725,0.9932173892586599
near_active,300,17,known,0.9794311336067946,1.0,0.20624939900977357,4.132933018876578,3.8682142728125473,0.26471874606403106,0.409835575597095,0.9904197850928105,True,True,True,1.9146746943476955e-07,9,6.170659917961629,1.0278471498139825,0.9906335449251277
near_active,300,17,estimated,0.9794311336067946,0.9794311336067946,0.20624939900977357,4.111251102752511,3.9501168451696254,0.24238368320872955,0.413350559293047,1.0028367660591453,True,True,True,5.642521117010801e-09,10,6.170659917961629,1.0278471498139825,0.9906335449251277
near_active,300,18,known,0.9607553207523539,1.0,0.24700059642630293,3.912866941462027,3.6189551764560077,0.2939117650060196,0.4034888359443251,0.9625841229445647,True,True,True,1.3625126005223365e-07,11,11.773403774293822,1.0011834589417263,0.9701095111279867
near_active,300,18,estimated,0.9607553207523539,0.9607553207523539,0.24700059642630293,3.862037873270719,3.7712692265095975,0.23877089791200906,0.41029156153855356,0.9854755394167521,True,True,True,9.266678091535141e-09,10,11.773403774293822,1.0011834589417263,0.9701095111279867
near_active,300,19,known,0.995933585394598,1.0,0.19865827799974975,4.368706969590875,4.348706969590875,0.02,0.39709076902150336,0.8941640245000562,True,True,True,1.1838304505767883,8,1.2199243816206073,1.0461996721931182,1.0075640627405729
near_active,300,19,estimated,0.995933585394598,0.995933585394598,0.19865827799974975,4.3648598252731245,4.362599965490321,0.02,0.3977147745577457,0.8965015933498112,True,True,True,1.1993923292363013,8,1.2199243816206073,1.0461996721931182,1.0075640627405729
near_active,300,20,known,0.9598165968629749,1.0,0.21279281688003868,4.533447236679764,4.513447236679764,0.02,0.4030742741734491,0.9152567937229867,True,True,True,1.1654102898118208,8,12.05502094110752,1.006743811754864,0.9706745319932243
near_active,300,20,estimated,0.9598165968629749,0.9598165968629749,0.21279281688003868,4.496560125625451,4.663974492894222,0.02,0.40922134763751317,0.938607853148652,True,True,True,1.3089790376117019,6,12.05502094110752,1.006743811754864,0.9706745319932243
near_active,300,21,known,0.9934900025164173,1.0,0.21948063630403802,4.101291378207251,4.0812913782072515,0.02,0.400060262089553,0.9247759325944278,True,True,True,0.9518715608660315,8,1.9529992450748157,1.038987292907662,1.004017084270754
near_active,300,21,estimated,0.9934900025164173,0.9934900025164173,0.21948063630403802,4.093071981999953,4.099761418517794,0.02,0.4011295059249201,0.9286741722554386,True,True,True,0.978776030615129,8,1.9529992450748157,1.038987292907662,1.004017084270754
near_active,300,22,known,0.9911975972844999,1.0,0.1758708884647146,4.280221868262937,3.8583785311644694,0.42184333709846794,0.3977630345330151,0.9453729697440229,True,True,True,3.133907221786192e-07,9,2.640720814650044,1.0479766033630609,1.0043350222559444
near_active,300,22,estimated,0.9911975972844999,0.9911975972844999,0.1758708884647146,4.271883528325265,3.891847453267798,0.41429368364842467,0.3991221295625115,0.9503830761687689,True,True,True,2.722661271992166e-07,9,2.640720814650044,1.0479766033630609,1.0043350222559444
near_active,300,23,known,0.9829614368406424,1.0,0.21881217463851485,3.4915064698278715,2.4716464400233846,1.0198600298044869,0.3878076250305919,0.93461852198885,True,True,True,2.1131779659455674e-10,10,5.111568947807276,1.02859771947289,0.9935206783713456
near_active,300,23,estimated,0.9829614368406424,0.9829614368406424,0.21881217463851485,3.464059988900863,2.5144014820749296,0.9925002952862492,0.39067132659207665,0.9435078517330836,True,True,True,1.477389525276403e-07,9,5.111568947807276,1.02859771947289,0.9935206783713456
near_active,300,24,known,0.9991863068561658,1.0,0.1431226618218087,4.92418494333649,4.904184943336491,0.02,0.4193791779462072,1.0058521069414579,True,True,True,1.7963577743190022,7,0.2441079431502513,1.068957048387039,1.0153297363624108
near_active,300,24,estimated,0.9991863068561658,0.9991863068561658,0.1431226618218087,4.9239282654350305,4.90792180776048,0.02,0.4195052247809716,1.0063524796319632,True,True,True,1.7984531427052772,7,0.2441079431502513,1.068957048387039,1.0153297363624108
near_active,300,25,known,0.9944156143643023,1.0,0.18054499515368974,4.07216335580892,3.5150319540257464,0.5571314017831739,0.4039002690728834,0.9789654528603515,True,True,True,2.5802154635101715e-08,9,1.6753156907093225,1.049724675890375,1.0072129261917482
near_active,300,25,estimated,0.9944156143643023,0.9944156143643023,0.18054499515368974,4.065875747576363,3.5336756548753097,0.5519335002693532,0.40476750699397296,0.9819562274195086,True,True,True,9.294970082507348e-08,9,1.6753156907093225,1.049724675890375,1.0072129261917482
near_active,300,26,known,0.9834591943329131,1.0,0.18229344200152686,3.9382642425997476,3.050352672069102,0.8879115705306455,0.3937877368683074,0.9611705725559148,True,True,True,1.316926816485875e-07,11,4.96224170012608,1.0382377652762185,0.9961337621972202
near_active,300,26,estimated,0.9834591943329131,0.9834591943329131,0.18229344200152686,3.917371819013252,3.0992495879329365,0.8693863162281132,0.3963915101788291,0.9700619975904081,True,True,True,2.1075008271864704e-07,9,4.96224170012608,1.0382377652762185,0.9961337621972202
near_active,300,27,known,0.9787219418946416,1.0,0.2451896809836282,4.081016797392738,4.061016797392738,0.02,0.38648364598132834,0.8514980144907532,True,True,True,0.6333327795316387,7,6.38341743160753,1.0194486731547827,0.9881452202014507
near_active,300,27,estimated,0.9787219418946416,0.9787219418946416,0.2451896809836282,4.051622808924464,4.119272937847821,0.02,0.38981572077825927,0.863715390486004,True,True,True,0.7357160539675931,8,6.38341743160753,1.0194486731547827,0.9881452202014507
near_active,300,28,known,0.9236660052907794,1.0,0.23218802240418787,4.215985965765264,3.712382326453439,0.5036036393118251,0.4164562173949349,1.0441582668524856,True,True,True,2.9797343525928e-07,11,22.900198412766194,0.966673280781489,0.9336169518466892
near_active,300,28,estimated,0.9236660052907794,0.9236660052907794,0.23218802240418787,4.12190763623929,4.007975763989246,0.4198766730130838,0.4296544821823913,1.0911289576844958,True,True,True,5.667075697601831e-09,12,22.900198412766194,0.966673280781489,0.9336169518466892
near_active,300,29,known,0.9991214698086752,1.0,0.17188558274949653,4.568603130175297,4.548603130175297,0.02,0.4090145758052343,0.9605529554650611,True,True,True,1.3426669276245065,10,0.26355905739743335,1.0572169428870257,1.0125634965622148
near_active,300,29,estimated,0.9991214698086752,0.9991214698086752,0.17188558274949653,4.567980732489224,4.55197978415991,0.02,0.40915182274696565,0.9610801992414212,True,True,True,1.3453127755538388,8,0.26355905739743335,1.0572169428870257,1.0125634965622148
near_active,300,30,known,0.9790974944373068,1.0,0.15705485039309128,4.17224271764872,3.1708706236950714,1.001372093953648,0.4032327694663616,1.023185553921593,True,True,True,1.5423221461419765e-08,9,6.270751668807972,1.0426789388829043,0.9938088554432456
near_active,300,30,estimated,0.9790974944373068,0.9790974944373068,0.15705485039309128,4.1483136776549,3.2310394000677416,0.9848110966203554,0.4063714142406739,1.0344218299975518,True,True,True,4.85415183604232e-08,9,6.270751668807972,1.0426789388829043,0.9938088554432456
near_active,300,31,known,0.978927165222908,1.0,0.3312441908824559,3.443321553019222,3.423321553019222,0.02,0.3785377901453852,0.7976108339854254,True,True,True,1.0354400200254277,5,6.3218504331275955,1.0090734274670163,0.9859023535143953
near_active,300,31,estimated,0.978927165222908,0.978927165222908,0.3312441908824559,3.398860856326054,3.4515957635690553,0.02,0.38226646643859347,0.809607554180967,False,True,True,1.2264216886765713,7,6.3218504331275955,1.0090734274670163,0.9859023535143953
near_active,300,32,known,0.9758238363609396,1.0,0.2204007542597166,3.660865906727498,2.7971475954686458,0.8637183112588522,0.3835335279441368,0.902890703795418,True,True,True,6.921527354068339e-10,9,7.252849091718117,1.021131186958356,0.9863069701851725
near_active,300,32,estimated,0.9758238363609396,0.9758238363609396,0.2204007542597166,3.624793895534636,2.866549451500073,0.827546612653488,0.38745325761022337,0.9154052469897461,True,True,True,2.0861047023146284e-07,9,7.252849091718117,1.021131186958356,0.9863069701851725
near_active,300,33,known,0.9970129459088173,1.0,0.17344767873552888,4.529695517576656,4.509695517576656,0.02,0.41092585371857726,0.9782704404046519,True,True,True,0.3392669384464835,9,0.8961162273548151,1.0545852023839597,1.010333911739611
near_active,300,33,estimated,0.9970129459088173,0.9970129459088173,0.17344767873552888,4.527066566408069,4.520569752782596,0.02,0.41137946653082896,0.980045340980605,True,True,True,0.3442872814311997,8,0.8961162273548151,1.0545852023839597,1.010333911739611
near_active,300,34,known,0.9945202239076332,1.0,0.2254756706033137,4.070934924089402,4.050934924089402,0.02,0.40288060866592174,0.9184024041616925,True,True,True,1.388760510514248,8,1.6439328277100484,1.038807814752626,1.0047674075424982
near_active,300,34,estimated,0.9945202239076332,0.9945202239076332,0.2254756706033137,4.064095378425464,4.066378220581126,0.02,0.4037957207781832,0.9216227982599531,True,True,True,1.415372174350469,9,1.6439328277100484,1.038807814752626,1.0047674075424982
near_active,300,35,known,0.9994680219760097,1.0,0.23215301802157093,3.8820316242171438,3.7957149521892948,0.086316672027849,0.39432281621015813,0.9046503289297262,True,True,True,1.1917867315247577e-07,9,0.15959340719708948,1.0424817821686605,1.0094204689506676
near_active,300,35,estimated,0.9994680219760097,0.9994680219760097,0.23215301802157093,3.88142823141816,3.797898329924397,0.08555029994263189,0.39441380628103895,0.9049584769020746,True,True,True,1.1604218563832092e-07,9,0.15959340719708948,1.0424817821686605,1.0094204689506676
near_active,300,36,known,0.9936851984256426,1.0,0.19879880133898267,4.293681944991555,4.273681944991555,0.02,0.4058580989527384,0.9507285074232646,True,True,True,0.19682916518801385,9,1.8944404723072128,1.0439157540322264,1.005307454627916
near_active,300,36,estimated,0.9936851984256426,0.9936851984256426,0.19879880133898267,4.286414154749404,4.293526925337069,0.02,0.40683652710964263,0.9544298406437295,True,True,True,0.21134179636907713,9,1.8944404723072128,1.0439157540322264,1.005307454627916
near_active,300,37,known,0.9812409103309465,1.0,0.2329834503247779,4.079504668068995,4.059504668068995,0.02,0.3982577857870587,0.9176955435331298,True,True,True,0.59528115589443,7,5.627726900716046,1.0241013548443223,0.9911578833976844
near_active,300,37,estimated,0.9812409103309465,0.9812409103309465,0.2329834503247779,4.053494554509485,4.110605776871956,0.02,0.40128151923472855,0.9287409337547743,True,True,True,0.6685595529727572,7,5.627726900716046,1.0241013548443223,0.9911578833976844
near_active,300,38,known,0.998926252630112,1.0,0.0834667423170625,4.581907507444201,2.5372300945162416,2.044677412927959,0.4155260189556707,1.1562220548746713,True,True,True,2.3055317033282563e-07,11,0.3221242109663902,1.1185640145454785,1.0266078242085221
near_active,300,38,estimated,0.998926252630112,0.998926252630112,0.0834667423170625,4.58088508910321,2.539110381001349,2.0445010711953158,0.41565543244789427,1.1567136551564359,True,True,True,3.206872101202407e-09,11,0.3221242109663902,1.1185640145454785,1.0266078242085221
near_active,300,39,known,0.9831754270245581,1.0,0.191612955525506,4.414787558419423,4.394787558419424,0.02,0.4115210833837019,0.9900287340426701,True,True,True,0.3637732880052216,7,5.0473718926325795,1.035289722834012,0.9952335396690286
near_active,300,39,estimated,0.9831754270245581,0.9831754270245581,0.191612955525506,4.397315979296557,4.452222725443706,0.02,0.41418976828136594,1.000370964299,True,True,True,0.3993536599997536,9,5.0473718926325795,1.035289722834012,0.9952335396690286
near_active,300,40,known,0.9752050732969542,1.0,0.12343101153698642,4.34587670778045,2.8309205103563557,1.5149561974240946,0.4150820217670333,1.1240703375906047,True,True,True,2.117620301334e-09,11,7.438478010913752,1.0561067374803326,0.9939239557973552
near_active,300,40,estimated,0.9752050732969542,0.9752050732969542,0.12343101153698642,4.318444059004714,2.887436555795026,1.502601280970321,0.41855291953266266,1.1368057645757041,True,True,True,9.926470756482786e-11,11,7.438478010913752,1.0561067374803326,0.9939239557973552
near_active,300,41,known,0.947075232369258,1.0,0.21062998840030883,4.578759222616824,4.558759222616825,0.02,0.4136817479205505,0.9848713053910044,True,True,True,1.127164336641083,8,15.877430289222616,0.9944843136734913,0.9580446608889772
near_active,300,41,estimated,0.947075232369258,0.947075232369258,0.21062998840030883,4.530931642692431,4.763012998880379,0.02,0.42241161227267676,1.0187030458248698,True,True,True,1.299329502943699,8,15.877430289222616,0.9944843136734913,0.9580446608889772
near_active,300,42,known,0.9838395008077359,1.0,0.17524691637265924,4.429045965018353,4.101894721672588,0.3271512433457643,0.40066378294563904,0.9456902880910262,True,True,True,4.0026922994044535e-08,9,4.848149757679243,1.0408206703020133,0.9970237019890752
near_active,300,42,estimated,0.9838395008077359,0.9838395008077359,0.17524691637265924,4.414578022513821,4.165622485812753,0.31627407551832265,0.40302078069940067,0.9545196190246159,True,True,True,7.842332783170036e-09,12,4.848149757679243,1.0408206703020133,0.9970237019890752
near_active,300,43,known,0.9693943628112591,1.0,0.20690122289535448,4.397236666603527,4.377236666603528,0.02,0.4079020305545143,0.9675471136379037,True,True,True,0.3963850820433521,9,9.181691156622263,1.0176578486691001,0.9805614819299077
near_active,300,43,estimated,0.9693943628112591,0.9693943628112591,0.20690122289535448,4.362991015611972,4.480107562228059,0.02,0.4126246960115136,0.9856614679380464,True,True,True,0.4696257132357864,10,9.181691156622263,1.0176578486691001,0.9805614819299077
near_active,300,44,known,0.954293934326953,1.0,0.20709541265770273,4.277353084918896,3.8644462108847697,0.41290687403412607,0.4013767105906841,0.9631728604362679,True,True,True,2.8948662356143018e-09,10,13.711819701914107,1.0025121643545052,0.9654505822324543
near_active,300,44,estimated,0.954293934326953,0.954293934326953,0.20709541265770273,4.229128122239173,4.047314983776347,0.36679998291081467,0.40879604136387643,0.9903468365245132,True,True,True,1.5598827229901246e-08,8,13.711819701914107,1.0025121643545052,0.9654505822324543
near_active,300,45,known,0.9951689826009493,1.0,0.13307401724459345,3.7241719467137844,1.5627659494138508,2.1614059972999335,0.3834120761633594,1.002250711914301,True,False,True,1.2953889072520042e-09,11,1.4493052197152023,1.070208231072917,1.0125314298292445
near_active,300,45,estimated,0.9951689826009493,0.9951689826009493,0.13307401724459345,3.717036166835542,1.5688865265701055,2.155728958372433,0.38408277502977983,1.0043645121393086,True,False,True,1.4068777254294673e-09,11,1.4493052197152023,1.070208231072917,1.0125314298292445
near_active,300,46,known,0.9592142819657428,1.0,0.21043266844467037,3.9127410052603286,3.0944154887435125,0.8183255165168163,0.3957067696627454,0.9633877398123929,True,True,True,8.142533425292697e-09,9,12.23571541027717,1.0066678181442548,0.9701939963748388
near_active,300,46,estimated,0.9592142819657428,0.9592142819657428,0.21043266844467037,3.8569310989782135,3.2206715455933788,0.7676169549243618,0.4022535639239904,0.9853509301479215,True,True,True,1.2418867631799487e-08,9,12.23571541027717,1.0066678181442548,0.9701939963748388
near_active,300,47,known,0.9820255411730215,1.0,0.23778873407683634,3.4602360909469425,2.633690314707645,0.8265457762392975,0.38844541559865653,0.917970285943761,True,True,True,3.978509699464894e-08,9,5.392337648093537,1.0240198529891285,0.9917421100039061
near_active,300,47,estimated,0.9820255411730215,0.9820255411730215,0.23778873407683634,3.4311600904616117,2.68354955052329,0.7958458908443597,0.3915651659832234,0.9275796999231362,True,True,True,3.201212050996105e-08,9,5.392337648093537,1.0240198529891285,0.9917421100039061
near_active,300,48,known,0.9998694202569788,1.0,0.2147168587126286,4.141577740516521,4.121577740516521,0.02,0.404321720659408,0.9200398618947108,True,True,True,2.317759854842021,7,0.0391739229063659,1.046376128230686,1.0106300592478779
near_active,300,48,estimated,0.9998694202569788,0.9998694202569788,0.2147168587126286,4.141442357868417,4.121980605036562,0.02,0.4043438562194013,0.9201168037465871,True,True,True,2.3185140192342293,7,0.0391739229063659,1.046376128230686,1.0106300592478779
near_active,300,49,known,0.9568552293344386,1.0,0.24754523016504193,4.105140313540198,4.031571732694416,0.07356858084578212,0.4085170469468866,0.9721161603903589,True,True,True,5.988241014165396e-10,10,12.943431199668431,0.9971944200290939,0.9661888391976787
near_active,300,49,estimated,0.9568552293344386,0.9568552293344386,0.24754523016504193,4.056097428284283,4.2180857715452715,0.02,0.41620945102041623,0.9991858152067833,True,True,True,0.007945426058581173,9,12.943431199668431,0.9971944200290939,0.9661888391976787
near_active,300,50,known,0.9952862859402036,1.0,0.1858322921551113,4.368902653301307,4.348902653301307,0.02,0.41042439031575767,0.9835868173378444,True,True,True,0.2606617643654485,9,1.414114217938911,1.049021695052227,1.0077194888839522
near_active,300,50,estimated,0.9952862859402036,0.9952862859402036,0.1858322921551113,4.363899150187316,4.364472023327262,0.02,0.41113982477712613,0.9863244717684302,True,True,True,0.26943339703219804,9,1.414114217938911,1.049021695052227,1.0077194888839522
near_active,300,51,known,0.9844012098381654,1.0,0.20859139853008676,4.1474491635684085,3.9616804041466183,0.18576875942179055,0.4017487947861471,0.9442314592119313,True,True,True,1.1453713977260804e-07,10,4.679637048550389,1.0322736260334078,0.9954778439570608
near_active,300,51,estimated,0.9844012098381654,0.9844012098381654,0.20859139853008676,4.130936059768764,4.023961952877374,0.16974304501353088,0.4042112083140624,0.9528581624793276,True,True,True,2.5075327281243176e-07,9,4.679637048550389,1.0322736260334078,0.9954778439570608
near_active,300,52,known,0.9961334420067837,1.0,0.2097755258144028,3.898219449062221,3.5056736349652895,0.39254581409693134,0.39167565217220573,0.9126579034492903,True,True,True,3.407003790201202e-09,10,1.1599673979649006,1.0437356310915809,1.007147551459717
near_active,300,52,estimated,0.9961334420067837,0.9961334420067837,0.2097755258144028,3.8936354037281844,3.51969690771218,0.3875476082282181,0.3923078824942217,0.9148023931432342,True,True,True,1.453252658227051e-07,8,1.1599673979649006,1.0437356310915809,1.007147551459717
near_active,300,53,known,0.9510195088374961,1.0,0.20430895654263304,4.486916481583771,4.376105809210974,0.11081067237279718,0.4141491196000854,1.0161644308473714,True,True,True,1.494559487280611e-08,12,14.694147348751175,0.9998953604602625,0.9623283160526332
near_active,300,53,estimated,0.9510195088374961,0.9510195088374961,0.20430895654263304,4.442058218921798,4.59370987539684,0.0733505094799404,0.422032961759636,1.0461951063955415,True,True,True,9.132069409406469e-09,12,14.694147348751175,0.9998953604602625,0.9623283160526332
near_active,300,54,known,0.9976545647513149,1.0,0.21195147088086225,4.200094263308306,4.180094263308306,0.02,0.40213293066663064,0.908344876270334,True,True,True,1.7192268861668456,7,0.7036305746055405,1.0447680582490455,1.0085556006925338
near_active,300,54,estimated,0.9976545647513149,0.9976545647513149,0.21195147088086225,4.1976085346464265,4.187429880289054,0.02,0.4025077746809891,0.9096714520598155,True,True,True,1.7305471146131435,7,0.7036305746055405,1.0447680582490455,1.0085556006925338
near_active,300,55,known,0.9741623565110691,1.0,0.20750621202588734,3.938504140566772,3.2779806477919826,0.6605234927747893,0.3951534834590282,0.9351253155955731,True,True,True,1.9584731147936907e-07,9,7.751293046679275,1.0222851290665924,0.9852969176372596
near_active,300,55,estimated,0.9741623565110691,0.9741623565110691,0.20750621202588734,3.905367229850831,3.362591232556451,0.629657430760178,0.39924178771921437,0.9487624380564564,True,True,True,2.3895330159007244e-09,10,7.751293046679275,1.0222851290665924,0.9852969176372596
near_active,300,56,known,0.9867391708793558,1.0,0.25380457929554484,3.870075004404418,3.850075004404418,0.02,0.39888345417871307,0.9041642583657103,True,True,True,0.9464522113269561,8,3.9782487361932573,1.026083513179626,0.9958425944987382
near_active,300,56,estimated,0.9867391708793558,0.9867391708793558,0.25380457929554484,3.849182783352061,3.8806433314485678,0.02,0.4010833126737917,0.9117909906138045,True,True,True,1.0140914613175256,8,3.9782487361932573,1.026083513179626,0.9958425944987382
near_active,300,57,known,0.9749037383701952,1.0,0.22273196172604084,4.230714974975613,4.210714974975613,0.02,0.4006716047241918,0.9311741773494508,True,True,True,0.162275164277899,9,7.528878488941448,1.0197368829615512,0.9852771512560763
near_active,300,57,estimated,0.9749037383701952,0.9749037383701952,0.22273196172604084,4.19828759341163,4.285846313808093,0.02,0.4047000392979696,0.9464600515427494,True,True,True,0.23598900160523595,9,7.528878488941448,1.0197368829615512,0.9852771512560763
near_active,300,58,known,0.9675357685946137,1.0,0.16864957322831248,4.675914074633195,4.5869637547150095,0.08895031991818594,0.42887220245686064,1.0939125415234758,True,True,True,9.51635431826659e-09,9,9.739269421615903,1.0267459643515964,0.9812357178897039
near_active,300,58,estimated,0.9675357685946137,0.9675357685946137,0.16864957322831248,4.65120745237073,4.728272438789113,0.07643474418217715,0.43407270657914593,1.1144227623908258,True,True,True,1.6264660955216924e-07,9,9.739269421615903,1.0267459643515964,0.9812357178897039
near_active,300,59,known,0.987005518223687,1.0,0.18645808761216573,4.375928498299617,4.180481309079281,0.19544718922033644,0.4001574850630256,0.9349401151082651,True,True,True,1.4971282613629455e-07,12,3.898344532893905,1.0405605791655885,0.9993969925300862
near_active,300,59,estimated,0.987005518223687,0.987005518223687,0.18645808761216573,4.364295601503465,4.234066925337909,0.1852481816665489,0.40210629480714205,0.9421633790984603,True,True,True,3.060699507173581e-07,12,3.898344532893905,1.0405605791655885,0.9993969925300862
near_active,300,60,known,0.9949742631098114,1.0,0.20058488353402606,4.298175517947594,4.278175517947594,0.02,0.40469050619628394,0.9379116854154143,True,True,True,0.9009485599651244,7,1.5077210670565777,1.0447575472199824,1.0064930304324473
near_active,300,60,estimated,0.9949742631098114,0.9949742631098114,0.20058488353402606,4.292916676697324,4.294499702275957,0.02,0.4055088483135802,0.940962611385562,True,True,True,0.918243504283099,8,1.5077210670565777,1.0447575472199824,1.0064930304324473
near_active,300,61,known,0.9925355193092017,1.0,0.24271683859922624,3.918101693288039,3.898101693288039,0.02,0.3909355652187359,0.8833434787173793,True,True,True,0.27721036679807187,10,2.239344207239491,1.0336771817616714,1.0020548036538761
near_active,300,61,estimated,0.9925355193092017,0.9925355193092017,0.24271683859922624,3.906514724898693,3.915743718273863,0.02,0.3921361631006663,0.887677379416447,True,True,True,0.30874008432415034,9,2.239344207239491,1.0336771817616714,1.0020548036538761
near_active,300,62,known,0.9987836019058306,1.0,0.2609905751355906,3.7624544616577307,3.7424544616577307,0.02,0.3911890179497223,0.8589952163214278,True,True,True,1.9158668991100072,7,0.3649194282508206,1.0370446549725636,1.007636375998022
near_active,300,62,estimated,0.9987836019058306,0.9987836019058306,0.2609905751355906,3.76059341065489,3.745149002764233,0.02,0.39139668746785095,0.8596886622224279,True,True,True,1.9246342051415493,8,0.3649194282508206,1.0370446549725636,1.007636375998022
near_active,300,63,known,0.9905381985668582,1.0,0.1772424478141942,4.506604854760468,4.42650627315801,0.08009858160245775,0.4030606896198677,0.9563178597268617,True,True,True,3.902800549404617e-08,9,2.8385404299425376,1.0468778303442765,1.003573961897596
near_active,300,63,estimated,0.9905381985668582,0.9905381985668582,0.1772424478141942,4.499454272938687,4.468534158962759,0.07320049688524419,0.40452148728744364,0.9620269390052828,True,True,True,3.9937799956035747e-08,9,2.8385404299425376,1.0468778303442765,1.003573961897596
near_active,300,64,known,0.9841233287699396,1.0,0.2571449494773498,3.3873872579561572,2.7233897085824004,0.663997549373757,0.38453425952655823,0.8906581221012038,False,True,True,5.500305100269998e-09,8,4.763001369018127,1.0229565792983912,0.993108496888398
near_active,300,64,estimated,0.9841233287699396,0.9841233287699396,0.2571449494773498,3.361160846164,2.7704531630093183,0.6346932571820616,0.3873284327931697,0.8991720798852314,False,True,True,1.7638901805838714e-07,8,4.763001369018127,1.0229565792983912,0.993108496888398
near_active,300,65,known,0.9890613856157842,1.0,0.19098844803937012,3.968451009934954,3.3644378800890777,0.6040131298458766,0.4009564366574132,0.9757129526326438,True,True,True,8.949011531811379e-10,8,3.2815843152647517,1.0413460884221104,1.001158926726701
near_active,300,65,estimated,0.9890613856157842,0.9890613856157842,0.19098844803937012,3.9553827743931156,3.400783292614343,0.5917993388209645,0.40273656516321094,0.9818274086820141,True,True,True,1.666311533199405e-11,9,3.2815843152647517,1.0413460884221104,1.001158926726701
near_active,300,66,known,0.9741897614501782,1.0,0.1972720086468849,3.6264045363994493,2.3894328633332678,1.2369716730661817,0.3971212124998073,1.007009896548928,True,True,True,3.677879445440624e-07,10,7.743071564946535,1.024809077964841,0.9859019684567092
near_active,300,66,estimated,0.9741897614501782,0.9741897614501782,0.1972720086468849,3.5862957269803575,2.4496384352438345,1.199883044110979,0.40145979375211355,1.0210204712310775,True,True,True,2.784863024629658e-07,10,7.743071564946535,1.024809077964841,0.9859019684567092
near_active,300,67,known,0.9791453008759349,1.0,0.23380331371604063,3.3440969997164594,2.2227066253570498,1.1213903743594094,0.38029795772752273,0.8964058623433216,False,False,True,3.0106160942011684e-07,9,6.256409737219537,1.0218554493612892,0.9890274987162642
near_active,300,67,estimated,0.9791453008759349,0.9791453008759349,0.23380331371604063,3.3074680951116595,2.2704061471405974,1.084410585059107,0.3837947250247301,0.9067802987809854,False,True,True,1.0033923025787317e-08,9,6.256409737219537,1.0218554493612892,0.9890274987162642
near_active,300,68,known,0.9990050385025953,1.0,0.2551844301843884,3.6284770401506177,3.4375188604324602,0.19095817971815732,0.38243729322316156,0.8553662153230893,True,True,True,1.3561288314534181e-08,9,0.2984884492214235,1.0381366353557597,1.0080592374605686
near_active,300,68,estimated,0.9990050385025953,0.9990050385025953,0.2551844301843884,3.627137850783019,3.4413082953925893,0.18925352464504466,0.3826063025400999,0.855910366817203,True,True,True,1.3131131515464745e-08,9,0.2984884492214235,1.0381366353557597,1.0080592374605686
near_active,300,69,known,0.9878403589844565,1.0,0.18955464457777124,3.2974755618054647,1.5130260182630713,1.7844495435423935,0.3833145059285997,0.963527922855114,False,False,True,2.360911022236678e-09,11,3.6478923046630363,1.0405205466286214,1.0000294066704842
near_active,300,69,estimated,0.9878403589844565,0.9878403589844565,0.18955464457777124,3.2755735170269005,1.5301468196920063,1.7640327333634245,0.3852745224527462,0.9692926399900422,False,False,True,2.47298137523444e-09,11,3.6478923046630363,1.0405205466286214,1.0000294066704842
near_active,300,70,known,0.9682787069811872,1.0,0.2633056308022915,3.952351835113367,3.932351835113367,0.02,0.4013266849665689,0.9172868813623342,True,True,True,0.16862658149339183,9,9.51638790564383,1.0062033583255332,0.9770536450439489
near_active,300,70,estimated,0.9682787069811872,0.9682787069811872,0.2633056308022915,3.900025311534076,4.007136874496468,0.02,0.4067246194445806,0.9365512681575023,True,True,True,0.2992277042114675,9,9.51638790564383,1.0062033583255332,0.9770536450439489
near_active,300,71,known,0.9981093131759048,1.0,0.21239314991682684,4.023399906764214,3.9071920762624637,0.11620783050175085,0.40345070499127694,0.9473369340757153,True,True,True,1.58604573918808e-09,10,0.5672060472285634,1.0451248325045197,1.008987680028938
near_active,300,71,estimated,0.9981093131759048,0.9981093131759048,0.21239314991682684,4.021323210872265,3.914631626095325,0.11409292721358501,0.40375436116384533,0.9483728564945071,True,True,True,4.569953548916317e-08,9,0.5672060472285634,1.0451248325045197,1.008987680028938
near_active,300,72,known,0.9797499649187874,1.0,0.21978136006893265,4.278273615508562,4.258273615508562,0.02,0.3975550175597455,0.8976091438672733,True,True,True,0.7864892525685696,8,6.075010524363778,1.0251850020031334,0.9902626426142108
near_active,300,72,estimated,0.9797499649187874,0.9797499649187874,0.21978136006893265,4.2548920553389795,4.322421237024504,0.02,0.40068615392987506,0.9092339270631383,True,True,True,0.8623200832538038,8,6.075010524363778,1.0251850020031334,0.9902626426142108
near_active,300,73,known,0.9821306574286442,1.0,0.228879264325414,3.8081202479812717,3.428605661060882,0.3795145869203895,0.4032142460145926,0.9680099054428862,True,True,True,9.078861352207345e-10,9,5.360802771406725,1.0257596610197361,0.9922254583214918
near_active,300,73,estimated,0.9821306574286442,0.9821306574286442,0.228879264325414,3.7848800029159486,3.4930395854698912,0.3542587384141251,0.40634025595816675,0.9783961024748257,True,True,True,6.430094234843864e-08,9,5.360802771406725,1.0257596610197361,0.9922254583214918
near_active,300,74,known,0.9768696519073428,1.0,0.17412991139859318,4.387281185782841,3.8463292445834276,0.5409519411994138,0.39197093040730263,0.9139469900052084,True,True,True,1.5696426491906834e-08,9,6.939104427797171,1.0342163430356808,0.9901384268312422
near_active,300,74,estimated,0.9768696519073428,0.9768696519073428,0.17412991139859318,4.365248156829615,3.93269886167297,0.5235139887707385,0.3952869403943183,0.926359557217017,True,True,True,1.0715247578119147e-09,12,6.939104427797171,1.0342163430356808,0.9901384268312422
near_active,300,75,known,0.972747449425876,1.0,0.2444508939113554,4.145438397907345,4.125438397907345,0.02,0.39452305202327975,0.8747739012515379,True,True,True,1.3419663663389803,9,8.175765172237204,1.0135972662762127,0.9821992070566103
near_active,300,75,estimated,0.972747449425876,0.972747449425876,0.2444508939113554,4.111302355923024,4.205924526800606,0.02,0.3989797807614249,0.890698008239187,True,True,True,1.4895027351552774,9,8.175765172237204,1.0135972662762127,0.9821992070566103
near_active,300,76,known,0.9829304972083048,1.0,0.29187901269528177,3.53175126617614,3.4001964868336865,0.13155477934245347,0.3831304672780053,0.8516507425362072,True,True,True,6.942446617586029e-12,7,5.12085083750855,1.017142529628755,0.9908464161383124
near_active,300,76,estimated,0.9829304972083048,0.9829304972083048,0.29187901269528177,3.506798100156359,3.4677855395281343,0.09820593557620073,0.3861862122241778,0.8612958334899713,True,True,True,5.0296082854117685e-09,9,5.12085083750855,1.017142529628755,0.9908464161383124
near_active,300,77,known,0.9999335151187909,1.0,0.19546390615994952,4.16339296040495,4.005021479633175,0.15837148077177501,0.40296635101086065,0.9504853924710019,True,True,True,1.037014030202954e-09,10,0.01994546436272504,1.0510210762003163,1.0117540637165243
near_active,300,77,estimated,0.9999335151187909,0.9999335151187909,0.19546390615994952,4.16332886080753,4.005291660030179,0.15830349211757652,0.402977204060589,0.9505240187043263,True,True,True,1.041225772269172e-09,10,0.01994546436272504,1.0510210762003163,1.0117540637165243
near_active,300,78,known,0.9889101100524825,1.0,0.13172980544894472,4.36043047321186,3.2631833110507937,1.0972471621610667,0.41072756477081523,1.0613986709399221,True,True,True,1.1394006271814305e-07,12,3.326966984255242,1.064715082292043,1.006449729077897
near_active,300,78,estimated,0.9889101100524825,0.9889101100524825,0.13172980544894472,4.349098013531179,3.2936844821104327,1.0919401298491973,0.4122935068583539,1.0671692069918344,True,True,True,1.306303909487383e-08,10,3.326966984255242,1.064715082292043,1.006449729077897
near_active,300,79,known,0.9921490453992522,1.0,0.22485342308458553,4.094936065508923,4.074936065508924,0.02,0.399791420326138,0.9114824219555518,True,True,True,0.9762629281717037,8,2.355286380224342,1.0365591953902689,1.0024245865503305
near_active,300,79,estimated,0.9921490453992522,0.9921490453992522,0.22485342308458553,4.084928656245333,4.09709476121056,0.02,0.4010824407038164,0.9161335969035889,True,True,True,1.0104749330774567,8,2.355286380224342,1.0365591953902689,1.0024245865503305
near_active,300,80,known,0.9790190448108879,1.0,0.15610495668138796,4.9748777812830065,4.954877781283007,0.02,0.4218640999564765,0.9949788850972971,True,True,True,1.9791826482899282,9,6.294286556733642,1.042987380329926,0.993819923982087
near_active,300,80,estimated,0.9790190448108879,0.9790190448108879,0.15610495668138796,4.9686177087618875,5.0546695031022475,0.02,0.42514103627783634,1.0077189317362523,True,True,True,2.0393080653507627,9,6.294286556733642,1.042987380329926,0.993819923982087
near_active,300,81,known,0.9975356335412233,1.0,0.2263052140714306,4.084421261408122,4.064421261408122,0.02,0.401021392087756,0.8946856364472093,True,True,True,1.9361879863942648,9,0.7393099376330037,1.0416608839741546,1.0077452551416217
near_active,300,81,estimated,0.9975356335412233,0.9975356335412233,0.2263052140714306,4.081554715527154,4.0715886019116425,0.02,0.40142658234879913,0.8960788776728126,True,True,True,1.9501544675321894,7,0.7393099376330037,1.0416608839741546,1.0077452551416217
near_active,300,82,known,0.9979949668051007,1.0,0.2292105299474792,3.8058306570245675,3.506263632664994,0.2995670243595738,0.3850603215075114,0.8646680098831281,True,True,True,1.7889997816489256e-08,9,0.6015099584697925,1.0415609157493664,1.008075178226434
near_active,300,82,estimated,0.9979949668051007,0.9979949668051007,0.2292105299474792,3.80333627160189,3.51369212889627,0.2966892120607137,0.3853827672605713,0.8657271912049006,True,True,True,1.603956212292701e-08,9,0.6015099584697925,1.0415609157493664,1.008075178226434
near_active,300,83,known,0.9757219487120922,1.0,0.22106655273840684,4.223921951195981,4.166209748192464,0.05771220300351734,0.39740483399889454,0.9210521729893685,True,True,True,3.193723090721847e-08,9,7.283415386372349,1.020892844632274,0.9861735098969293
near_active,300,83,estimated,0.9757219487120922,0.9757219487120922,0.22106655273840684,4.200217730141012,4.2738774839558475,0.030101662938878972,0.4013426592081241,0.9353635349700241,True,True,True,1.8597305073697612e-07,8,7.283415386372349,1.020892844632274,0.9861735098969293
near_active,300,84,known,0.9927181561461297,1.0,0.3027878629662999,3.5408721670588696,3.5208721670588696,0.02,0.39009170185124326,0.8265705965027527,True,True,True,3.1713386758263744,8,2.1845531561610954,1.0256975964293467,1.0003488801098694
near_active,300,84,estimated,0.9927181561461297,0.9927181561461297,0.3027878629662999,3.5284446154531213,3.534179962088527,0.02,0.3913986714973391,0.8306083326889494,True,True,True,3.248146892414024,8,2.1845531561610954,1.0256975964293467,1.0003488801098694
near_active,300,85,known,0.9885670779490732,1.0,0.22159192788519594,4.2282193551758,4.2082193551758005,0.02,0.3970589474828089,0.8799925789781475,True,True,True,2.410340620040702,7,3.429876615278049,1.0336308776121794,0.9989938593933121
near_active,300,85,estimated,0.9885670779490732,0.9885670779490732,0.22159192788519594,4.217101778437287,4.245641871004634,0.02,0.3989250677753771,0.8865371949110981,True,True,True,2.480447934783008,7,3.429876615278049,1.0336308776121794,0.9989938593933121
near_active,300,86,known,0.98855728425464,1.0,0.12509980138601756,4.061958531469028,2.272744747995376,1.7892137834736515,0.4061634985713879,1.101430595850898,True,True,True,9.160451730494401e-09,11,3.432814723608013,1.0683797470766798,1.0070264630724148
near_active,300,86,estimated,0.98855728425464,0.98855728425464,0.12509980138601756,4.04752949932494,2.293501527814976,1.7802718575542997,0.4077674488073858,1.1069727777737886,True,True,True,7.977758231803023e-09,11,3.432814723608013,1.0683797470766798,1.0070264630724148
near_active,300,87,known,0.9835429957851468,1.0,0.2400289758194593,4.102946445260013,4.0829464452600135,0.02,0.39475510450270845,0.8680549496349226,True,True,True,1.1867108771721502,9,4.937101264455956,1.0251453657118963,0.9931688778020095
near_active,300,87,estimated,0.9835429957851468,0.9835429957851468,0.2400289758194593,4.081759050325551,4.129721901057425,0.02,0.3973557713464045,0.8772359995538236,True,True,True,1.2709750759633454,6,4.937101264455956,1.0251453657118963,0.9931688778020095
near_active,300,88,known,0.9581982784078437,1.0,0.17963603412373447,4.178212504979497,3.3098923694986304,0.8683201354808662,0.41063488262933284,1.0438383633962005,True,True,True,1.2923777603646158e-08,10,12.540516477646902,1.0137872046157208,0.971060344825292
near_active,300,88,estimated,0.9581982784078437,0.9581982784078437,0.17963603412373447,4.12851719692713,3.4411844696070424,0.8311801624658535,0.4172887750414316,1.0674991093818886,True,True,True,3.107232604548926e-08,9,12.540516477646902,1.0137872046157208,0.971060344825292
near_active,300,89,known,0.9991268102006967,1.0,0.28803392769177577,3.3255126260089782,3.1238842304498564,0.20162839555912176,0.39017745454146374,0.8829758765833783,False,True,True,2.2398211285690195e-08,6,0.261956939790986,1.033795553307466,1.0071484020332357
near_active,300,89,estimated,0.9991268102006967,0.9991268102006967,0.28803392769177577,3.3241337758388245,3.1270277250833365,0.1998365394671694,0.3903421687987312,0.8834762984571785,False,True,True,1.473019706210721e-07,10,0.261956939790986,1.033795553307466,1.0071484020332357
near_active,300,90,known,0.9844275844321994,1.0,0.30021072126277726,3.539075940929287,3.519075940929287,0.02,0.3915332978189429,0.8672171928881439,True,True,True,1.0175046148465972,8,4.671724670340193,1.017690134827391,0.9921238139077753
near_active,300,90,estimated,0.9844275844321994,0.9844275844321994,0.30021072126277726,3.5081574721548683,3.54333576924988,0.02,0.3942966621150221,0.8763389379214693,True,True,True,1.1276130321603144,7,4.671724670340193,1.017690134827391,0.9921238139077753
near_active,300,91,known,0.97682415924252,1.0,0.3507777069707249,3.29223927745592,3.27223927745592,0.02,0.3753188258407492,0.7962937630827736,False,True,True,0.5118035037390047,7,6.952752227244008,1.0052916873856734,0.9834109250373579
near_active,300,91,estimated,0.97682415924252,0.97682415924252,0.3507777069707249,3.2370966517100936,3.2934245342629493,0.02,0.37944367547677305,0.8095253962255613,False,True,True,0.720704519664253,7,6.952752227244008,1.0052916873856734,0.9834109250373579
near_active,300,92,known,0.9946934972995288,1.0,0.21251778477206495,4.1067349125257175,4.007961786124706,0.09877312640101171,0.3942863078466419,0.9067964577143787,True,True,True,4.8427330369912735e-08,9,1.5919508101413515,1.0416814435360764,1.005565484339788
near_active,300,92,estimated,0.9946934972995288,0.9946934972995288,0.21251778477206495,4.101306695730414,4.029990403783656,0.09270144690730837,0.3951270768271033,0.9097611385204418,True,True,True,6.380392264526691e-08,11,1.5919508101413515,1.0416814435360764,1.005565484339788
near_active,300,93,known,0.9711766055462847,1.0,0.1498168079978239,4.975136194265917,4.955136194265918,0.02,0.42947041851339895,1.0756162587102023,True,True,True,0.04206615550181292,9,8.647018336114588,1.0378298361058693,0.9865987109344868
near_active,300,93,estimated,0.9711766055462847,0.9711766055462847,0.1498168079978239,4.958210946651618,5.084771315999612,0.02,0.4337479698076708,1.0934740344860008,True,True,True,0.04549903164420099,6,8.647018336114588,1.0378298361058693,0.9865987109344868
near_active,300,94,known,0.9983458332928034,1.0,0.25276814753872345,3.8367916991510005,3.8167916991510005,0.02,0.39731966820392844,0.8817068218042879,True,True,True,2.2936408948496156,6,0.4962500121589941,1.0378515002148991,1.0074865839149225
near_active,300,94,estimated,0.9983458332928034,0.9983458332928034,0.25276814753872345,3.834487861395683,3.82080811497406,0.02,0.39761719513771837,0.88270084233726,True,True,True,2.3058065516511075,7,0.4962500121589941,1.0378515002148991,1.0074865839149225
near_active,300,95,known,0.9988353711230283,1.0,0.2531757166396502,3.8310299230218106,3.8110299230218105,0.02,0.3890782033535153,0.854198434289496,True,True,True,1.5664652132559818,6,0.34938866309149885,1.0382774407564004,1.0079614067181208
near_active,300,95,estimated,0.9988353711230283,0.9988353711230283,0.2531757166396502,3.829303260291928,3.8137448576825874,0.02,0.38927190383749155,0.8548592812501756,True,True,True,1.5740717749407953,7,0.34938866309149885,1.0382774407564004,1.0079614067181208
near_active,300,96,known,0.9610408376157604,1.0,0.23669664241858937,4.265264686321512,4.245264686321512,0.02,0.40508917807339817,0.9270439835766464,True,True,True,1.4340480731294383,8,11.687748715271873,1.0032289064584121,0.9708022376012341
near_active,300,96,estimated,0.9610408376157604,0.9610408376157604,0.23669664241858937,4.22015252518819,4.370420444992036,0.02,0.4115817270029976,0.9505305252296639,True,True,True,1.6204189543972256,7,11.687748715271873,1.0032289064584121,0.9708022376012341
near_active,300,97,known,0.9525790031115275,1.0,0.15719765635470126,4.686467551883644,4.1711078096221685,0.5153597422614753,0.4255855919876369,1.098622553827354,True,True,True,7.563001397370428e-08,10,14.226299066541737,1.0161026870947547,0.9672769996048919
near_active,300,97,estimated,0.9525790031115275,0.9525790031115275,0.15719765635470126,4.6457134083179055,4.351543884873542,0.5005240724690028,0.4327930138464201,1.1270088415990396,True,True,True,3.5429959244215325e-09,8,14.226299066541737,1.0161026870947547,0.9672769996048919
near_active,300,98,known,0.9988883679320634,1.0,0.33008194143687614,3.23832707710819,3.21832707710819,0.02,0.377894131520422,0.801092587745279,False,True,True,0.233006674337759,7,0.33348962038098895,1.0291407779903385,1.0058881165151234
near_active,300,98,estimated,0.9988883679320634,0.9988883679320634,0.33008194143687614,3.2356808429175095,3.2192594749849115,0.02,0.378083607615949,0.801694958060009,False,True,True,0.24194070016652347,6,0.33348962038098895,1.0291407779903385,1.0058881165151234
near_active,300,99,known,0.9936327361246993,1.0,0.21507819437947073,3.8177201079590763,3.369850007974707,0.4478700999843693,0.389911114931286,0.9116965532780741,True,True,True,3.096128349255878e-07,7,1.9101791625902198,1.040061311899153,1.0043752970269448
near_active,300,99,estimated,0.9936327361246993,0.9936327361246993,0.21507819437947073,3.8096164045196765,3.391920808574662,0.4392928507773327,0.39094433424397307,0.915135711036355,True,True,True,4.932715347294447e-09,10,1.9101791625902198,1.040061311899153,1.0043752970269448
near_active,300,100,known,0.9812728140107809,1.0,0.20144603344239748,3.928924062086029,3.3226191081320557,0.6063049539539735,0.4023220324493361,0.9791710696083678,True,True,True,2.758477890552058e-10,8,5.6181557967657225,1.030843282461009,0.992742340426287
near_active,300,100,estimated,0.9812728140107809,0.9812728140107809,0.20144603344239748,3.9054951029122997,3.38475159304139,0.5841303824811016,0.40540854779797897,0.9896319858506878,True,True,True,1.0532286154329995e-09,9,5.6181557967657225,1.030843282461009,0.992742340426287
near_active,300,101,known,0.9926866292532223,1.0,0.18164473572704903,4.421041258127669,4.33419417963156,0.08684707849610913,0.41070891212985955,0.9777641624017481,True,True,True,1.0736535993594032e-08,12,2.194011224033321,1.0476608304334052,1.005406461692178
near_active,300,101,estimated,0.9926866292532223,0.9926866292532223,0.18164473572704903,4.414872316204014,4.364948519131976,0.08184628388304926,0.41183409221948264,0.9819279550855007,True,True,True,5.137344882832906e-09,12,2.194011224033321,1.0476608304334052,1.005406461692178
near_active,300,102,known,0.994756213156656,1.0,0.2204503872786168,4.078013337439283,4.0580133374392835,0.02,0.40123881981563686,0.9283547049173532,True,True,True,0.5557451553864201,10,1.5731360530032101,1.0400533630888964,1.0052369867692075
near_active,300,102,estimated,0.994756213156656,0.994756213156656,0.2204503872786168,4.071017860209252,4.0723725136173545,0.02,0.4020898287225731,0.9314519977739251,True,True,True,0.5745991797135273,7,1.5731360530032101,1.0400533630888964,1.0052369867692075
near_active,300,103,known,0.99537976254242,1.0,0.14370981326837545,4.856919564696935,4.836919564696935,0.02,0.4202358100690125,1.0438526247632296,True,True,True,0.11117224128258041,8,1.3860712372740003,1.064865443569169,1.0114572352585782
near_active,300,103,estimated,0.99537976254242,0.99537976254242,0.14370981326837545,4.854151011462758,4.856589608688917,0.02,0.420939503694414,1.0468235399877088,True,True,True,0.11372074107213992,8,1.3860712372740003,1.064865443569169,1.0114572352585782
near_active,300,104,known,0.9872640536592704,1.0,0.26044522809079607,3.8023670763871023,3.7823670763871022,0.02,0.39543861436767513,0.8956385982075216,True,True,True,0.786717712189299,7,3.8207839022188828,1.0256052216598557,0.9961353646017039
near_active,300,104,estimated,0.9872640536592704,0.9872640536592704,0.26044522809079607,3.7811452815064373,3.809664970142327,0.02,0.39757028407333184,0.9030421070639038,True,True,True,0.8532712846069597,8,3.8207839022188828,1.0256052216598557,0.9961353646017039
near_active,300,105,known,0.9894796886679512,1.0,0.3204858073961839,3.5552487665608217,3.5352487665608217,0.02,0.38019411557423766,0.7624301705888824,True,True,True,5.437079654802164,6,3.1560933996146345,1.0206379303583097,0.9966890269554662
near_active,300,105,estimated,0.9894796886679512,0.9894796886679512,0.3204858073961839,3.5404833279841705,3.5579136876710273,0.02,0.38215301069084984,0.7681580109275886,True,True,True,5.596499906097858,7,3.1560933996146345,1.0206379303583097,0.9966890269554662
near_active,300,106,known,0.997470274441211,1.0,0.1289086400360222,4.023592813207939,2.4186776066658595,1.60491520654208,0.4121288933920381,1.1121377011947409,True,True,True,1.3113748087434374e-08,11,0.758917667636716,1.074934238395757,1.0153937480052857
near_active,300,106,estimated,0.997470274441211,0.997470274441211,0.1289086400360222,4.020457750782444,2.423712838023951,1.6028762410720068,0.41250385108287757,1.1134383516966921,True,True,True,1.2715715147493256e-08,11,0.758917667636716,1.074934238395757,1.0153937480052857
near_active,300,107,known,0.9904439952130603,1.0,0.2265065468235673,4.188844229983691,4.168844229983692,0.02,0.39473275545676795,0.8626850233023999,True,True,True,2.443812267299108,7,2.8668014360819227,1.0345300244480482,1.0006445418827608
near_active,300,107,estimated,0.9904439952130603,0.9904439952130603,0.2265065468235673,4.179173819671508,4.199302373252113,0.02,0.39625968604285056,0.8679709795538632,True,True,True,2.50477707597346,8,2.8668014360819227,1.0345300244480482,1.0006445418827608
near_active,300,108,known,0.9886515590828163,1.0,0.21843691732137768,4.222511139390694,4.202511139390694,0.02,0.4072593449043982,0.9228127423111334,True,True,True,2.7428305646796636,7,3.4045322751551033,1.03436624123285,0.9992289405538575
near_active,300,108,estimated,0.9886515590828163,0.9886515590828163,0.21843691732137768,4.211914637893514,4.24003239501529,0.02,0.4092168959800106,0.9295611815087602,True,True,True,2.81423195854077,7,3.4045322751551033,1.03436624123285,0.9992289405538575
near_active,300,109,known,0.9974111332085459,1.0,0.2759042003018682,3.2021398730010615,2.6672063536426958,0.5349335193583657,0.38220924497107317,0.8694574386379545,False,True,True,6.093710869237157e-09,10,0.7766600374362276,1.0336040372464492,1.0057853826738987
near_active,300,109,estimated,0.9974111332085459,0.9974111332085459,0.2759042003018682,3.1976628557660782,2.6750160898599638,0.5295720262277581,0.3826865220611609,0.8708755768877935,False,True,True,5.215731846419658e-09,10,0.7766600374362276,1.0336040372464492,1.0057853826738987
near_active,300,110,known,0.9916482852914723,1.0,0.19937200179605274,3.9667923988124456,3.4721541646732814,0.49463823413916425,0.392728913987574,0.9241474222276587,True,True,True,2.28422347703372e-09,10,2.5055144125583073,1.0417344265511408,1.0032371271602016
near_active,300,110,estimated,0.9916482852914723,0.9916482852914723,0.19937200179605274,3.9569650509749863,3.5013165233002987,0.4848905243815456,0.3940502252835774,0.9286685962017022,True,True,True,3.0794233829567474e-09,10,2.5055144125583073,1.0417344265511408,1.0032371271602016
near_active,300,111,known,0.9950935048640234,1.0,0.19654825500766368,4.300619539837526,4.280619539837526,0.02,0.40944147258165886,0.9656475381658892,True,True,True,0.610832330824369,10,1.4719485407929889,1.045899217918004,1.006848839968761
near_active,300,111,estimated,0.9950935048640234,0.9950935048640234,0.19654825500766368,4.295317349992591,4.296397603938538,0.02,0.4102368363531025,0.9686264694801766,True,True,True,0.6245653626888581,10,1.4719485407929889,1.045899217918004,1.006848839968761
near_active,300,112,known,0.9761115157386966,1.0,0.1574560684161538,4.438542173185041,3.8999442479754514,0.5385979252095902,0.4256224743895193,1.1035781387233154,True,True,True,9.783417631581415e-09,10,7.166545278391023,1.039530946603614,0.9907853903318301
near_active,300,112,estimated,0.9761115157386966,0.9761115157386966,0.1574560684161538,4.415763427611434,3.9839501902497387,0.5269837687792934,0.42933394175844064,1.1174629738015234,True,True,True,3.478587196070748e-08,9,7.166545278391023,1.039530946603614,0.9907853903318301
near_active,300,113,known,0.9855158742172342,1.0,0.21788406003141494,4.201189661417692,4.181189661417692,0.02,0.39757364633486275,0.9120915198847093,True,True,True,0.11609249852834952,8,4.345237734829743,1.0313465524400478,0.9961200946523286
near_active,300,113,estimated,0.9855158742172342,0.9855158742172342,0.21788406003141494,4.182442227392238,4.223617636497578,0.02,0.3997908247506113,0.9204394515390805,True,True,True,0.1574391243583534,9,4.345237734829743,1.0313465524400478,0.9961200946523286
near_active,300,114,known,0.9853061401447166,1.0,0.2383872770425255,3.703496856878763,3.2415806293700125,0.4619162275087505,0.3821768538898131,0.8689919022473948,True,True,True,3.985167751352492e-11,10,4.408157956585013,1.0271950126091587,0.9949983126068163
near_active,300,114,estimated,0.9853061401447166,0.9853061401447166,0.2383872770425255,3.6832981897024766,3.292760345801952,0.4389212029587728,0.38459865763765716,0.8768491046219886,True,True,True,2.481763842465422e-07,7,4.408157956585013,1.0271950126091587,0.9949983126068163
near_active,300,115,known,0.9746890221297045,1.0,0.12695911895230355,4.277627893078283,2.666883647964562,1.610744245113721,0.3990422728284989,1.0381084256698223,True,True,True,2.663895748433731e-08,10,7.593293361088637,1.0533424841857184,0.992887719639054
near_active,300,115,estimated,0.9746890221297045,0.9746890221297045,0.12695911895230355,4.248584396390335,2.722616620958772,1.5948798644739495,0.40248544416208726,1.0505064990198678,True,True,True,1.524914572392788e-08,10,7.593293361088637,1.0533424841857184,0.992887719639054
near_active,300,116,known,0.9985836232740807,1.0,0.1676104266307548,4.61766338193037,4.597663381930371,0.02,0.4224100829167765,1.0037862377836464,True,True,True,2.382891862958738,7,0.4249130177757965,1.0581609088040471,1.012368509144913
near_active,300,116,estimated,0.9985836232740807,0.9985836232740807,0.1676104266307548,4.616926065664554,4.603446279834332,0.02,0.4226457466698991,1.0046466801142675,True,True,True,2.388616132257768,7,0.4249130177757965,1.0581609088040471,1.012368509144913
near_active,300,117,known,0.9448647632685075,1.0,0.15486822689666585,4.294768113066785,2.958525725963652,1.3362423871031326,0.4167172377429755,1.1160778260405926,True,True,True,1.3336485649162455e-07,11,16.540571019447736,1.0093439301401144,0.9597838376852899
near_active,300,117,estimated,0.9448647632685075,0.9448647632685075,0.15486822689666585,4.228341392540854,3.1023758722200694,1.297015748465709,0.42515720621679093,1.1467518149368838,True,True,True,1.6259689550324197e-07,10,16.540571019447736,1.0093439301401144,0.9597838376852899
near_active,300,118,known,0.9978096647664911,1.0,0.18675055056603607,4.426077233433709,4.4060772334337095,0.02,0.4058366562184136,0.9396460198308361,True,True,True,0.47154585043162944,8,0.65710057005266,1.051280855158773,1.0101817332549825
near_active,300,118,estimated,0.9978096647664911,0.9978096647664911,0.18675055056603607,4.423955398627946,4.41362271196137,0.02,0.4061684872670764,0.9409116051467594,True,True,True,0.4766380960263601,10,0.65710057005266,1.051280855158773,1.0101817332549825
near_active,300,119,known,0.9948933847911868,1.0,0.19169685313416568,4.363359735070045,4.343359735070045,0.02,0.40629952680161857,0.9544910480150723,True,True,True,0.4463364329978239,9,1.531984562643951,1.0469848723764894,1.0069462201095079
near_active,300,119,estimated,0.9948933847911868,0.9948933847911868,0.19169685313416568,4.358070508217209,4.360337071823737,0.02,0.4071084972792467,0.9575867808209612,True,True,True,0.459102278244122,9,1.531984562643951,1.0469848723764894,1.0069462201095079
near_active,300,120,known,0.9590358348796361,1.0,0.16573051792515212,4.092936391197951,2.878240070609693,1.214696320588258,0.4158241886754515,1.1074268498974513,True,True,True,4.87438415186503e-08,11,12.289249536109182,1.019288915423859,0.9729770849933295
near_active,300,120,estimated,0.9590358348796361,0.9590358348796361,0.16573051792515212,4.040317585215676,2.984655672410126,1.1779258405975892,0.4223358128818037,1.1303256520002274,True,True,True,1.4661973857243993e-09,11,12.289249536109182,1.019288915423859,0.9729770849933295
near_active,300,121,known,0.9997952100190254,1.0,0.18776049415003113,3.893656151846457,3.196290365773608,0.6973657860728488,0.38480594479525226,0.8979649405125526,True,True,True,2.089071360344974e-09,10,0.06143699429238536,1.0529787846063439,1.012100730476488
near_active,300,121,estimated,0.9997952100190254,0.9997952100190254,0.18776049415003113,3.893405102696819,3.1969343133309867,0.6971254894830365,0.3848371884576042,0.8980701654664898,True,True,True,9.904950520889244e-08,10,0.06143699429238536,1.0529787846063439,1.012100730476488
near_active,300,122,known,0.9995651347224102,1.0,0.15345069036672065,3.986146144951402,2.8763270537215906,1.1098190912298116,0.39457241970162926,0.9818820423592425,True,True,True,5.3978468361748355e-08,9,0.13045958327695395,1.064639942931586,1.0146220275675633
near_active,300,122,estimated,0.9995651347224102,0.9995651347224102,0.15345069036672065,3.985614824640902,2.8774415645435547,1.109424559522061,0.3946358714681298,0.9820988750455467,True,True,True,2.9884362540144593e-08,9,0.13045958327695395,1.064639942931586,1.0146220275675633
near_active,300,123,known,0.9995110761244287,1.0,0.166150374497021,4.177341002004905,3.5567204392372136,0.620620562767691,0.39844688879677304,0.9531618927320779,True,True,True,3.494858109576171e-07,9,0.14667716267139363,1.0596118991012617,1.0134170971542393
near_active,300,123,estimated,0.9995110761244287,0.9995110761244287,0.166150374497021,4.176828674600356,3.55833809263354,0.6202303384176588,0.3985187953192042,0.9534156217375668,True,True,True,4.323529090299871e-09,12,0.14667716267139363,1.0596118991012617,1.0134170971542393
near_active,300,124,known,0.9883447793296473,1.0,0.2098515242341806,4.205019981453545,4.148822282275399,0.05619769917814626,0.4031439427734256,0.9392848105543693,True,True,True,2.899285511670513e-07,11,3.496566201105822,1.0359297291250869,0.999354899986613
near_active,300,124,estimated,0.9883447793296473,0.9883447793296473,0.2098515242341806,4.193504937321803,4.197885779261952,0.04454644316608479,0.4049829861322239,0.9457977022355021,True,True,True,1.098732747006892e-07,9,3.496566201105822,1.0359297291250869,0.999354899986613
near_active,300,125,known,0.9819640047643242,1.0,0.2130558143268127,3.610413134011594,2.7098655926242468,0.9005475413873472,0.4033656201188431,0.9971948224432553,True,True,True,9.03272028285329e-08,10,5.410798570702735,1.0288332924048975,0.9928085367906708
near_active,300,125,estimated,0.9819640047643242,0.9819640047643242,0.2130558143268127,3.582949697515097,2.7583428569504562,0.8743562991909596,0.4064412167875181,1.0069312094339025,True,True,True,3.508109069905174e-08,10,5.410798570702735,1.0288332924048975,0.9928085367906708
near_active,300,126,known,0.9548504242133575,1.0,0.18528356169213264,4.217429813244854,3.500405285815537,0.7170245274293168,0.41458699999681337,1.063159183781613,True,True,True,2.5139659687312133e-08,10,13.54487273599274,1.0087449745662505,0.9673204489730586
near_active,300,126,estimated,0.9548504242133575,0.9548504242133575,0.18528356169213264,4.164823679536338,3.651474891589856,0.6782113302973396,0.42186410624127735,1.0893554317205112,True,True,True,1.4385281611544556e-08,9,13.54487273599274,1.0087449745662505,0.9673204489730586
near_active,300,127,known,0.983593326718406,1.0,0.2550727439965708,3.9632390599511,3.9432390599511,0.02,0.387868410445895,0.8468466526414395,True,True,True,1.1392449540052287,8,4.922001984478186,1.0227420577381117,0.9926514901492176
near_active,300,127,estimated,0.983593326718406,0.983593326718406,0.2550727439965708,3.939526612743934,3.984905657931593,0.02,0.39047842172078046,0.855991629610336,True,True,True,1.2346498408948015,6,4.922001984478186,1.0227420577381117,0.9926514901492176
near_active,300,128,known,0.9790495217350098,1.0,0.2470478570363945,3.4987531107424354,2.8258350312948273,0.6729180794476082,0.39267965024419815,0.9303966218809142,True,True,True,1.0837255537410329e-09,8,6.285143479497057,1.0194699259634459,0.9884019226405806
near_active,300,128,estimated,0.9790495217350098,0.9790495217350098,0.2470478570363945,3.46561989602531,2.889279791175577,0.6368718983162325,0.3963879831958583,0.9419635371867771,True,True,True,9.975664738703927e-11,9,6.285143479497057,1.0194699259634459,0.9884019226405806
near_active,300,129,known,0.9669453939253294,1.0,0.15863056203315073,4.142103126986914,2.8844693734084337,1.2576337535784803,0.39231980264518035,0.9752715151755599,True,True,True,4.430234246122211e-08,11,9.916381822401178,1.0298952701483812,0.9815106238044471
near_active,300,129,estimated,0.9669453939253294,0.9669453939253294,0.15863056203315073,4.101673643250381,2.970969905520635,1.2289079776164316,0.397097728817248,0.9920394874872673,True,True,True,3.803582974301019e-07,8,9.916381822401178,1.0298952701483812,0.9815106238044471
near_active,300,130,known,0.9767439079982398,1.0,0.14286901908959732,4.687458737921044,4.189602745819947,0.4978559921010966,0.4190359500232314,1.0608943642878608,True,True,True,1.4606760245783335e-10,9,6.976827600528046,1.0466385171221226,0.9929159977668237
near_active,300,130,estimated,0.9767439079982398,0.9767439079982398,0.14286901908959732,4.6687306527471435,4.27544971765401,0.4927111870757944,0.42234672432928644,1.0739735542417181,True,True,True,5.218936394157936e-11,9,6.976827600528046,1.0466385171221226,0.9929159977668237
near_active,300,131,known,0.9973023257829914,1.0,0.16683871089892494,4.629634614067912,4.609634614067913,0.02,0.4108476832093408,0.9719024227756212,True,True,True,0.10655749743021581,8,0.809302265102585,1.0571551872165084,1.0111509739139772
near_active,300,131,estimated,0.9973023257829914,0.9973023257829914,0.16683871089892494,4.627436353990735,4.619899337318194,0.02,0.4112457114027919,0.9734948913599543,True,True,True,0.10972665406427173,11,0.809302265102585,1.0571551872165084,1.0111509739139772
near_active,300,132,known,0.9742083668388216,1.0,0.28191502684035413,3.6157550353929104,3.358174231958701,0.25758080343420925,0.3851981123305992,0.8580442481809895,True,True,True,3.3477565608563964e-08,9,7.737489948353515,1.0096295870451315,0.982404065478096
near_active,300,132,estimated,0.9742083668388216,0.9742083668388216,0.28191502684035413,3.5784466160625046,3.4571739235321637,0.21043885414047422,0.38973198774622453,0.8723790934328172,True,True,True,1.0841026742980375e-08,9,7.737489948353515,1.0096295870451315,0.982404065478096
near_active,300,133,known,0.9743205387852788,1.0,0.23028959250841324,3.9816305856872485,3.79484351388722,0.1867870718000285,0.41016258229642655,0.9911141486404134,True,True,True,5.1299695602580186e-08,9,7.7038383644163595,1.0176823517808669,0.9843535175955656
near_active,300,133,estimated,0.9743205387852788,0.9743205387852788,0.23028959250841324,3.950907805734488,3.8962964910141813,0.15466610934236003,0.414572311726162,1.0061537692467843,True,True,True,7.451127881363817e-09,10,7.7038383644163595,1.0176823517808669,0.9843535175955656
near_active,300,134,known,0.9690521027108865,1.0,0.2223075293730879,4.252390038857433,4.232390038857433,0.02,0.40986514219625314,0.9697034465918584,True,True,True,0.2727068544082649,6,9.284369186734054,1.013970843310182,0.9794453206481382
near_active,300,134,estimated,0.9690521027108865,0.9690521027108865,0.2223075293730879,4.21236217451437,4.3262505316137245,0.02,0.41479205127597324,0.9881257842161014,True,True,True,0.3547025361292444,10,9.284369186734054,1.013970843310182,0.9794453206481382
near_active,300,135,known,0.9958291031192243,1.0,0.24382630761083968,3.715112807500726,3.5039797693064334,0.2111330381942924,0.39450825101487946,0.9073079313823661,True,True,True,2.9402824619495505e-09,11,1.2512690642326962,1.0367835609996177,1.0053050724045163
near_active,300,135,estimated,0.9958291031192243,0.9958291031192243,0.24382630761083968,3.7097317660883555,3.5198805538748372,0.20453227103637792,0.3952396970646139,0.9096870437588265,True,True,True,2.9029063597363347e-09,11,1.2512690642326962,1.0367835609996177,1.0053050724045163
near_active,300,136,known,0.9712493930287053,1.0,0.16371836481634508,4.0754620735708675,2.957054198784417,1.1184078747864503,0.4175959235584275,1.0944089705417503,True,True,True,4.425544375408208e-10,11,8.625182091388417,1.0322430039555048,0.9853619857391097
near_active,300,136,estimated,0.9712493930287053,0.9712493930287053,0.16371836481634508,4.039574557469968,3.0336290508426167,1.0931641831648293,0.42216855994436103,1.1102849833382988,True,True,True,2.12638615604277e-07,10,8.625182091388417,1.0322430039555048,0.9853619857391097
near_active,300,137,known,0.9965196600860328,1.0,0.23309638630285903,3.7520609033764103,3.486830270167791,0.26523063320861895,0.39751185027373326,0.9270196802796872,True,True,True,1.889882481620475e-07,10,1.0441019741901703,1.0393593385708189,1.006431828346181
near_active,300,137,estimated,0.9965196600860328,0.9965196600860328,0.23309638630285903,3.747664544693294,3.4998726080492717,0.25997268297561676,0.3981245246312671,0.9290347758807487,True,True,True,8.432082587717105e-09,10,1.0441019741901703,1.0393593385708189,1.006431828346181
near_active,300,138,known,0.9864278881078191,1.0,0.2176580308769117,4.178427464260838,4.158427464260838,0.02,0.4048835926479852,0.9398503022814362,True,True,True,0.08054429726657375,8,4.071633567654265,1.032306159655847,0.99704312060146
near_active,300,138,estimated,0.9864278881078191,0.9864278881078191,0.2176580308769117,4.160466767443278,4.197434822514583,0.02,0.40700735801438825,0.947712041983808,True,True,True,0.11612642052699718,8,4.071633567654265,1.032306159655847,0.99704312060146
near_active,300,139,known,0.9925964490141296,1.0,0.1368574774251173,4.601743309564811,4.114460148331777,0.4872831612330334,0.4216255755968453,1.0848723611154762,True,True,True,1.79533823918554e-08,9,2.2210652957611265,1.0655612181524747,1.0094789069209742
near_active,300,139,estimated,0.9925964490141296,0.9925964490141296,0.1368574774251173,4.59567285388389,4.1407618559300605,0.48556733947455577,0.42269063549431385,1.089022382471589,True,True,True,2.570048618366627e-10,9,2.2210652957611265,1.0655612181524747,1.0094789069209742
near_active,300,140,known,0.9870988016165447,1.0,0.23771971660495306,3.9291247190963627,3.7782384212307765,0.15088629786558608,0.39144372109731856,0.8864899457903815,True,True,True,3.253815861192777e-08,9,3.870359515036581,1.0291053056953565,0.9968181914713884
near_active,300,140,estimated,0.9870988016165447,0.9870988016165447,0.23771971660495306,3.9142028753622027,3.830982915816764,0.13264423014601845,0.39359036470532116,0.8937481711086619,True,True,True,1.6791669388283026e-08,9,3.870359515036581,1.0291053056953565,0.9968181914713884
near_active,300,141,known,0.9831005183284303,1.0,0.18821269759859274,4.186395856911035,3.7085190883184245,0.4778767685926106,0.3937979725249694,0.9263142875290937,True,True,True,1.0263333982685197e-07,12,5.0698445014709215,1.0361563130361653,0.995376473305677
near_active,300,141,estimated,0.9831005183284303,0.9831005183284303,0.18821269759859274,4.168614891419324,3.77071762841707,0.4616204364523534,0.39636744053930073,0.935528345598252,True,True,True,2.0948345058613427e-08,8,5.0698445014709215,1.0361563130361653,0.995376473305677
near_active,300,142,known,0.9981999844795749,1.0,0.2975796719290458,3.5023729701108204,3.4823729701108204,0.02,0.3872933988059364,0.8282233987121637,True,True,True,2.020193529099749,6,0.540004656127524,1.0317566255647932,1.0059642601335161
near_active,300,142,estimated,0.9981999844795749,0.9981999844795749,0.2975796719290458,3.499027945247054,3.4853015421162246,0.02,0.3876047295805899,0.8292121847603253,True,True,True,2.0361230051402583,7,0.540004656127524,1.0317566255647932,1.0059642601335161
near_active,300,143,known,0.962233803858379,1.0,0.1779503572288346,3.9418592331137114,2.736878445225547,1.2049807878881647,0.41118361415222804,1.077047538816537,True,True,True,6.112945705183392e-10,11,11.329858842486306,1.0183493093324074,0.9752177092455163
near_active,300,143,estimated,0.962233803858379,0.962233803858379,0.1779503572288346,3.889933734826066,2.832634668134381,1.1642769031660039,0.4173076327287068,1.0979017760210172,True,True,True,3.148285876442003e-07,10,11.329858842486306,1.0183493093324074,0.9752177092455163
near_active,300,144,known,0.9963062324309613,1.0,0.23376281480664202,3.928200242172,3.908200242172,0.02,0.4080998009788654,0.9475554088312201,True,True,True,1.2064188074254656,8,1.1081302707116159,1.0390237803585038,1.0061901423410025
near_active,300,144,estimated,0.9963062324309613,0.9963062324309613,0.23376281480664202,3.9228951759478967,3.917365011784513,0.02,0.4087224235376669,0.9497112043337097,True,True,True,1.2236443756734972,8,1.1081302707116159,1.0390237803585038,1.0061901423410025
near_active,300,145,known,0.9811856975966309,1.0,0.23378387081951826,4.16860049887097,4.14860049887097,0.02,0.40055890041370523,0.8933698248791361,True,True,True,2.3457201805127896,9,5.644290721010736,1.023899398119149,0.9910687173009722
near_active,300,145,estimated,0.9811856975966309,0.9811856975966309,0.23378387081951826,4.14852996659849,4.207694809159096,0.02,0.40378395005360523,0.9045744645677661,True,True,True,2.4659980302297626,6,5.644290721010736,1.023899398119149,0.9910687173009722
near_active,300,146,known,0.9919267369522239,1.0,0.2879676545421241,3.5568189580566276,3.5368189580566276,0.02,0.38752879391550776,0.8581351370582558,True,True,True,0.10579157648260229,8,2.421978914332834,1.0266034587564752,0.9999501748815296
near_active,300,146,estimated,0.9919267369522239,0.9919267369522239,0.2879676545421241,3.5404681253086916,3.5491211136475846,0.02,0.3888586097673588,0.8626410653637324,True,True,True,0.15067072941813175,9,2.421978914332834,1.0266034587564752,0.9999501748815296
near_active,300,147,known,0.9902075418451137,1.0,0.18589458137861237,3.9961071235891725,3.328736180992168,0.6673709425970045,0.38872848944747096,0.923889136058572,True,True,True,4.6432879763358414e-10,10,2.9377374464658823,1.0439249453924602,1.0026365786934806
near_active,300,147,estimated,0.9902075418451137,0.9902075418451137,0.18589458137861237,3.9844797067432802,3.3606165029239508,0.6567719002988326,0.3902189359291617,0.9290465975984236,True,True,True,3.8275195413106644e-07,10,2.9377374464658823,1.0439249453924602,1.0026365786934806
near_active,300,148,known,0.9854782881054357,1.0,0.16584793668657524,4.051370389056998,3.14152501706641,0.9098453719905878,0.4045368973924593,1.0294326849044828,True,True,True,1.343225345395993e-07,11,4.356513568369291,1.0456887100418353,0.999409667946675
near_active,300,148,estimated,0.9854782881054357,0.9854782881054357,0.16584793668657524,4.034106941382245,3.1840628429567226,0.8962821416851267,0.4068240117465891,1.0375052315781466,True,True,True,2.9077503183039255e-08,9,4.356513568369291,1.0456887100418353,0.999409667946675
near_active,300,149,known,0.9904159216974231,1.0,0.17843271134065175,4.523274024069709,4.503274024069709,0.02,0.41236389968017495,0.9827469468639899,True,True,True,0.13877652795420337,9,2.875223490773071,1.0463797310805345,1.0033647279141007
near_active,300,149,estimated,0.9904159216974231,0.9904159216974231,0.17843271134065175,4.51426656550584,4.53775678182086,0.02,0.41379349425185546,0.9883376601676128,True,True,True,0.1522879808943064,11,2.875223490773071,1.0463797310805345,1.0033647279141007
near_active,300,150,known,0.9968732520823465,1.0,0.17951730780840275,4.153684331865414,3.7659708222122714,0.3877135096531426,0.4155291947139641,1.0228202027996376,True,True,True,4.494019989476072e-09,12,0.9380243752960649,1.0524989428142824,1.009743825009679
near_active,300,150,estimated,0.9968732520823465,0.9968732520823465,0.17951730780840275,4.150450398947227,3.7772491217171016,0.3850117830559122,0.4160407838655027,1.0246145867043206,True,True,True,2.9401782675186894e-09,12,0.9380243752960649,1.0524989428142824,1.009743825009679
near_active,300,151,known,0.9693585344922065,1.0,0.1939104373712263,3.5968518770933264,2.137686365367379,1.4591655117259474,0.3875065507012932,0.9674789402041875,True,True,True,9.89443948995472e-09,10,9.192439652338036,1.02085537179789,0.9812737806913744
near_active,300,151,estimated,0.9693585344922065,0.9693585344922065,0.1939104373712263,3.5472461008353795,2.2000706748441647,1.4145888156891602,0.3923843960207685,0.982756611162351,True,True,True,9.305847203933126e-08,10,9.192439652338036,1.02085537179789,0.9812737806913744
near_active,300,152,known,0.989852391424982,1.0,0.18758602480712858,4.415617815037818,4.395617815037818,0.02,0.4063803110085857,0.9661284927603985,True,True,True,0.1193093318247854,8,3.0442825725053857,1.0430854308022337,1.0021693569571537
near_active,300,152,estimated,0.989852391424982,0.989852391424982,0.18758602480712858,4.40495391443484,4.42990687543049,0.02,0.4079088918952343,0.9720925805264246,True,True,True,0.13725352005922922,9,3.0442825725053857,1.0430854308022337,1.0021693569571537
near_active,300,153,known,0.9967767667427655,1.0,0.1841192321513399,4.139812407029652,3.684690568782538,0.455121838247114,0.3904295171200095,0.9060681338811589,True,True,True,1.0238695269393361e-07,9,0.966969977170351,1.0510121343819918,1.0093256491971923
near_active,300,153,estimated,0.9967767667427655,0.9967767667427655,0.1841192321513399,4.136455842441904,3.696396835692119,0.4519733559625239,0.3909136673744019,0.9077852103220534,True,True,True,9.26999357275804e-08,9,0.966969977170351,1.0510121343819918,1.0093256491971923
near_active,300,154,known,0.990584235809315,1.0,0.18873829789416793,3.882050424540764,3.0992868812115764,0.7827635433291877,0.3901307945750401,0.9328411864448726,True,True,True,1.3244302876636027e-08,9,2.824729257205505,1.0434922802104536,1.0028260045846276
near_active,300,154,estimated,0.990584235809315,0.990584235809315,0.18873829789416793,3.8699396108688933,3.127469117529877,0.7719180050633273,0.3915727502629361,0.9376556101792312,True,True,True,3.359611167014653e-08,9,2.824729257205505,1.0434922802104536,1.0028260045846276
near_active,300,155,known,0.9803643352159501,1.0,0.2481829308630959,3.68953260844209,3.2435508147019694,0.4459817937401204,0.3794924327441487,0.8515507763499981,True,True,True,2.4274628085407812e-08,9,5.890699435214963,1.0205998752285241,0.9896739625695775
near_active,300,155,estimated,0.9803643352159501,0.9803643352159501,0.2481829308630959,3.6618134000979308,3.312311679755853,0.4145411621460567,0.3826746551402857,0.8617548827531054,True,True,True,2.303730228803147e-08,9,5.890699435214963,1.0205998752285241,0.9896739625695775
near_active,300,156,known,0.9921913770600722,1.0,0.17905290634629506,3.9173129874156345,3.1006017225337974,0.8167112648818369,0.40401446222100423,1.0037826225432742,True,True,True,2.752291652363681e-07,9,2.342586881978337,1.0479613416417535,1.0050953318129647
near_active,300,156,estimated,0.9921913770600722,0.9921913770600722,0.17905290634629506,3.9074354750744202,3.1233034900555974,0.8085206842996274,0.40524333680622426,1.007916059404863,True,True,True,1.1288128032305167e-07,9,2.342586881978337,1.0479613416417535,1.0050953318129647
near_active,300,157,known,0.9784417736366432,1.0,0.263648949910485,3.8860835912961256,3.8660835912961256,0.02,0.4018495362990816,0.9039866464882744,True,True,True,2.3477795056505473,7,6.467467909007041,1.0163170401551345,0.9872052851266414
near_active,300,157,estimated,0.9784417736366432,0.9784417736366432,0.263648949910485,3.8554213795363355,3.919928076334022,0.02,0.40569132449793543,0.9168540907764798,True,True,True,2.504416086116275,7,6.467467909007041,1.0163170401551345,0.9872052851266414
near_active,300,158,known,0.9981464518931242,1.0,0.23550215717236694,3.9525299970029337,3.9325299970029337,0.02,0.4006672366091927,0.9056289635348987,True,True,True,1.7380553691313794,7,0.5560644320627306,1.040548501900128,1.0079573624580556
near_active,300,158,estimated,0.9981464518931242,0.9981464518931242,0.23550215717236694,3.950061655172857,3.937359740866629,0.02,0.40098025460558717,0.9067056535425186,True,True,True,1.7486902785532341,7,0.5560644320627306,1.040548501900128,1.0079573624580556
near_active,300,159,known,0.9856453049656548,1.0,0.17292856697250264,3.786138296910974,2.5097235717073683,1.2764147252036055,0.3934434048260649,0.9773312389093013,True,True,True,2.8072090207942324e-08,10,4.30640851030355,1.0433903867644754,0.99900625881103
near_active,300,159,estimated,0.9856453049656548,0.9856453049656548,0.17292856697250264,3.7658569357493334,2.542807483918224,1.2595506777938057,0.39564148043447195,0.9844554120644267,True,True,True,2.14988779556613e-07,10,4.30640851030355,1.0433903867644754,0.99900625881103
near_active,1000,0,known,0.9874273709347172,1.0,0.21173468429458758,4.175706269168334,4.0957150974283865,0.07999117173994774,0.21895736116674158,0.511221777912241,True,True,True,5.581328323955859e-07,9,12.572629065282781,1.0015758902646255,0.9907010300561278
near_active,1000,0,estimated,0.9874273709347172,0.9874273709347172,0.21173468429458758,4.163311495281703,4.149273292475953,0.06620547680253491,0.22007535285399285,0.5152185783213098,True,True,True,3.6380069201591425e-07,9,12.572629065282781,1.0015758902646255,0.9907010300561278
near_active,1000,1,known,0.9994160000843905,1.0,0.160692739221899,4.295001524171882,3.818371107967221,0.47663041620466134,0.22360628565848212,0.5504761841229429,True,True,True,2.1417279150170998e-07,7,0.5839999156095343,1.0180586113688816,1.003729494172028
near_active,1000,1,estimated,0.9994160000843905,0.9994160000843905,0.160692739221899,4.294443124253921,3.8204347876835114,0.47623947016400836,0.22365461905495326,0.5506527011028747,True,True,True,1.3172978441389205e-07,9,0.5839999156095343,1.0180586113688816,1.003729494172028
near_active,1000,2,known,0.9892561867118516,1.0,0.21979644421876193,4.019932940880782,3.888344386385169,0.13158855449561283,0.22092946057425233,0.5210234676241342,True,True,True,9.784177024130258e-09,10,10.743813288148441,1.0028857624049523,0.9924097735818469
near_active,1000,2,estimated,0.9892561867118516,0.9892561867118516,0.21979644421876193,4.00805626983363,3.9316461917109926,0.11865095072144037,0.22190934126519637,0.5243923227760868,True,True,True,1.4347282473181622e-08,10,10.743813288148441,1.0028857624049523,0.9924097735818469
near_active,1000,3,known,0.9990635780643268,1.0,0.16540817489153256,4.2446242484649686,3.7501048348271184,0.49451941363784996,0.22024459428976179,0.5347008325251119,True,True,True,1.0678723327828266e-06,9,0.9364219356732262,1.0171747281058436,1.0032541035992013
near_active,1000,3,estimated,0.9990635780643268,0.9990635780643268,0.16540817489153256,4.243695884150215,3.753387457529699,0.4938231809688277,0.22032117501188228,0.5349780147263273,True,True,True,1.0970118031750076e-06,9,0.9364219356732262,1.0171747281058436,1.0032541035992013
near_active,1000,4,known,0.9972397151947817,1.0,0.22623356387967689,4.0555112605230415,4.035511260523042,0.02,0.21415096900602074,0.48005087124036205,True,True,True,1.191554906935382,9,2.7602848052182827,1.010481482783022,1.0003035717184257
near_active,1000,4,estimated,0.9972397151947817,0.9972397151947817,0.22623356387967689,4.051718256903908,4.042877750929153,0.02,0.21438316087929182,0.48089932364957544,True,True,True,1.2266579205556347,6,2.7602848052182827,1.010481482783022,1.0003035717184257
near_active,1000,5,known,0.9976463486266802,1.0,0.2172991659006985,3.983176894271662,3.841171660365078,0.14200523390658418,0.21860887659168385,0.5080297653762452,True,True,True,6.773274163762721e-09,10,2.353651373319776,1.0114325601896044,1.000836177624352
near_active,1000,5,estimated,0.9976463486266802,0.9976463486266802,0.2172991659006985,3.980567214352179,3.850495653440177,0.13913428529468347,0.2188194960200569,0.5087465765879469,True,True,True,1.8799150680592902e-08,7,2.353651373319776,1.0114325601896044,1.000836177624352
near_active,1000,6,known,0.9951127008952729,1.0,0.1941100797199856,3.6714933125073195,2.7281803635618123,0.9433129489455074,0.21468770634828982,0.5200875909582571,False,False,True,3.7233914353217706e-09,9,4.887299104727072,1.01054586272734,0.998683598303382
near_active,1000,6,estimated,0.9951127008952729,0.9951127008952729,0.1941100797199856,3.664464875010747,2.741019771580082,0.9368412869063473,0.21511229685471053,0.5214417227344176,False,False,True,2.889163770447567e-07,9,4.887299104727072,1.01054586272734,0.998683598303382
near_active,1000,7,known,0.99946025736832,1.0,0.17322305649438144,4.4732597327079935,4.453259732707994,0.02,0.22656854018328204,0.5484268135617494,True,True,True,0.5656911048353335,9,0.5397426316799958,1.0167543308835922,1.0034617291965373
near_active,1000,7,estimated,0.99946025736832,0.99946025736832,0.17322305649438144,4.472751757984786,4.455156395822414,0.02,0.22661453807751347,0.5486065424877906,True,True,True,0.5683620337596449,9,0.5397426316799958,1.0167543308835922,1.0034617291965373
near_active,1000,8,known,0.9997972213204407,1.0,0.20833847360182436,4.187000839731578,4.167000839731578,0.02,0.21832006496953285,0.4985064892069912,True,True,True,2.0334829474658647,7,0.20277867955931228,1.01417638145233,1.0031242456984952
near_active,1000,8,estimated,0.9997972213204407,0.9997972213204407,0.20833847360182436,4.186758986858338,4.1676040881122525,0.02,0.21833729385602918,0.4985699261916186,True,True,True,2.0357651840639255,7,0.20277867955931228,1.01417638145233,1.0031242456984952
near_active,1000,9,known,0.9944960266807598,1.0,0.19284307490081834,4.395917270624338,4.375917270624338,0.02,0.219604406313836,0.504505191740344,True,True,True,1.8994867259939372,7,5.503973319240241,1.0100305864521943,0.9980903853628977
near_active,1000,9,estimated,0.9944960266807598,0.9944960266807598,0.19284307490081834,4.390400226798892,4.394587921467706,0.02,0.22005577317013106,0.5062269522682956,True,True,True,1.9485576644720388,7,5.503973319240241,1.0100305864521943,0.9980903853628977
near_active,1000,10,known,0.9937899963676404,1.0,0.16764624741417833,4.595823928891962,4.545944297921901,0.049879630970060845,0.22444324352306955,0.5374172261154838,False,True,True,1.264478957097026e-07,9,6.210003632359573,1.0116593630833348,0.9979245785086143
near_active,1000,10,estimated,0.9937899963676404,0.9937899963676404,0.16764624741417833,4.591350685688764,4.573125839871798,0.04662397389380671,0.22495374731255824,0.5394121543953424,False,True,True,1.3512030072604375e-07,9,6.210003632359573,1.0116593630833348,0.9979245785086143
near_active,1000,11,known,0.9985453421368227,1.0,0.19978976882223717,4.300784875336328,4.2807848753363285,0.02,0.22068240095055222,0.5045371787065277,True,True,True,5.407972440873509,7,1.4546578631773333,1.013539764980464,1.0020147249017464
near_active,1000,11,estimated,0.9985453421368227,0.9985453421368227,0.19978976882223717,4.299398473121105,4.285632602284708,0.02,0.2208100619772838,0.5050010177022101,True,True,True,5.429021638312098,7,1.4546578631773333,1.013539764980464,1.0020147249017464
near_active,1000,12,known,0.9897541077466581,1.0,0.19645732637349494,4.21045907838184,4.055164088356184,0.15529499002565617,0.22413328555078496,0.5396651129821347,True,True,True,2.918500618953601e-08,10,10.245892253341937,1.0050028761629535,0.9932823405357075
near_active,1000,12,estimated,0.9897541077466581,0.9897541077466581,0.19645732637349494,4.2004587449548625,4.09688853921833,0.14554648428331457,0.2250528754268682,0.5429606648806712,True,True,True,1.483930578416448e-08,10,10.245892253341937,1.0050028761629535,0.9932823405357075
near_active,1000,13,known,0.9970213115181867,1.0,0.22458777148706424,3.9170855950159837,3.7662805846358087,0.1508050103801752,0.21760730311102916,0.5040094306122479,True,True,True,9.079991647453767e-09,10,2.978688481813263,1.010360115557776,1.0001076201625552
near_active,1000,13,estimated,0.9970213115181867,0.9970213115181867,0.22458777148706424,3.9136751806556385,3.778084021389297,0.1468448946241762,0.2178801563348111,0.504930453827914,True,True,True,4.796759385250482e-07,7,2.978688481813263,1.010360115557776,1.0001076201625552
near_active,1000,14,known,0.9924354895150671,1.0,0.17574700891095527,4.271113355658024,3.9140636277663217,0.35704972789170153,0.2226245635935243,0.5404990960264492,True,True,True,1.353539473392118e-06,9,7.564510484932896,1.0094811979576603,0.9963794950765565
near_active,1000,14,estimated,0.9924354895150671,0.9924354895150671,0.17574700891095527,4.263759936303351,3.9423959830898094,0.35118624896338196,0.22326195300003993,0.5428136354575552,True,True,True,2.0739428840954588e-08,10,7.564510484932896,1.0094811979576603,0.9963794950765565
near_active,1000,15,known,0.9927880402293032,1.0,0.19577824679862368,4.14872133706285,3.8791545051769907,0.269566831885859,0.2185257397636979,0.5151153497880675,True,True,True,2.9654820821178873e-09,10,7.211959770696774,1.0080897007689207,0.9963285111033371
near_active,1000,15,estimated,0.9927880402293032,0.9927880402293032,0.19577824679862368,4.141391171010214,3.907398750961842,0.26217242264837887,0.2191553769652774,0.5173535439838836,True,True,True,3.867309139593544e-09,10,7.211959770696774,1.0080897007689207,0.9963285111033371
near_active,1000,16,known,0.9991135340714677,1.0,0.171295020698518,4.314094825933084,4.0340549902230185,0.280039835710065,0.22327593027670903,0.5412625614493468,True,True,True,2.7542328417951012e-08,10,0.886465928532254,1.0166022635239516,1.003160045042618
near_active,1000,16,estimated,0.9991135340714677,0.9991135340714677,0.171295020698518,4.313277670043153,4.037445831002277,0.27941089720835444,0.22334982673556739,0.5415332445928119,True,True,True,5.684150483631356e-08,7,0.886465928532254,1.0166022635239516,1.003160045042618
near_active,1000,17,known,0.9977134714809527,1.0,0.21949436625756671,4.12487370572953,4.10487370572953,0.02,0.2174325393660451,0.49016919638022316,True,True,True,4.728115901180501,9,2.286528519047315,1.0113618048055477,1.0008713984582063
near_active,1000,17,estimated,0.9977134714809527,0.9977134714809527,0.21949436625756671,4.122205730222328,4.1116070369714794,0.02,0.21763715405518264,0.4909010498278435,True,True,True,4.765570541778759,8,2.286528519047315,1.0113618048055477,1.0008713984582063
near_active,1000,18,known,0.992125959084751,1.0,0.18094423401399054,3.932977667506971,3.1472810822800477,0.7856965852269235,0.21871663058350443,0.535745161510856,True,True,True,3.9366215577558765e-07,8,7.874040915249014,1.0086820670473975,0.9959566817620282
near_active,1000,18,estimated,0.992125959084751,0.992125959084751,0.18094423401399054,3.9232325677176854,3.1710073908657272,0.7771938187901918,0.21939940754775775,0.538059369280972,True,True,True,3.643852144463722e-07,6,7.874040915249014,1.0086820670473975,0.9959566817620282
near_active,1000,19,known,0.9900619051560573,1.0,0.2037844088692325,4.312586494781856,4.292586494781856,0.02,0.2222537587921617,0.5127163721365948,True,True,True,4.2701273233157835,8,9.938094843942702,1.0047624030507532,0.9934632800914909
near_active,1000,19,estimated,0.9900619051560573,0.9900619051560573,0.2037844088692325,4.30249696301115,4.325484033582856,0.02,0.22312224812957593,0.5158904462587449,True,True,True,4.3969973168436285,8,9.938094843942702,1.0047624030507532,0.9934632800914909
near_active,1000,20,known,0.9882720304556518,1.0,0.18477975428459276,4.404465820267089,4.296534004152641,0.1079318161144479,0.2226931951438562,0.5314165539461978,True,True,True,3.0175077281313634e-07,7,11.727969544348182,1.0044844790821397,0.992023237849793
near_active,1000,20,estimated,0.9882720304556518,0.9882720304556518,0.18477975428459276,4.394478181283902,4.346487009769954,0.09896663878943444,0.22369442881549698,0.5351678805607134,True,True,True,8.58862938546423e-07,9,11.727969544348182,1.0044844790821397,0.992023237849793
near_active,1000,21,known,0.978574775525481,1.0,0.23496409717498426,4.016868383878763,3.900738064970042,0.1161303189087214,0.2182630714604759,0.5069319856477297,True,True,True,3.879787602301121e-09,10,21.425224474519,0.9913245203144604,0.981524788692998
near_active,1000,21,estimated,0.978574775525481,0.978574775525481,0.23496409717498426,3.9928658748123236,3.990602289189707,0.08776313545703553,0.2202470597234239,0.5137762896591852,True,True,True,4.2056885840580094e-07,9,21.425224474519,0.9913245203144604,0.981524788692998
near_active,1000,22,known,0.9965229336802535,1.0,0.20234361921568664,4.224080501020571,4.204080501020571,0.02,0.22244114583575697,0.5214682975323397,True,True,True,0.9108176299663377,9,3.4770663197465357,1.0113281066091844,0.9999485281380708
near_active,1000,22,estimated,0.9965229336802535,0.9965229336802535,0.20234361921568664,4.219882589271299,4.21453681327808,0.02,0.22273657082555404,0.5225684789846137,True,True,True,0.9397223281139855,7,3.4770663197465357,1.0113281066091844,0.9999485281380708
near_active,1000,23,known,0.9966386272768208,1.0,0.20858714763807487,4.186827790380808,4.166827790380808,0.02,0.21919957565144943,0.5053524172229994,True,True,True,0.749292134893734,9,3.361372723179157,1.011000644819493,0.9999616852332135
near_active,1000,23,estimated,0.9966386272768208,0.9966386272768208,0.20858714763807487,4.18261062381784,4.176649900868891,0.02,0.2194798069914254,0.5063937182798652,True,True,True,0.7800421233081822,9,3.361372723179157,1.011000644819493,0.9999616852332135
near_active,1000,24,known,0.9885473941897589,1.0,0.20168225637734613,4.355262084110646,4.335262084110647,0.02,0.22179934850681718,0.5105474277020858,True,True,True,4.383824715933082,8,11.452605810241101,1.003401116710341,0.9919842219653421
near_active,1000,24,estimated,0.9885473941897589,0.9885473941897589,0.20168225637734613,4.344147028616013,4.374243515314919,0.02,0.22279493940661216,0.5142142509827292,True,True,True,4.529453933862035,8,11.452605810241101,1.003401116710341,0.9919842219653421
near_active,1000,25,known,0.9992905686263466,1.0,0.20063686479069415,4.221365309490327,4.201365309490328,0.02,0.22203425439018035,0.5193014796341824,True,True,True,1.2735581440224775,9,0.7094313736534241,1.0142216844842382,1.0027453035340268
near_active,1000,25,estimated,0.9992905686263466,0.9992905686263466,0.20063686479069415,4.220523227129364,4.203505325686726,0.02,0.22209433083414487,0.5195245081743048,True,True,True,1.2797667168504958,9,0.7094313736534241,1.0142216844842382,1.0027453035340268
near_active,1000,26,known,0.9955164780288204,1.0,0.19262526769301025,4.072120620653004,3.7061005943317173,0.3660200263212861,0.21909461604831904,0.5219305882225046,True,True,True,8.022198905166533e-09,10,4.483521971179627,1.01106860319616,0.9991149009608763
near_active,1000,26,estimated,0.9955164780288204,0.9955164780288204,0.19262526769301025,4.067259971032559,3.7225625016222477,0.3613876601754246,0.21948418707687303,0.5232891400703447,True,True,True,1.992059850408623e-09,10,4.483521971179627,1.01106860319616,0.9991149009608763
near_active,1000,27,known,0.9976207519121071,1.0,0.21031563571758466,4.150095958906447,4.130095958906447,0.02,0.21890246038303227,0.5064999019156908,True,True,True,0.21757153935892215,8,2.3792480878929156,1.0118647345971448,1.0009164991740496
near_active,1000,27,estimated,0.9976207519121071,0.9976207519121071,0.21031563571758466,4.146989095858004,4.136831644638445,0.02,0.21910229552653296,0.5072449478651857,True,True,True,0.238453325738885,8,2.3792480878929156,1.0118647345971448,1.0009164991740496
near_active,1000,28,known,0.9970149602273036,1.0,0.2096801205829889,4.151926479491928,4.131926479491929,0.02,0.22094451827707207,0.5148717223212866,True,True,True,1.272100364208065,9,2.985039772696374,1.0113021147044412,1.0003206965013611
near_active,1000,28,estimated,0.9970149602273036,0.9970149602273036,0.2096801205829889,4.148138766904906,4.1404983190661016,0.02,0.2212015493872125,0.5158183470998723,True,True,True,1.3013714291475134,7,2.985039772696374,1.0113021147044412,1.0003206965013611
near_active,1000,29,known,0.9986111347020024,1.0,0.1900337432295631,3.969454637917568,3.4801972324246133,0.48925740549295466,0.2197408628742416,0.5306973521586412,True,True,True,5.562289562277556e-08,9,1.3888652979976435,1.0143753470078933,1.0022586299772105
near_active,1000,29,estimated,0.9986111347020024,0.9986111347020024,0.1900337432295631,3.967837456474437,3.4849196093562784,0.48775793102990533,0.2198625852364102,0.5311132929895072,True,True,True,7.30010754068644e-08,9,1.3888652979976435,1.0143753470078933,1.0022586299772105
near_active,1000,30,known,0.9983933681176413,1.0,0.22619329009598332,3.7551386167720078,3.4043186742821634,0.3508199424898442,0.21403266222369613,0.49330591358767206,True,True,True,1.3212924976357954e-08,10,1.6066318823586556,1.0116374934066046,1.0014577701618657
near_active,1000,30,estimated,0.9983933681176413,0.9983933681176413,0.22619329009598332,3.7530775931236176,3.4100657974234436,0.34849051613125503,0.2141793677496196,0.4937853089058359,True,True,True,1.2440054986129212e-08,10,1.6066318823586556,1.0116374934066046,1.0014577701618657
near_active,1000,31,known,0.9901125179907481,1.0,0.20162233569949423,4.322198649508737,4.302198649508737,0.02,0.22272363568501014,0.5181057283385235,True,True,True,3.943488468726492,7,9.887482009251936,1.0049706549286066,0.9935503671663128
near_active,1000,31,estimated,0.9901125179907481,0.9901125179907481,0.20162233569949423,4.312232126662328,4.335095303483918,0.02,0.22360877580447971,0.5213815006283288,True,True,True,4.0655883400100645,8,9.887482009251936,1.0049706549286066,0.9935503671663128
near_active,1000,32,known,0.9997886239094138,1.0,0.19885723750092313,4.028249645894527,3.7103307640708407,0.3179188818236865,0.21690401997835992,0.5063123556098647,True,True,True,7.023227688307543e-08,7,0.21137609058619056,1.0148533623680283,1.0032742761756872
near_active,1000,32,estimated,0.9997886239094138,0.9997886239094138,0.19885723750092313,4.028017578013401,3.711114338050037,0.3176876808038598,0.2169222042486198,0.5063748369941166,True,True,True,6.151251952246639e-09,10,0.21137609058619056,1.0148533623680283,1.0032742761756872
near_active,1000,33,known,0.9991289965688541,1.0,0.25767729704358094,3.734684453011183,3.714684453011183,0.02,0.2168529131010007,0.48828045201929793,True,True,True,2.0025021241825556,6,0.8710034311458781,1.0107549034994414,1.001818978140815
near_active,1000,33,estimated,0.9991289965688541,0.9991289965688541,0.25767729704358094,3.733188580218873,3.716425599667782,0.02,0.2169330499813831,0.4885550814770748,True,True,True,2.017233215654984,7,0.8710034311458781,1.0107549034994414,1.001818978140815
near_active,1000,34,known,0.9993135646851055,1.0,0.18890444827618993,4.339732427669493,4.319732427669494,0.02,0.2226178709389302,0.5250539435279454,True,True,True,0.7540009423631604,9,0.6864353148945401,1.015172017468462,1.002982865153597
near_active,1000,34,estimated,0.9993135646851055,0.9993135646851055,0.18890444827618993,4.3389942477706915,4.321960994426863,0.02,0.2226758662362452,0.5252753582328634,True,True,True,0.7588151009817321,9,0.6864353148945401,1.015172017468462,1.002982865153597
near_active,1000,35,known,0.9973377041587909,1.0,0.19227402797450957,4.368383960885854,4.3483839608858545,0.02,0.22150313114929182,0.5116922940181571,True,True,True,3.225609196701325,8,2.662295841209139,1.0129182394245895,1.000942700568664
near_active,1000,35,estimated,0.9973377041587909,0.9973377041587909,0.19227402797450957,4.36580313413422,4.357403832235249,0.02,0.22172823297318703,0.5125328516998525,True,True,True,3.2535806932731166,8,2.662295841209139,1.0129182394245895,1.000942700568664
near_active,1000,36,known,0.9986232386509241,1.0,0.20537831944558776,3.914450653987001,3.508440457864345,0.40601019612265604,0.2143775324282966,0.4982413584826424,True,True,True,9.345340945543512e-09,10,1.376761349075939,1.0132096481689339,1.0019982160216176
near_active,1000,36,estimated,0.9986232386509241,0.9986232386509241,0.20537831944558776,3.9128238188198723,3.513344043124095,0.40431681198035696,0.21449749576585572,0.49864629103833574,True,True,True,9.156811309196655e-09,10,1.376761349075939,1.0132096481689339,1.0019982160216176
near_active,1000,37,known,0.9955493401190937,1.0,0.21261481160569057,4.15438034902822,4.134380349028221,0.02,0.2191309898619498,0.5047849431186107,True,True,True,0.46843547103220096,9,4.450659880906316,1.0096392911010121,0.9988094478007985
near_active,1000,37,estimated,0.9955493401190937,0.9955493401190937,0.21261481160569057,4.148570031941374,4.147027038808031,0.02,0.21950160694774695,0.5061581396124877,True,True,True,0.5090349271282208,9,4.450659880906316,1.0096392911010121,0.9988094478007985
near_active,1000,38,known,0.9909124526641365,1.0,0.1981276843887723,4.309932098147245,4.289932098147245,0.02,0.22337259735940593,0.5272518698302947,True,True,True,1.1512182807555646,5,9.087547335863476,1.006032663061769,0.9944109399285403
near_active,1000,38,estimated,0.9909124526641365,0.9909124526641365,0.1981276843887723,4.299689865584948,4.318938422944132,0.02,0.2241489060089642,0.5301819829097852,True,True,True,1.2233752151027257,7,9.087547335863476,1.006032663061769,0.9944109399285403
near_active,1000,39,known,0.9910496056366799,1.0,0.2191291380943671,3.8396262170011717,3.4292756825304953,0.4103505344706766,0.21470472566716717,0.4999842310032697,True,True,True,1.5483042403729996e-08,10,8.950394363320125,1.0047206869890095,0.9942127960119437
near_active,1000,39,estimated,0.9910496056366799,0.9910496056366799,0.2191291380943671,3.8283906075618255,3.4611274772315,0.39824158619327094,0.21550962907221202,0.5026606245729865,True,True,True,1.4315931107233837e-08,10,8.950394363320125,1.0047206869890095,0.9942127960119437
near_active,1000,40,known,0.996191711812462,1.0,0.1941502618763029,3.9231326413829333,3.382302468384837,0.5408301729980964,0.21781073108372362,0.522683439932548,True,True,True,3.096790779366643e-08,7,3.808288187537978,1.0116216795323234,0.9997618701725963
near_active,1000,40,estimated,0.996191711812462,0.996191711812462,0.1941502618763029,3.9185517291871337,3.3950403215527944,0.5364406995871238,0.21814589442530005,0.523820007809727,True,True,True,1.5549527564676688e-07,9,3.808288187537978,1.0116216795323234,0.9997618701725963
near_active,1000,41,known,0.997969438421207,1.0,0.17815399604993026,4.253130600774829,3.9735941515503757,0.27953644922445303,0.22253904459616383,0.5365676091360505,True,True,True,2.560872935930547e-08,10,2.030561578793,1.0147848472246919,1.0018601576637083
near_active,1000,41,estimated,0.997969438421207,0.997969438421207,0.17815399604993026,4.251188057349874,3.9813679962968203,0.2779044739373704,0.22271121513593328,0.5371904231164056,True,True,True,2.4431592304807737e-08,10,2.030561578793,1.0147848472246919,1.0018601576637083
near_active,1000,42,known,0.999207699444445,1.0,0.14973549765627825,4.281445688946876,3.556066828941976,0.7253788600049003,0.22050181027849847,0.5440934745121471,True,True,True,3.7312186762505917e-07,10,0.7923005555550144,1.0192145269532484,1.0038368434444274
near_active,1000,42,estimated,0.999207699444445,0.999207699444445,0.14973549765627825,4.280655946164331,3.5585992903769252,0.7248761359821693,0.22056458910613072,0.5443223115633515,True,True,True,3.115492148708654e-07,10,0.7923005555550144,1.0192145269532484,1.0038368434444274
near_active,1000,43,known,0.9990236865677264,1.0,0.20335855814525436,4.221505790255869,4.20150579025587,0.02,0.2182806972283006,0.5036305699571516,True,True,True,0.308656686891593,8,0.9763134322735567,1.013754968599212,1.002432184281724
near_active,1000,43,estimated,0.9990236865677264,0.9990236865677264,0.20335855814525436,4.220317563688108,4.204422397749984,0.02,0.21836233948118638,0.503939428213193,True,True,True,0.31692331866033463,8,0.9763134322735567,1.013754968599212,1.002432184281724
near_active,1000,44,known,0.9982320291139168,1.0,0.1710311902064798,4.2369985360567455,3.835169221378139,0.4018293146786061,0.222899422715561,0.5437582457345556,True,True,True,5.912575888738076e-07,9,1.7679708860831589,1.0157477364532468,1.0022847821803202
near_active,1000,44,estimated,0.9982320291139168,0.9982320291139168,0.1710311902064798,4.23525472666243,3.8415735544882352,0.4004729623752773,0.22304809321954258,0.5442939923127378,True,True,True,6.374755021417537e-07,9,1.7679708860831589,1.0157477364532468,1.0022847821803202
near_active,1000,45,known,0.9985348182348698,1.0,0.18487315979261393,4.331428416299905,4.198763819870958,0.1326645964289466,0.21898063972854498,0.5115426537901664,True,True,True,2.1783093394399243e-08,7,1.465181765130219,1.0147390756669088,1.0022841303650758
near_active,1000,45,estimated,0.9985348182348698,0.9985348182348698,0.18487315979261393,4.3301569616131275,4.204888654354286,0.1314292334396046,0.21910376950665236,0.5119978606798564,True,True,True,1.2718743174258395e-07,9,1.465181765130219,1.0147390756669088,1.0022841303650758
near_active,1000,46,known,0.9950449753005695,1.0,0.16331046095910393,4.298549981562571,3.806583408732444,0.491966572830127,0.2223658823409161,0.5450144572280466,True,True,True,4.328882634592862e-07,9,4.955024699430544,1.0133887620730786,0.9992893279065762
near_active,1000,46,estimated,0.9950449753005695,0.9950449753005695,0.16331046095910393,4.293766923751525,3.8241779475079682,0.48853787242847624,0.22277482546987817,0.5465115219098284,True,True,True,2.3489040135160622e-07,9,4.955024699430544,1.0133887620730786,0.9992893279065762
near_active,1000,47,known,0.9979707405111875,1.0,0.23809486233786928,3.7088934018673747,3.41154129484952,0.2973521070178548,0.21134208106714403,0.47778292571707504,False,True,True,6.130852314711888e-08,9,2.029259488812496,1.0105528359169376,1.0008819632639756
near_active,1000,47,estimated,0.9979707405111875,0.9979707405111875,0.23809486233786928,3.7062286037211063,3.4189455649044116,0.29422096654601065,0.21152651900454308,0.47837882887121086,False,True,True,7.061446716249975e-08,10,2.029259488812496,1.0105528359169376,1.0008819632639756
near_active,1000,48,known,0.9963006628953467,1.0,0.197229230189697,3.865293228586701,3.257026408279431,0.6082668203072702,0.2145949609479229,0.5074243056515418,True,True,True,8.471322003877901e-07,9,3.699337104653311,1.011489751605335,0.9998150871005889
near_active,1000,48,estimated,0.9963006628953467,0.9963006628953467,0.197229230189697,3.860677758344323,3.269024425110806,0.6037465565853474,0.21491733518946984,0.5085019503637876,True,True,True,8.155819575250689e-09,10,3.699337104653311,1.011489751605335,0.9998150871005889
near_active,1000,49,known,0.9970482105796366,1.0,0.16884958808303707,4.400089099849914,4.1574807084710415,0.24260839137887194,0.2224846215798977,0.5361477007583406,True,True,True,2.522713238306551e-08,9,2.9517894203634487,1.0147902276468073,1.0011533267864885
near_active,1000,49,estimated,0.9970482105796366,0.9970482105796366,0.16884958808303707,4.397540624046504,4.16917176376889,0.24067537738158395,0.22272747241654317,0.5370581404223217,True,True,True,1.5998816809137395e-06,9,2.9517894203634487,1.0147902276468073,1.0011533267864885
near_active,1000,50,known,0.9964439277566607,1.0,0.19644670956098606,4.324827168565717,4.304827168565717,0.02,0.22047987275830327,0.5102947777526265,True,True,True,2.764211709955354,7,3.5560722433393144,1.0116935202810087,0.9999723512263587
near_active,1000,50,estimated,0.9964439277566607,0.9964439277566607,0.19644670956098606,4.321168092265434,4.316517941906524,0.02,0.22078528013550047,0.5114412178177318,True,True,True,2.802026173552882,7,3.5560722433393144,1.0116935202810087,0.9999723512263587
near_active,1000,51,known,0.9973479595668966,1.0,0.1350351318046286,4.524225479198596,3.9136181886267805,0.6106072905718152,0.2282441626093305,0.5838347042093677,True,True,True,8.445342203344808e-10,9,2.6520404331034086,1.0195327957167089,1.0024810473144823
near_active,1000,51,estimated,0.9973479595668966,0.9973479595668966,0.1350351318046286,4.521959126921635,3.9226079155633755,0.6097541261535454,0.2284529023613711,0.5846382567163567,True,True,True,3.1137175371398484e-07,11,2.6520404331034086,1.0195327957167089,1.0024810473144823
near_active,1000,52,known,0.9972800755702703,1.0,0.1902396321722129,4.053859608014461,3.648012013959117,0.4058475940553442,0.21832198882556736,0.5199235970425349,True,True,True,2.1673915587569714e-08,8,2.719924429729681,1.013027226883316,1.000923623303439
near_active,1000,52,estimated,0.9972800755702703,0.9972800755702703,0.1902396321722129,4.050861045289886,3.6577468757632507,0.4030629646117908,0.21855507869461066,0.5207323964423397,True,True,True,5.005007075453705e-09,10,2.719924429729681,1.013027226883316,1.000923623303439
near_active,1000,53,known,0.9973866132604542,1.0,0.21430539028850873,4.115351019078471,4.095351019078471,0.02,0.2193455804647416,0.5076664868702837,True,True,True,1.3648932316653664,9,2.613386739545809,1.0113654136514336,1.000621003117036
near_active,1000,53,estimated,0.9973866132604542,0.9973866132604542,0.21430539028850873,4.111955048605733,4.102676930091475,0.02,0.21957340951592294,0.5085049208842297,True,True,True,1.3931909767894748,7,2.613386739545809,1.0113654136514336,1.000621003117036
near_active,1000,54,known,0.9965142674233116,1.0,0.15720728742175383,4.438396584196147,4.014275596960093,0.42412098723605274,0.22063262067077982,0.5311378148714806,True,True,True,1.1661173502375277e-06,9,3.485732576688383,1.0155702051135096,1.0009233962361535
near_active,1000,54,estimated,0.9965142674233116,0.9965142674233116,0.15720728742175383,4.435373952777062,4.02727363108622,0.422138320581958,0.22090831681915452,0.5321797769459825,True,True,True,1.1314900953962592e-06,9,3.485732576688383,1.0155702051135096,1.0009233962361535
near_active,1000,55,known,0.9924504330657774,1.0,0.2156566542304776,4.155953366209508,4.135953366209509,0.02,0.21919938290970034,0.5041644585740246,True,True,True,0.32899568497082754,7,7.549566934222596,1.0063416449286509,0.9956645568452327
near_active,1000,55,estimated,0.9924504330657774,0.9924504330657774,0.2156566542304776,4.1459733867221065,4.157359651682118,0.02,0.2198303003413572,0.506502176324388,True,True,True,0.3979771602847948,7,7.549566934222596,1.0063416449286509,0.9956645568452327
near_active,1000,56,known,0.9978200115858261,1.0,0.2138456974313334,4.034255149051043,3.916041495882892,0.11821365316815174,0.2187807048719851,0.5090430145352624,True,True,True,1.0639571161874528e-06,10,2.1799884141738834,1.0118288614693545,1.0010613542403002
near_active,1000,56,estimated,0.9978200115858261,0.9978200115858261,0.2138456974313334,4.031946884030775,3.9248881165097074,0.11561497814198797,0.21897726766746775,0.5097220033665396,True,True,True,1.457385163661229e-07,9,2.1799884141738834,1.0118288614693545,1.0010613542403002
near_active,1000,57,known,0.999835850321305,1.0,0.2069297924316369,4.091353693329567,3.937084032688751,0.1542696606408162,0.21580309526737615,0.49390074231493625,True,True,True,1.6181832362960336e-07,9,0.16414967869504693,1.014312897044984,1.00318552352406
near_active,1000,57,estimated,0.999835850321305,0.999835850321305,0.2069297924316369,4.09118518772538,3.93774501525152,0.15408655205289631,0.21581716644525442,0.4939498473700464,True,True,True,1.6084424991902324e-07,9,0.16414967869504693,1.014312897044984,1.00318552352406
near_active,1000,58,known,0.9932802841460957,1.0,0.1843209891559712,4.440536560433707,4.420536560433708,0.02,0.22355174185091323,0.5300001324757722,True,True,True,1.4486293261876106,7,6.719715853904296,1.0095330846940518,0.9970408280957238
near_active,1000,58,estimated,0.9932802841460957,0.9932802841460957,0.1843209891559712,4.434033953097108,4.44389566927906,0.02,0.22412345591205238,0.5322133398298143,True,True,True,1.4970268212510298,8,6.719715853904296,1.0095330846940518,0.9970408280957238
near_active,1000,59,known,0.9928456925276476,1.0,0.2213525093538821,3.92472132736824,3.624284880484352,0.30043644688388815,0.21053064885236988,0.4754472086439348,True,True,True,1.1999524929251493e-08,10,7.15430747235235,1.006379454951658,0.9959771102946439
near_active,1000,59,estimated,0.9928456925276476,0.9928456925276476,0.2213525093538821,3.916379068490858,3.651691287624219,0.2908131031324127,0.21115417734073583,0.4775674124710309,True,True,True,4.253390262221046e-08,9,7.15430747235235,1.006379454951658,0.9959771102946439
near_active,1000,60,known,0.997644056187418,1.0,0.20481884198773453,4.249332318670379,4.229332318670379,0.02,0.2187291041249159,0.49953154517329695,True,True,True,2.0676063591231086,7,2.355943812581973,1.0122703095363819,1.0010282525525231
near_active,1000,60,estimated,0.997644056187418,0.997644056187418,0.20481884198773453,4.246667513350193,4.236648819923575,0.02,0.21892989577158387,0.5002781001259641,True,True,True,2.093234105573151,7,2.355943812581973,1.0122703095363819,1.0010282525525231
near_active,1000,61,known,0.9990652792735962,1.0,0.19249511222307056,4.2739465948802655,4.2312845400966115,0.04266205478365383,0.22234162527452273,0.5253965560968963,True,True,True,5.505520483950477e-10,7,0.9347207264037705,1.0146279200022732,1.0026661352774449
near_active,1000,61,estimated,0.9990652792735962,0.9990652792735962,0.19249511222307056,4.273099195239873,4.235211190076837,0.04184674484309748,0.22242205592323677,0.5256875802660103,True,True,True,1.1062806124506608e-06,9,0.9347207264037705,1.0146279200022732,1.0026661352774449
near_active,1000,62,known,0.993701938249623,1.0,0.20777625994055202,4.1172426645383995,3.957859348078099,0.15938331646030093,0.21684860731562391,0.5014362725325283,True,True,True,3.2066687527532167e-07,9,6.298061750376949,1.0081200063889337,0.9970379650929124
near_active,1000,62,estimated,0.993701938249623,0.993701938249623,0.20777625994055202,4.110770944850116,3.9834048023444857,0.1524538719275436,0.21739441796504205,0.5033552121642836,True,True,True,2.6316384627023126e-08,6,6.298061750376949,1.0081200063889337,0.9970379650929124
near_active,1000,63,known,0.9995275463964565,1.0,0.21237947436771945,4.1145860523899875,4.094586052389988,0.02,0.21951927441734762,0.5080710662463429,True,True,True,0.35097622453834054,8,0.4724536035435323,1.0136331104227008,1.0027912665964596
near_active,1000,63,estimated,0.9995275463964565,0.9995275463964565,0.21237947436771945,4.113957773387477,4.0958928927443825,0.02,0.2195597534741858,0.5082206141600356,True,True,True,0.3553557991390517,8,0.4724536035435323,1.0136331104227008,1.0027912665964596
near_active,1000,64,known,0.9911112602795202,1.0,0.22393925593178995,4.07275422643965,4.046335709054587,0.026418517385063237,0.2181850300201468,0.503662781561021,True,True,True,2.3405895088757234e-07,9,8.888739720479766,1.004488692749272,0.9942065067010367
near_active,1000,64,estimated,0.9911112602795202,0.9911112602795202,0.22393925593178995,4.062119486488232,4.078371065371859,0.02,0.21897114503727308,0.5064715118232934,True,True,True,0.03601547404763705,9,8.888739720479766,1.004488692749272,0.9942065067010367
near_active,1000,65,known,0.9886548823779824,1.0,0.24664744172929193,3.930120204578517,3.910120204578517,0.02,0.21680703899381,0.4888771074212629,True,True,True,3.3845375361049648,7,11.34511762201762,1.000800689577726,0.991465157545242
near_active,1000,65,estimated,0.9886548823779824,0.9886548823779824,0.24664744172929193,3.9133234774911707,3.9380005570059744,0.02,0.2178311754524247,0.4924656200579914,True,True,True,3.578321670619791,8,11.34511762201762,1.000800689577726,0.991465157545242
near_active,1000,66,known,0.985721891520255,1.0,0.19964753767642965,4.317604300315305,4.295297943809655,0.022306356505650018,0.2242481422654224,0.5342651784664971,True,True,True,9.395842708315172e-07,9,14.278108479744978,1.0007269965589618,0.9891937459123855
near_active,1000,66,estimated,0.985721891520255,0.985721891520255,0.19964753767642965,4.301430268053043,4.343446467897651,0.02,0.22546378937319772,0.5388665291336934,True,True,True,0.0718155388400783,7,14.278108479744978,1.0007269965589618,0.9891937459123855
near_active,1000,67,known,0.9945864132488463,1.0,0.2037586556749899,4.106156738661942,3.92075022578126,0.18540651288068197,0.2182694048217379,0.512753423990557,True,True,True,4.262750152861372e-09,10,5.413586751153665,1.0092887691494095,0.9979882180863575
near_active,1000,67,estimated,0.9945864132488463,0.9945864132488463,0.2037586556749899,4.100617527834434,3.942566311451323,0.1793946411323275,0.2187511241065769,0.5144582820624246,True,True,True,4.32024549468224e-09,10,5.413586751153665,1.0092887691494095,0.9979882180863575
near_active,1000,68,known,0.9941961406573468,1.0,0.21770232611544418,4.0407999715435485,3.9671832948448613,0.07361667669868763,0.22081366937703298,0.5197230614636145,True,True,True,1.3146875588176954e-08,10,5.80385934265315,1.0079568217075134,0.9973800624505957
near_active,1000,68,estimated,0.9941961406573468,0.9941961406573468,0.21770232611544418,4.034716947306187,3.991374159190913,0.06650816231911802,0.22135377617193117,0.5216020711144002,True,True,True,1.35345628038408e-08,10,5.80385934265315,1.0079568217075134,0.9973800624505957
near_active,1000,69,known,0.9921197657819131,1.0,0.2027670800493481,4.298194546388614,4.278194546388614,0.02,0.22052723961701423,0.5094376990958511,True,True,True,2.891040759855631,7,7.880234218086923,1.0068940194370177,0.9955382061934003
near_active,1000,69,estimated,0.9921197657819131,0.9921197657819131,0.2027670800493481,4.289766045786581,4.303680052600784,0.02,0.22120853549392616,0.5119759552354445,True,True,True,2.979759412851857,8,7.880234218086923,1.0068940194370177,0.9955382061934003
near_active,1000,70,known,0.9986618789809553,1.0,0.2011425674944763,4.220561025547749,4.200561025547749,0.02,0.2211049976974656,0.5171460669365284,True,True,True,0.5264004419304067,9,1.3381210190447357,1.0135554557651745,1.0021079281648455
near_active,1000,70,estimated,0.9986618789809553,0.9986618789809553,0.2011425674944763,4.218936575506297,4.2045627893506206,0.02,0.22121809264865228,0.5175704774352974,True,True,True,0.5371097862119947,9,1.3381210190447357,1.0135554557651745,1.0021079281648455
near_active,1000,71,known,0.9996215415348478,1.0,0.17872287337389894,4.485474705945412,4.465474705945413,0.02,0.22661643803663137,0.5316654782671697,True,True,True,5.557932802680826,9,0.37845846515216497,1.0163834266646081,1.0034998765653609
near_active,1000,71,estimated,0.9996215415348478,0.9996215415348478,0.17872287337389894,4.485190767497001,4.4668812965365055,0.02,0.22664957515724776,0.5317875975000623,True,True,True,5.56238188721994,9,0.37845846515216497,1.0163834266646081,1.0034998765653609
near_active,1000,72,known,0.9977630410617105,1.0,0.18978798717781417,4.195463985716289,4.009513105490918,0.18595088022537093,0.22285778226190942,0.5345406921073268,True,True,True,1.7578270394835727e-08,10,2.2369589382894572,1.0135476664118244,1.001415259470616
near_active,1000,72,estimated,0.9977630410617105,0.9977630410617105,0.18978798717781417,4.193307291389822,4.018449135303126,0.18384726179797337,0.2230561325533761,0.5352518183773063,True,True,True,1.4184821983675988e-08,10,2.2369589382894572,1.0135476664118244,1.001415259470616
near_active,1000,73,known,0.9905008842755436,1.0,0.18908372000742144,4.104593605011956,3.6671741950111265,0.4374194100008293,0.21948414801404545,0.5255214928017156,True,True,True,1.705935948059789e-08,10,9.499115724456386,1.0063443015376772,0.9941667058520005
near_active,1000,73,estimated,0.9905008842755436,0.9905008842755436,0.18908372000742144,4.0942181928968076,3.7012409022348844,0.42813580631634396,0.2202964702667126,0.5283625480617316,True,True,True,1.0631600266819419e-08,10,9.499115724456386,1.0063443015376772,0.9941667058520005
near_active,1000,74,known,0.9960692949823913,1.0,0.16560160454508496,4.32123593404595,3.8890320189653202,0.43220391508062966,0.21975941437315047,0.5305219091271824,True,True,True,1.5855658559438268e-06,9,3.9307050176087266,1.014159290437347,1.0002549258068272
near_active,1000,74,estimated,0.9960692949823913,0.9960692949823913,0.16560160454508496,4.3175653004941426,3.903522118649557,0.4293867758227076,0.22008147898101338,0.5317138975593708,True,True,True,7.349356345720537e-08,9,3.9307050176087266,1.014159290437347,1.0002549258068272
near_active,1000,75,known,0.9993526858160857,1.0,0.1820075402464301,4.120473038893007,3.702899497223865,0.41757354166914196,0.21851355709606635,0.5210060665592454,True,True,True,8.328204237351144e-10,7,0.6473141839142826,1.0158120713420804,1.003161029028798
near_active,1000,75,estimated,0.9993526858160857,0.9993526858160857,0.1820075402464301,4.119791450345791,3.7052226919785785,0.4169672015702915,0.21856820313992897,0.521198440324379,True,True,True,5.91275639560962e-09,10,0.6473141839142826,1.0158120713420804,1.003161029028798
near_active,1000,76,known,0.9981455868977126,1.0,0.21223733841023906,3.94949895370533,3.680751249991274,0.26874770371405615,0.21621142125852563,0.5010395750864465,True,True,True,1.6450167228398982e-08,7,1.8544131022874,1.012260597460856,1.001411492820544
near_active,1000,76,estimated,0.9981455868977126,0.9981455868977126,0.21223733841023906,3.947392277596515,3.6877922547375097,0.26643871313470463,0.21637687782589898,0.5016012939330896,True,True,True,7.063111651106624e-09,10,1.8544131022874,1.012260597460856,1.001411492820544
near_active,1000,77,known,0.9997489933833626,1.0,0.23891135920560277,3.9060207216274363,3.8860207216274363,0.02,0.21547786887116022,0.4849146400812062,True,True,True,2.1720325293206812,8,0.25100661663735035,1.0122880885670953,1.0026502668216148
near_active,1000,77,estimated,0.9997489933833626,0.9997489933833626,0.23891135920560277,3.905645429685723,3.8866209972724,0.02,0.2155003900090772,0.4849942526191809,True,True,True,2.175928632648585,8,0.25100661663735035,1.0122880885670953,1.0026502668216148
near_active,1000,78,known,0.990840477253597,1.0,0.19521837499232772,4.227562957427619,4.096398195314137,0.13116476211348174,0.22419473043061564,0.5398990033174818,True,True,True,3.006019344553579e-08,10,9.15952274640297,1.0061860218196335,0.99439110193525
near_active,1000,78,estimated,0.990840477253597,0.990840477253597,0.19521837499232772,4.218738373217677,4.133908470588559,0.12269453129702126,0.22501156514092074,0.5428341625185966,True,True,True,1.5772735117991488e-08,10,9.15952274640297,1.0061860218196335,0.99439110193525
near_active,1000,79,known,0.9924931747445376,1.0,0.190467873993853,3.8914066945363897,3.185354216418519,0.7060524781178708,0.215393496399143,0.5174458736309027,True,True,True,4.766085378321413e-10,9,7.506825255462424,1.0082214559015514,0.9961323563347217
near_active,1000,79,estimated,0.9924931747445376,0.9924931747445376,0.190467873993853,3.8820063387532286,3.2088510293077697,0.6972435933932833,0.21604553886209665,0.5196454649460175,True,True,True,2.6897121419011683e-08,9,7.506825255462424,1.0082214559015514,0.9961323563347217
near_active,1000,80,known,0.9985766764731956,1.0,0.19140436078095596,3.957129375524805,3.438953625434258,0.5181757500905472,0.2169162655446668,0.5163659205626021,True,True,True,8.876076824648749e-07,9,1.4233235268044098,1.0142280036494993,1.0021980525888274
near_active,1000,80,estimated,0.9985766764731956,0.9985766764731956,0.19140436078095596,3.955463300459991,3.4437756557515677,0.516589251620291,0.21703938092052466,0.5167856058431669,True,True,True,9.608326405619039e-07,9,1.4233235268044098,1.0142280036494993,1.0021980525888274
near_active,1000,81,known,0.9988048128942002,1.0,0.2335982747797447,3.9357847659127465,3.9157847659127465,0.02,0.21742272567338872,0.49540652217606884,True,True,True,1.2564606791720756,9,1.1951871057997998,1.0116291039827308,1.001772074451305
near_active,1000,81,estimated,0.9988048128942002,0.9988048128942002,0.2335982747797447,3.9339865565100154,3.9186701004859996,0.02,0.21752742378696938,0.4957800183730519,True,True,True,1.271993577189165,9,1.1951871057997998,1.0116291039827308,1.001772074451305
near_active,1000,82,known,0.9885956949468816,1.0,0.2568204561718257,3.8384595063951825,3.8184595063951825,0.02,0.21457553309507804,0.48230554526110936,True,True,True,1.1037769256030177,9,11.404305053118403,1.0002603898789306,0.9912946512173128
near_active,1000,82,estimated,0.9885956949468816,0.9885956949468816,0.2568204561718257,3.819492979841179,3.8433234124546036,0.02,0.21560021318900235,0.48592234124597,True,True,True,1.2818913114477324,6,11.404305053118403,1.0002603898789306,0.9912946512173128
near_active,1000,83,known,0.9937258934717993,1.0,0.22583088099747448,4.078952188764666,4.058952188764667,0.02,0.21769648463406097,0.49336444781226596,True,True,True,3.851840376123621,8,6.274106528200707,1.0069912726808876,0.9967952132100848
near_active,1000,83,estimated,0.9937258934717993,0.9937258934717993,0.22583088099747448,4.07099247830783,4.076569308418441,0.02,0.2182538081005059,0.49535777856509833,True,True,True,3.949340574156888,8,6.274106528200707,1.0069912726808876,0.9967952132100848
near_active,1000,84,known,0.9970485659640017,1.0,0.17080345160947472,4.020039457576017,3.252146174236015,0.7678932833400015,0.21745843725541622,0.5298493226035099,True,True,True,1.4705637463308108e-07,8,2.9514340359982905,1.014587627647623,1.0011067227168569
near_active,1000,84,estimated,0.9970485659640017,0.9970485659640017,0.17080345160947472,4.016581794993541,3.261115577916546,0.7650911845889815,0.2177028355774493,0.5306904923053561,True,True,True,5.235208404317137e-09,7,2.9514340359982905,1.014587627647623,1.0011067227168569
near_active,1000,85,known,0.9999408018992096,1.0,0.21833659696578808,3.9862773034644152,3.8938310269455063,0.09244627651890892,0.21808222628999765,0.5069922263951364,True,True,True,6.421995379923828e-09,10,0.05919810079035859,1.0136615079795714,1.003115474355374
near_active,1000,85,estimated,0.9999408018992096,0.9999408018992096,0.21833659696578808,3.986213839794627,3.8940734817984324,0.09237087975065549,0.21808766062068316,0.5070109485772942,True,True,True,1.0167918396142284e-08,10,0.05919810079035859,1.0136615079795714,1.003115474355374
near_active,1000,86,known,0.9961538885250972,1.0,0.21673685263588188,4.123797617675623,4.103797617675624,0.02,0.21859555811641804,0.500146176711822,True,True,True,1.622399043812715,7,3.846111474902769,1.0099758677460782,0.9993519933795791
near_active,1000,86,estimated,0.9961538885250972,0.9961538885250972,0.21673685263588188,4.118822449581421,4.11464784386891,0.02,0.21892299830971937,0.501341256095161,True,True,True,1.6658758014311719,7,3.846111474902769,1.0099758677460782,0.9993519933795791
near_active,1000,87,known,0.9983796647184712,1.0,0.17846571975610756,4.131379101002782,3.6701562834004116,0.46122281760237066,0.2199877621540454,0.5294026646831955,True,True,True,1.0168829571721716e-06,9,1.6203352815288286,1.0151657022703773,1.0022635880932638
near_active,1000,87,estimated,0.9983796647184712,0.9983796647184712,0.17846571975610756,4.129676390454723,3.675885941140388,0.4597466169956406,0.22012573661580312,0.5298893305430131,True,True,True,1.0853233440855092e-06,9,1.6203352815288286,1.0151657022703773,1.0022635880932638
near_active,1000,88,known,0.9995199519505534,1.0,0.26171921461355724,3.7202697953525496,3.7002697953525496,0.02,0.21776252479376917,0.48578565938611995,False,True,True,4.919061508046154,8,0.48004804944656865,1.0109663116608152,1.0021683902074976
near_active,1000,88,estimated,0.9995199519505534,0.9995199519505534,0.26171921461355724,3.719482412000769,3.701259194257468,0.02,0.21780781588229944,0.4859365784295289,False,True,True,4.929275494666782,8,0.48004804944656865,1.0109663116608152,1.0021683902074976
near_active,1000,89,known,0.9982701775314557,1.0,0.21566042293964424,4.13467215207679,4.114672152076791,0.02,0.21583643365635988,0.4883557232238776,True,True,True,0.6367111044199547,9,1.729822468544251,1.0121611466426144,1.0014842451434531
near_active,1000,89,estimated,0.9982701775314557,0.9982701775314557,0.21566042293964424,4.132411463948694,4.119537532532481,0.02,0.21597912764470528,0.48888441136461125,True,True,True,0.6547479794749971,9,1.729822468544251,1.0121611466426144,1.0014842451434531
near_active,1000,90,known,0.9983668508135657,1.0,0.18049311937207843,4.050806928930747,3.510525902875479,0.540281026055268,0.21861558601129272,0.5268265841548048,True,True,True,3.352098246058942e-07,9,1.6331491864343128,1.0149643382079656,1.0022071477898236
near_active,1000,90,estimated,0.9983668508135657,0.9983668508135657,0.18049311937207843,4.04898014343071,3.5160318408037643,0.538690507167232,0.21875405033851805,0.5273070726894791,True,True,True,3.771305396860214e-07,9,1.6331491864343128,1.0149643382079656,1.0022071477898236
near_active,1000,91,known,0.9667316678768882,1.0,0.20121166118728004,3.8794901225923715,2.9651182568477132,0.9143718657446581,0.21632956355648392,0.5265386770622649,True,False,True,1.8912349242228288e-08,9,33.268332123111755,0.9816201303838683,0.9701765337284494
near_active,1000,91,estimated,0.9667316678768882,0.9667316678768882,0.20121166118728004,3.8335071524546858,3.061255186438962,0.8740948202717737,0.21919491954191056,0.5359999555764828,True,True,True,1.8152097174262138e-06,8,33.268332123111755,0.9816201303838683,0.9701765337284494
near_active,1000,92,known,0.999756620357069,1.0,0.18280298938325107,4.0199265544785865,3.5097864228005613,0.5101401316780254,0.22189983115947212,0.5399953455210433,True,True,True,1.835134244565495e-08,7,0.24337964293097425,1.016144384494084,1.003548391940775
near_active,1000,92,estimated,0.999756620357069,0.999756620357069,0.18280298938325107,4.019650699405155,3.510605866223714,0.5098992431836334,0.22192097205388744,0.5400679713318149,True,True,True,1.0407954942337483e-08,9,0.24337964293097425,1.016144384494084,1.003548391940775
near_active,1000,93,known,0.9991634617743382,1.0,0.1520999244493089,4.270085949861738,3.5841301870718065,0.6859557627899313,0.22193851903407857,0.5492092311143285,True,True,True,2.4691937037246703e-06,9,0.8365382256617648,1.018859278747294,1.0037206447122624
near_active,1000,93,estimated,0.9991634617743382,0.9991634617743382,0.1520999244493089,4.269243865103302,3.586816866726347,0.68542750779442,0.22200508973349248,0.5494500894859057,True,True,True,2.7184873241381524e-08,9,0.8365382256617648,1.018859278747294,1.0037206447122624
near_active,1000,94,known,0.9955906407506024,1.0,0.2186389710608376,3.6075929155423125,2.9156527383015356,0.6919401772407769,0.21159348225288813,0.4945602849455755,False,False,True,1.8551789260357054e-07,9,4.40935924939756,1.0092923713204944,0.9987609226870605
near_active,1000,94,estimated,0.9955906407506024,0.9955906407506024,0.2186389710608376,3.601218600887974,2.928846404793802,0.6852865320792142,0.21199117262318254,0.4958203507008433,False,False,True,5.015679809261542e-07,9,4.40935924939756,1.0092923713204944,0.9987609226870605
near_active,1000,95,known,0.9911965389181192,1.0,0.21302188104523753,3.8946642007205803,3.4969779091704654,0.3976862915501149,0.21582441414327308,0.5065091589579283,True,True,True,1.4265489234333018e-08,7,8.803461081880792,1.0052595650206717,0.9944504167693469
near_active,1000,95,estimated,0.9911965389181192,0.9911965389181192,0.21302188104523753,3.88390967196522,3.528463931654852,0.38650843521151196,0.21660623017663938,0.5091372257932177,True,True,True,1.338173039044932e-08,7,8.803461081880792,1.0052595650206717,0.9944504167693469
near_active,1000,96,known,0.9954339364364654,1.0,0.19865648352027776,4.349958259740686,4.329958259740686,0.02,0.22039720855270237,0.502349035602659,True,True,True,5.070402134281359,7,4.566063563534617,1.0105138986932634,0.99892311115796
near_active,1000,96,estimated,0.9954339364364654,0.9954339364364654,0.19865648352027776,4.345733893371193,4.345576069926653,0.02,0.22079375004583915,0.5038033545636036,True,True,True,5.133425397734664,7,4.566063563534617,1.0105138986932634,0.99892311115796
near_active,1000,97,known,0.9989019405388596,1.0,0.1782319598181368,4.1235556340050135,3.659571026706818,0.4639846072981949,0.21988868763698263,0.5298867547218108,True,True,True,9.881654037775502e-09,7,1.0980594611403882,1.0157099938005236,1.0027909578692376
near_active,1000,97,estimated,0.9989019405388596,0.9989019405388596,0.1782319598181368,4.122393771922614,3.6634306972092805,0.4629857394506358,0.21998194770479731,0.5302151673096615,True,True,True,1.0186417882529497e-06,9,1.0980594611403882,1.0157099938005236,1.0027909578692376
near_active,1000,98,known,0.9947074000901651,1.0,0.21137836055033696,3.905662287615087,3.5482669085295315,0.35739537908555546,0.21696045065396488,0.5096827136558257,True,True,True,1.4031367623346114e-08,7,5.292599909834883,1.008879769796101,0.997986577668964
near_active,1000,98,estimated,0.9947074000901651,0.9947074000901651,0.21137836055033696,3.8993324010774955,3.567451783708998,0.3507617123572962,0.21743393233557817,0.5112767012560883,True,True,True,1.678895822365689e-08,10,5.292599909834883,1.008879769796101,0.997986577668964
near_active,1000,99,known,0.9791800675969226,1.0,0.20266163298437234,4.35717849106021,4.33717849106021,0.02,0.22251249764440836,0.5282117779171807,True,True,True,0.07348996199008528,9,20.819932403077445,0.9939620084578501,0.9826002866603571
near_active,1000,99,estimated,0.9791800675969226,0.9791800675969226,0.20266163298437234,4.3330869233885885,4.40479444600384,0.02,0.22431077201653785,0.5352033463328335,True,True,True,0.21555445809352403,8,20.819932403077445,0.9939620084578501,0.9826002866603571
near_active,1000,100,known,0.9980338689057843,1.0,0.18778684160365758,4.308623442292357,4.235552998135828,0.07307044415652883,0.2230062349154985,0.5299609086976023,True,True,True,4.939656950142535e-08,7,1.9661310942157284,1.0139867027037817,1.0017250070847994
near_active,1000,100,estimated,0.9980338689057843,0.9980338689057843,0.18778684160365758,4.306882571384823,4.24379307480562,0.07143335010099576,0.22317625493165819,0.5305812775264677,True,True,True,1.4060314952324404e-06,9,1.9661310942157284,1.0139867027037817,1.0017250070847994
near_active,1000,101,known,0.9925130658711927,1.0,0.17626486419297904,4.014710323672687,3.271233756491608,0.7434765671810785,0.21815797784758012,0.5317414823620589,True,True,True,4.0985527327563887e-07,8,7.486934128807299,1.0095086950754009,0.9964454841879882
near_active,1000,101,estimated,0.9925130658711927,0.9925130658711927,0.17626486419297904,4.005895169459853,3.294545902822226,0.7360153147963892,0.21879345367366873,0.5339317682403004,True,True,True,1.3846491953017903e-08,7,7.486934128807299,1.0095086950754009,0.9964454841879882
near_active,1000,102,known,0.9983078848017465,1.0,0.20369953226293552,4.212508537260571,4.192508537260571,0.02,0.22127019401378656,0.5149237647868173,True,True,True,2.059057779001028,7,1.6921151982535187,1.0130145080338857,1.0017106770068127
near_active,1000,102,estimated,0.9983078848017465,0.9983078848017465,0.20369953226293552,4.210533137073819,4.19763602078132,0.02,0.2214171303368914,0.5154668406588055,True,True,True,2.076600853094674,7,1.6921151982535187,1.0130145080338857,1.0017106770068127
near_active,1000,103,known,0.9961714319576491,1.0,0.23155534206988693,3.744519525149679,3.401631143681823,0.3428883814678556,0.2120310731991648,0.483400562644176,True,True,True,2.710241808756564e-09,10,3.828568042350877,1.009108867331737,0.9991648726373754
near_active,1000,103,estimated,0.9961714319576491,0.9961714319576491,0.23155534206988693,3.739550884122934,3.4154330369962818,0.3371940649028855,0.21237731501333243,0.48452884037157545,True,True,True,1.7623689174683932e-09,10,3.828568042350877,1.009108867331737,0.9991648726373754
near_active,1000,104,known,0.9937110013172937,1.0,0.253336875967264,3.8313377792309993,3.8113377792309993,0.02,0.21466421676268346,0.48042606868704324,True,True,True,1.7640516526511827,7,6.2889986827062705,1.0055360949287784,0.996447070347566
near_active,1000,104,estimated,0.9937110013172937,0.9937110013172937,0.253336875967264,3.821088475138099,3.825144805782828,0.02,0.21522314208944732,0.4823794826081136,True,True,True,1.8663529316563094,7,6.2889986827062705,1.0055360949287784,0.996447070347566
near_active,1000,105,known,0.9978559765718095,1.0,0.21475920770466858,4.121031899427088,4.101031899427088,0.02,0.21796848874368827,0.5001702885478803,True,True,True,0.999621360903332,9,2.1440234281905335,1.0118052377260676,1.0010835316925806
near_active,1000,105,estimated,0.9978559765718095,0.9978559765718095,0.21475920770466858,4.118228783624735,4.1070343615162095,0.02,0.21815091144882764,0.5008433234624362,True,True,True,1.0221841794692548,7,2.1440234281905335,1.0118052377260676,1.0010835316925806
near_active,1000,106,known,0.997604072536264,1.0,0.2457654432381312,3.863638000434743,3.8427934576325806,0.020844542802162015,0.21275597977019933,0.4752962499818807,True,True,True,7.442935157087049e-13,8,2.3959274637359584,1.0097934683849363,1.0004244331672267
near_active,1000,106,estimated,0.997604072536264,0.997604072536264,0.2457654432381312,3.8600009883309543,3.8492234485052843,0.02,0.21296476931720795,0.47603151704127905,True,True,True,0.025023657703052704,9,2.3959274637359584,1.0097934683849363,1.0004244331672267
near_active,1000,107,known,0.9932810488235261,1.0,0.2219291548728009,4.0410257515408565,4.021025751540857,0.02,0.2220090631664453,0.5227880285100698,True,True,True,0.253319926657702,10,6.71895117647392,1.006779646046009,0.9964043301290275
near_active,1000,107,estimated,0.9932810488235261,0.9932810488235261,0.2219291548728009,4.031365523978109,4.038500008360473,0.02,0.22261404684228955,0.5250052967132979,True,True,True,0.3175868713735892,8,6.71895117647392,1.006779646046009,0.9964043301290275
near_active,1000,108,known,0.991782228711181,1.0,0.22051257666258772,4.1338957480593495,4.11389574805935,0.02,0.2188370199325298,0.4999983859850724,True,True,True,3.2803286483260177,7,8.217771288818954,1.0053675412538658,0.9949255740525244
near_active,1000,108,estimated,0.991782228711181,0.991782228711181,0.22051257666258772,4.123738900091298,4.13774191681585,0.02,0.21956207769596142,0.502622792206502,True,True,True,3.394514147446083,7,8.217771288818954,1.0053675412538658,0.9949255740525244
near_active,1000,109,known,0.9930195790819129,1.0,0.17786599838482292,3.8089842841448935,2.773436902810093,1.0355473813348004,0.21509056697241577,0.5265501527190616,True,False,True,3.602527609558592e-08,9,6.980420918087149,1.0098622151155439,0.9969165981122746
near_active,1000,109,estimated,0.9930195790819129,0.9930195790819129,0.17786599838482292,3.7995589572031245,2.791626723194314,1.0274189635828872,0.21568108554715146,0.5284897709444819,True,False,True,5.779053466634518e-09,6,6.980420918087149,1.0098622151155439,0.9969165981122746
near_active,1000,110,known,0.9974372266608437,1.0,0.16179766908494594,4.434547837669285,4.140450407799477,0.29409742986980825,0.22419792795285443,0.5458579596008025,True,True,True,4.7600701202910045e-07,9,2.5627733391563323,1.015952525988062,1.0017212635352934
near_active,1000,110,estimated,0.9974372266608437,0.9974372266608437,0.16179766908494594,4.432352347438116,4.15033851719663,0.2926502071418317,0.22440710828770957,0.5466432285358125,True,True,True,5.019221487323478e-07,9,2.5627733391563323,1.015952525988062,1.0017212635352934
near_active,1000,111,known,0.9924359794864139,1.0,0.1969723735744473,4.148985049308772,3.8978598631477572,0.25112518616101465,0.21879705221051635,0.5146763951968573,True,True,True,1.719606679273511e-09,10,7.564020513586067,1.0076448751258917,0.9959549865836096
near_active,1000,111,estimated,0.9924359794864139,0.9924359794864139,0.1969723735744473,4.141123096326719,3.927107371615299,0.2437204454293738,0.2194388076511192,0.5169360064216728,True,True,True,1.0347351873107868e-06,9,7.564020513586067,1.0076448751258917,0.9959549865836096
near_active,1000,112,known,0.998499200160715,1.0,0.19044071362811077,4.211955391966077,4.0214046386495825,0.19055075331649457,0.2197793404206257,0.5157593754467035,True,True,True,8.575779872899147e-07,9,1.500799839284972,1.0142297244613327,1.0021389007654582
near_active,1000,112,estimated,0.998499200160715,0.998499200160715,0.19044071362811077,4.210489313460422,4.027319263729471,0.18921424983470558,0.21990502483748844,0.5162062107356724,True,True,True,8.249756895395421e-07,9,1.500799839284972,1.0142297244613327,1.0021389007654582
near_active,1000,113,known,0.9949339675238549,1.0,0.2034920437691983,4.002078214695545,3.691711636746686,0.3103665779488591,0.21955705372549458,0.5211926972659138,True,True,True,5.96727622870219e-09,10,5.066032476145121,1.0096555862076386,0.9983402293497281
near_active,1000,113,estimated,0.9949339675238549,0.9949339675238549,0.2034920437691983,3.9963716285163478,3.7105421226218667,0.30462723279178805,0.22000736964467346,0.5227375286178887,True,True,True,2.5503457123932094e-09,10,5.066032476145121,1.0096555862076386,0.9983402293497281
near_active,1000,114,known,0.994006641048344,1.0,0.2603343458696091,3.768193004138596,3.748193004138596,0.02,0.21463551859581123,0.47957708429425655,True,True,True,1.7393222589951343,7,5.99335895165598,1.005513890556845,0.9966691678780045
near_active,1000,114,estimated,0.994006641048344,0.994006641048344,0.2603343458696091,3.757967028706691,3.760505085523763,0.02,0.215174342286873,0.481441741248691,True,True,True,1.841450330697867,7,5.99335895165598,1.005513890556845,0.9966691678780045
near_active,1000,115,known,0.9966893806540594,1.0,0.2102940014011057,4.183574469611464,4.163574469611464,0.02,0.2186824383655512,0.502363224848745,True,True,True,1.6954755862215425,7,3.3106193459405686,1.0109348287105642,0.9999854669710336
near_active,1000,115,estimated,0.9966893806540594,0.9966893806540594,0.2102940014011057,4.179549731519943,4.173366158261176,0.02,0.2189687659179352,0.5034237439792685,True,True,True,1.7318425336896892,7,3.3106193459405686,1.0109348287105642,0.9999854669710336
near_active,1000,116,known,0.9996422473521142,1.0,0.18273397445093403,3.9203143872797344,3.2044635935071475,0.7158507937725868,0.21368746048101053,0.50703015193355,True,True,True,5.436280881010447e-07,9,0.35775264788584504,1.0160362008167358,1.0034354510113825
near_active,1000,116,estimated,0.9996422473521142,0.9996422473521142,0.18273397445093403,3.919878007149271,3.2055671353665294,0.7154576719133948,0.21371729823928404,0.5071306488905676,True,True,True,5.576392019257526e-07,9,0.35775264788584504,1.0160362008167358,1.0034354510113825
near_active,1000,117,known,0.9952741790582096,1.0,0.19675522901718717,3.864793911868077,3.259389495699093,0.6054044161689842,0.21640359696201947,0.5181817037004551,True,True,True,3.968128914344504e-08,9,4.725820941790415,1.010499859659015,0.9987970698297651
near_active,1000,117,estimated,0.9952741790582096,0.9952741790582096,0.19675522901718717,3.8588838972832726,3.27470949546151,0.5996500925336944,0.2168218955566703,0.5195853078072585,True,True,True,1.7765430904148616e-08,7,4.725820941790415,1.010499859659015,0.9987970698297651
near_active,1000,118,known,0.990697009228831,1.0,0.17304510640774304,3.830206546720359,2.7202576402602547,1.1099489064601042,0.2179278513316485,0.5425056242021147,True,False,True,4.345333981525812e-08,10,9.302990771169029,1.0080088670198002,0.9947025959509813
near_active,1000,118,estimated,0.990697009228831,0.990697009228831,0.17304510640774304,3.8175979702241287,2.743523059884178,1.0995978800465427,0.2187132502159043,0.5450838019184002,True,False,True,2.1400602956411774e-08,10,9.302990771169029,1.0080088670198002,0.9947025959509813
near_active,1000,119,known,0.9875407966169643,1.0,0.22072121110772647,3.969218223264244,3.7308569514303276,0.23836127183391645,0.21799987126897036,0.5097635490907177,True,True,True,1.1741306593648915e-08,10,12.459203383035744,1.0011132677832804,0.9906811707435889
near_active,1000,119,estimated,0.9875407966169643,0.9875407966169643,0.22072121110772647,3.9548135641131457,3.779211203222084,0.22268832189945265,0.219125037354385,0.5135952894997933,True,True,True,1.0616169277000154e-08,10,12.459203383035744,1.0011132677832804,0.9906811707435889
near_active,1000,120,known,0.9995798378069428,1.0,0.17602161415439943,4.51766410500452,4.49766410500452,0.02,0.22215218480386684,0.5176388815608498,True,True,True,1.4828531515731653,9,0.42016219305718305,1.0165989538282643,1.0035176904615148
near_active,1000,120,estimated,0.9995798378069428,0.9995798378069428,0.17602161415439943,4.517294127244229,4.499184514476801,0.02,0.22218585259965642,0.5177695768320171,True,True,True,1.4855382165042763,9,0.42016219305718305,1.0165989538282643,1.0035176904615148
near_active,1000,121,known,0.9854112638965875,1.0,0.1593095697479016,4.319845213290447,3.684424751838114,0.6354204614523328,0.22346911548002843,0.558600932488604,True,True,True,2.6731227897869303e-08,9,14.588736103412492,1.0042157354565482,0.9897622089255447
near_active,1000,121,estimated,0.9854112638965875,0.9854112638965875,0.1593095697479016,4.305291419470564,3.733887899200555,0.6258762254711702,0.22467070963091657,0.5630293566617149,True,True,True,3.943133286554712e-08,9,14.588736103412492,1.0042157354565482,0.9897622089255447
near_active,1000,122,known,0.9964134440877417,1.0,0.1940221285969338,3.833930345967464,3.142818292172079,0.6911120537953849,0.21408166091208203,0.5095923914171018,True,True,True,1.637602764503754e-08,7,3.5865559122583157,1.0118536018430326,0.9999859602000657
near_active,1000,122,estimated,0.9964134440877417,0.9964134440877417,0.1940221285969338,3.8293196707556976,3.1538870925086377,0.6867441706452918,0.2143902366882982,0.5106165875681731,True,True,True,1.171341993570176e-07,9,3.5865559122583157,1.0118536018430326,0.9999859602000657
near_active,1000,123,known,0.9945898136407124,1.0,0.18203846863655912,4.457855361940027,4.437855361940027,0.02,0.22313214301470075,0.5267930476150107,True,True,True,0.3059461990200223,8,5.410186359287583,1.011046402712196,0.9983975098147767
near_active,1000,123,estimated,0.9945898136407124,0.9945898136407124,0.18203846863655912,4.452461304619863,4.456572190695143,0.02,0.2235710003460424,0.5285015756685236,True,True,True,0.33440312398128746,8,5.410186359287583,1.011046402712196,0.9983975098147767
near_active,1000,124,known,0.995250200059878,1.0,0.1991310490111343,4.266190439307664,4.227265589168538,0.03892485013912604,0.22021988842327003,0.5144442988318879,True,True,True,1.862742848857124e-09,7,4.749799940122035,1.0102942240251536,0.998731059443696
near_active,1000,124,estimated,0.995250200059878,0.995250200059878,0.1991310490111343,4.261903819626489,4.247714716606756,0.034364898126326086,0.22063398445839377,0.5159482422424436,True,True,True,3.6415262893996214e-07,9,4.749799940122035,1.0102942240251536,0.998731059443696
near_active,1000,125,known,0.9968954649864954,1.0,0.17990321629457554,4.275407425154794,4.009317187009954,0.2660902381448396,0.22060276650662897,0.5245992282261772,True,True,True,1.4341793503902522e-06,9,3.1045350135046057,1.0135473755818498,1.0007483543057445
near_active,1000,125,estimated,0.9968954649864954,0.9968954649864954,0.17990321629457554,4.272469874415645,4.021345249870597,0.2636090316746613,0.22086122045882128,0.5255352643965627,True,True,True,1.3660967010942215e-06,9,3.1045350135046057,1.0135473755818498,1.0007483543057445
near_active,1000,126,known,0.9925641238832142,1.0,0.24144380668647533,3.713849619230928,3.4111398526749723,0.3027097665559557,0.21287781564445463,0.4855628123584279,False,True,True,4.158398958509224e-09,10,7.435876116785756,1.0049716994374056,0.9954349665445877
near_active,1000,126,estimated,0.9925641238832142,0.9925641238832142,0.24144380668647533,3.70399218907054,3.4384133087662976,0.2911464957065361,0.21356487943022076,0.4877873484427765,False,True,True,1.8887151753688158e-07,10,7.435876116785756,1.0049716994374056,0.9954349665445877
near_active,1000,127,known,0.9924735785597918,1.0,0.17264590863774534,4.167618670801369,3.5959578993626455,0.5716607714387232,0.21957790372936947,0.534100617554497,True,True,True,2.3277029410722417e-07,9,7.526421440208209,1.0098254654199652,0.996488427136449
near_active,1000,127,estimated,0.9924735785597918,0.9924735785597918,0.17264590863774534,4.15966803055151,3.62177438580657,0.5651526451338709,0.2202112754015086,0.536363138715682,True,True,True,8.632460293256372e-07,8,7.526421440208209,1.0098254654199652,0.996488427136449
near_active,1000,128,known,0.9912014144948909,1.0,0.18130900852986934,4.2957473043484455,4.013366641035389,0.2823806633130564,0.2208158011674897,0.526945285914901,True,True,True,3.079079444745503e-07,7,8.798585505109147,1.007724213322399,0.9950244301639979
near_active,1000,128,estimated,0.9912014144948909,0.9912014144948909,0.18130900852986934,4.287403878846516,4.047657922917979,0.2753596202587625,0.22155127643827752,0.5296262037329798,True,True,True,1.3554258055936685e-06,9,8.798585505109147,1.007724213322399,0.9950244301639979
near_active,1000,129,known,0.9976373842425728,1.0,0.20174463999117015,4.263468723172789,4.243468723172789,0.02,0.22072400470319878,0.5085459348735057,True,True,True,2.9085788482045274,7,2.3626157574272444,1.0124865136850456,1.00107314927995
near_active,1000,129,estimated,0.9976373842425728,0.9976373842425728,0.20174463999117015,4.26089710822313,4.250940447107351,0.02,0.2209266105074643,0.5092927735755378,True,True,True,2.9351792079844183,7,2.3626157574272444,1.0124865136850456,1.00107314927995
near_active,1000,130,known,0.9951149272718786,1.0,0.18951860316786628,4.41405229541367,4.394052295413671,0.02,0.22004843341148914,0.5080702188901517,True,True,True,1.0542732903915928,9,4.885072728121442,1.0109219890773127,0.9987723369877257
near_active,1000,130,estimated,0.9951149272718786,0.9951149272718786,0.18951860316786628,4.409093386036388,4.4106396816588305,0.02,0.22044247049205332,0.5095870149953886,True,True,True,1.0901085915482378,9,4.885072728121442,1.0109219890773127,0.9987723369877257
near_active,1000,131,known,0.998592649551597,1.0,0.19327655972767066,4.159006937084858,3.977398538745808,0.18160839833905004,0.22243403663760644,0.5301170639479392,True,True,True,1.2765679846538092e-07,8,1.4073504484030108,1.014092368078122,1.0021789467287436
near_active,1000,131,estimated,0.998592649551597,0.998592649551597,0.19327655972767066,4.157594998472893,3.982921562066689,0.18027880285253253,0.22255651145050612,0.5305489322983157,True,True,True,1.0095541291832433e-08,10,1.4073504484030108,1.014092368078122,1.0021789467287436
near_active,1000,132,known,0.983987025027341,1.0,0.14995646754642494,4.461286407185059,3.8505303055291877,0.6107561016558717,0.22606350996822527,0.5701426157586028,True,True,True,1.2337933554817937e-06,10,16.012974972658967,1.0039643712703534,0.9886093477047231
near_active,1000,132,estimated,0.983987025027341,0.983987025027341,0.14995646754642494,4.446669030777972,3.906283402371217,0.6029368467650387,0.2273671190306977,0.5750852077033172,True,True,True,4.0775941467785515e-07,8,16.012974972658967,1.0039643712703534,0.9886093477047231
near_active,1000,133,known,0.9997861009716861,1.0,0.16546219297990528,4.052812024140811,3.2472911083637075,0.8055209157771038,0.2149899090156288,0.5170635453017658,True,True,True,1.4730857257394857e-07,9,0.21389902831392416,1.0178913383047716,1.0039752584346489
near_active,1000,133,estimated,0.9997861009716861,0.9997861009716861,0.16546219297990528,4.052566618115626,3.2479336470526685,0.8053277009140899,0.21500704082090594,0.5171227014627509,True,True,True,1.491084726769265e-07,9,0.21389902831392416,1.0178913383047716,1.0039752584346489
near_active,1000,134,known,0.9969310468588252,1.0,0.21320510543536825,4.139343683293357,4.119343683293358,0.02,0.21769088583290222,0.5009717178310215,True,True,True,0.14248674032200537,7,3.068953141174835,1.010981987465696,1.0001821283896568
near_active,1000,134,estimated,0.9969310468588252,0.9969310468588252,0.21320510543536825,4.135296222288573,4.127964752682979,0.02,0.2179510295938439,0.5019432629985243,True,True,True,0.1709988767625985,8,3.068953141174835,1.010981987465696,1.0001821283896568
near_active,1000,135,known,0.9913000057862376,1.0,0.19881034757216193,4.0589002660815785,3.668703579975241,0.39019668610633784,0.21561513494536705,0.5038282664168797,True,True,True,4.460712244025444e-09,10,8.69999421376244,1.0063682973019326,0.9947864801525095
near_active,1000,135,estimated,0.9913000057862376,0.9913000057862376,0.19881034757216193,4.049290848051343,3.7008001494334772,0.3806876385042278,0.216360654970342,0.5064188262255667,True,True,True,2.713125706321762e-07,10,8.69999421376244,1.0063682973019326,0.9947864801525095
near_active,1000,136,known,0.9905029173525244,1.0,0.2065162539126616,3.8905977994302496,3.4019250318968153,0.4886727675334344,0.2175644310556282,0.5175700610434857,True,True,True,6.369514862214487e-07,9,9.497082647475619,1.0050089536416629,0.9938592981091359
near_active,1000,136,estimated,0.9905029173525244,0.9905029173525244,0.2065162539126616,3.8788071765505725,3.434393141186425,0.4770307508699188,0.21840731881879927,0.5203934012536875,True,True,True,1.3169147550229354e-08,10,9.497082647475619,1.0050089536416629,0.9938592981091359
near_active,1000,137,known,0.9968397198435645,1.0,0.1888294540234454,4.289180012166736,4.184595358535195,0.10458465363154065,0.22156207874723574,0.5251453485983785,True,True,True,6.484107961668428e-08,7,3.1602801564355465,1.0127044708647799,1.0005104775870777
near_active,1000,137,estimated,0.9968397198435645,0.9968397198435645,0.1888294540234454,4.286323637891464,4.197730418924847,0.10185922311161179,0.22183373560020322,0.5261372504806794,True,True,True,1.0960921639213694e-06,9,3.1602801564355465,1.0127044708647799,1.0005104775870777
near_active,1000,138,known,0.9998914057335507,1.0,0.19974605799292552,4.225194435827343,4.205194435827344,0.02,0.2226049866523171,0.5212710836882964,True,True,True,1.6186214897247777,9,0.10859426644926895,1.014889109836728,1.0033615477104427
near_active,1000,138,estimated,0.9998914057335507,0.9998914057335507,0.19974605799292552,4.225067628840889,4.205524324669962,0.02,0.2226142563853923,0.5213053577385477,True,True,True,1.6196087455702868,9,0.10859426644926895,1.014889109836728,1.0033615477104427
near_active,1000,139,known,0.9985256950673413,1.0,0.19859223293980605,4.2339917715311275,4.213991771531128,0.02,0.22267131399915827,0.5249208181367542,True,True,True,0.4323261226797106,9,1.4743049326586544,1.0136105361470125,1.0020159986421546
near_active,1000,139,estimated,0.9985256950673413,0.9985256950673413,0.19859223293980605,4.232216546052015,4.2184358067700405,0.02,0.22279621746791511,0.5253894129858144,True,True,True,0.4431990998647608,9,1.4743049326586544,1.0136105361470125,1.0020159986421546
near_active,1000,140,known,0.9818498613557527,1.0,0.1986984732174016,4.00972273352272,3.4940836531473223,0.5156390803753975,0.22107933327356588,0.5375741520418584,True,True,True,6.438005684117343e-11,9,18.150138644247306,0.9969266368590867,0.9853382987319249
near_active,1000,140,estimated,0.9818498613557527,0.9818498613557527,0.1986984732174016,3.988177213720897,3.557056380402617,0.4956818997879913,0.22270089219420935,0.5431507239541143,True,True,True,9.45017095688172e-08,9,18.150138644247306,0.9969266368590867,0.9853382987319249
near_active,1000,141,known,0.9997513199110222,1.0,0.19262091402630144,4.298522215552927,4.278522215552927,0.02,0.22218820240686585,0.5216332885280861,True,True,True,0.43491299748391476,9,0.24868008897782623,1.0153037965914358,1.003349824175545
near_active,1000,141,estimated,0.9997513199110222,0.9997513199110222,0.19262091402630144,4.29824040870131,4.279304586546656,0.02,0.22220887089100455,0.5217115580057732,True,True,True,0.4366160242501662,9,0.24868008897782623,1.0153037965914358,1.003349824175545
near_active,1000,142,known,0.9952169668108573,1.0,0.21442706991678,4.008298831209467,3.822709369043614,0.18558946216585334,0.21687477469391556,0.5036792848689688,True,True,True,4.358628458156488e-09,10,4.783033189142749,1.0091878347367988,0.9984495212678526
near_active,1000,142,estimated,0.9952169668108573,0.9952169668108573,0.21442706991678,4.003097239849342,3.8417736461387215,0.1796989245652755,0.2173045658214454,0.5051643682690868,True,True,True,7.269948275601124e-07,9,4.783033189142749,1.0091878347367988,0.9984495212678526
near_active,1000,143,known,0.9993486244964005,1.0,0.2123504824983943,4.031711428795141,3.935244746539407,0.09646668225573449,0.22068631387904744,0.5184040854702551,True,True,True,1.118340131611717e-08,10,0.651375503599505,1.0134561143325804,1.0026127902868653
near_active,1000,143,estimated,0.9993486244964005,0.9993486244964005,0.2123504824983943,4.031022645286258,3.9378847365002163,0.09570295043939692,0.2207455286891631,0.5186085160319974,True,True,True,1.1308970648826744e-08,10,0.651375503599505,1.0134561143325804,1.0026127902868653
near_active,1000,144,known,0.995847589824154,1.0,0.22399196191223916,4.033596699042283,4.013596699042283,0.02,0.2192912637332383,0.506730930935341,True,True,True,1.6022404113686557,9,4.152410175846,1.0092218745439232,0.9989421079249041
near_active,1000,144,estimated,0.995847589824154,0.995847589824154,0.22399196191223916,4.0278283799895345,4.024539920508553,0.02,0.2196601497723242,0.5080665804464584,True,True,True,1.6524822957415655,7,4.152410175846,1.0092218745439232,0.9989421079249041
near_active,1000,145,known,0.9940444025758198,1.0,0.20143205455164734,4.261166023532259,4.2411660235322595,0.02,0.2218125960817173,0.5191292157137585,True,True,True,0.9225260115585829,5,5.95559742418017,1.008916575131583,0.9974854992875759
near_active,1000,145,estimated,0.9940444025758198,0.9940444025758198,0.20143205455164734,4.254165106593511,4.259533171377176,0.02,0.22231866596136798,0.5210296970310879,True,True,True,0.9718478878944317,7,5.95559742418017,1.008916575131583,0.9974854992875759
near_active,1000,146,known,0.9918872155077841,1.0,0.1773050051251106,4.475887753362756,4.43145310176798,0.04443465159477631,0.22595538878202148,0.5456183768498993,True,True,True,1.7863331058798337e-07,8,8.112784492215862,1.0087831416630562,0.9957965647112702
near_active,1000,146,estimated,0.9918872155077841,0.9918872155077841,0.1773050051251106,4.469352192306844,4.466237014423729,0.039348796272291806,0.22664055401254946,0.5482091632922429,True,True,True,1.6531446442868969e-06,9,8.112784492215862,1.0087831416630562,0.9957965647112702
near_active,1000,147,known,0.999295845044617,1.0,0.22841602887154513,4.003098274119708,3.9830982741197083,0.02,0.2159386261075286,0.4866575577114178,True,True,True,1.491494647634573,7,0.7041549553830073,1.0124110904516663,1.002330427092052
near_active,1000,147,estimated,0.999295845044617,0.999295845044617,0.22841602887154513,4.002098047536149,3.9849040374608538,0.02,0.21599824179568,0.4868714516456484,True,True,True,1.500612020500251,7,0.7041549553830073,1.0124110904516663,1.002330427092052
near_active,1000,148,known,0.9890891766582863,1.0,0.16060536552124682,4.33132745613927,3.7770017218996217,0.5543257342396485,0.223011270981766,0.5525249315048102,True,True,True,1.398175609290675e-06,8,10.910823341713671,1.0077419300319441,0.9934050174043929
near_active,1000,148,estimated,0.9890891766582863,0.9890891766582863,0.16060536552124682,4.320730399420746,3.815123268764035,0.5472332666690571,0.22390733405947394,0.5558340788714485,True,True,True,8.78018101891527e-08,9,10.910823341713671,1.0077419300319441,0.9934050174043929
near_active,1000,149,known,0.9939069160941958,1.0,0.2095998958748268,4.233362827281849,4.213362827281849,0.02,0.21649438487055403,0.49275577391767217,True,True,True,0.7424567037959835,9,6.0930839058042086,1.0081995390034315,0.997213917644301
near_active,1000,149,estimated,0.9939069160941958,0.9939069160941958,0.2095998958748268,4.226002907436508,4.231787544013722,0.02,0.21700471828192236,0.49468702752792876,True,True,True,0.8025937265793388,9,6.0930839058042086,1.0081995390034315,0.997213917644301
near_active,1000,150,known,0.9948148086998811,1.0,0.1886410412378689,4.369924617423774,4.349924617423774,0.02,0.22314724671138778,0.5287347502818074,True,True,True,0.18810968032766695,7,5.185191300118852,1.0106954052757688,0.9984892327595211
near_active,1000,150,estimated,0.9948148086998811,0.9948148086998811,0.1886410412378689,4.364296318804682,4.366939736735747,0.02,0.22357776384976574,0.5303937432061174,True,True,True,0.21855306064483582,8,5.185191300118852,1.0106954052757688,0.9984892327595211
near_active,1000,151,known,0.9973634785220884,1.0,0.17222955396147227,4.006533743989507,3.2407307529809715,0.7658029910085353,0.21572690567766606,0.5228241610114681,True,True,True,8.886811286856755e-10,7,2.636521477911602,1.014757312534015,1.0013880327557654
near_active,1000,151,estimated,0.9973634785220884,0.9973634785220884,0.17222955396147227,4.003446160842095,3.2488224509378427,0.7631893000740712,0.2159462851477681,0.5235825290128621,True,True,True,3.6140068715440066e-10,7,2.636521477911602,1.014757312534015,1.0013880327557654
near_active,1000,152,known,0.9992735670051872,1.0,0.23062212546206207,3.9887949819250257,3.9687949819250257,0.02,0.21753661806739866,0.4902924285680377,True,True,True,3.4891356342572344,8,0.7264329948127868,1.0122633539458457,1.0022791206968427
near_active,1000,152,estimated,0.9992735670051872,0.9992735670051872,0.23062212546206207,3.9878013101502905,3.970685747289154,0.02,0.21760040655364687,0.49051658859494984,True,True,True,3.5005289174751235,8,0.7264329948127868,1.0122633539458457,1.0022791206968427
near_active,1000,153,known,0.9924698010681406,1.0,0.22395684922203493,3.9933696350720838,3.858346215583096,0.13502341948898788,0.21590899060584964,0.4954132858025961,True,True,True,2.923550028732791e-07,9,7.530198931859355,1.0058461826521838,0.9955648043375996
near_active,1000,153,estimated,0.9924698010681406,0.9924698010681406,0.22395684922203493,3.985028485304417,3.8888889903427946,0.12542360268282085,0.21657995937096314,0.4977119045918351,True,True,True,2.106507857035922e-08,7,7.530198931859355,1.0058461826521838,0.9955648043375996
near_active,1000,154,known,0.9934476817472455,1.0,0.18446115766605758,3.7033223550618093,2.6240840692417002,1.0792382858201088,0.21401267067042265,0.5232408921961507,False,False,True,1.0077312477818623e-06,9,6.552318252754485,1.0096881321025304,0.9972053681313611
near_active,1000,154,estimated,0.9934476817472455,0.9934476817472455,0.18446115766605758,3.6939376844256455,2.6403067240977136,1.0709310902691076,0.21457067980771627,0.5250308729452907,False,False,True,5.561718730007215e-07,9,6.552318252754485,1.0096881321025304,0.9972053681313611
near_active,1000,155,known,0.9955045624905163,1.0,0.2303957572051377,4.027440834326397,4.007440834326397,0.02,0.21697169349957934,0.48915228108069825,True,True,True,3.121954623186423,7,4.4954375094836685,1.0085071121463534,0.9985130691964049
near_active,1000,155,estimated,0.9955045624905163,0.9955045624905163,0.2303957572051377,4.021388600897118,4.0194578223595405,0.02,0.21736931066325063,0.4905670711413231,True,True,True,3.1906296859465755,8,4.4954375094836685,1.0085071121463534,0.9985130691964049
near_active,1000,156,known,0.9990297246536342,1.0,0.1837490523393796,4.41042252019368,4.39042252019368,0.02,0.2234322134403121,0.5256636751743216,True,True,True,2.2152216842680867,7,0.9702753463658453,1.0153331136257904,1.0028019736624603
near_active,1000,156,estimated,0.9990297246536342,0.9990297246536342,0.1837490523393796,4.409496690818955,4.393759847677009,0.02,0.22351405267222332,0.5259743946004163,True,True,True,2.2231718752613085,7,0.9702753463658453,1.0153331136257904,1.0028019736624603
near_active,1000,157,known,0.9975101494265856,1.0,0.17671927505349683,4.488354396767056,4.468354396767056,0.02,0.22405052712330092,0.5302293410519595,True,True,True,0.09747851235824445,9,2.4898505734144427,1.0144620765587398,1.001432456036038
near_active,1000,157,estimated,0.9975101494265856,0.9975101494265856,0.17671927505349683,4.485946978016925,4.477094273761682,0.02,0.22424869216528476,0.531002330726023,True,True,True,0.108294408308103,8,2.4898505734144427,1.0144620765587398,1.001432456036038
near_active,1000,158,known,0.9989571649301908,1.0,0.1959960375477568,4.295664445361312,4.275664445361312,0.02,0.2193535472691085,0.5084792938980076,True,True,True,0.9936873969070161,5,1.0428350698091782,1.0142418222683478,1.0024937016338527
near_active,1000,158,estimated,0.9989571649301908,0.9989571649301908,0.1959960375477568,4.29450070789665,4.27896296053431,0.02,0.21944054855539166,0.5088102014316026,True,True,True,1.0024614861307868,9,1.0428350698091782,1.0142418222683478,1.0024937016338527
near_active,1000,159,known,0.99567720049442,1.0,0.19614739516010427,3.9216642190489663,3.373531674965239,0.548132544083727,0.21589397356036558,0.5106596742707905,True,True,True,3.4878187449294273e-08,7,4.322799505580011,1.0109500633897377,0.9992110082209726
near_active,1000,159,estimated,0.99567720049442,0.99567720049442,0.19614739516010427,3.9164272744612827,3.3879359386949397,0.5431367035670702,0.21626662998935073,0.5119135763172092,True,True,True,4.0848582294472635e-09,10,4.322799505580011,1.0109500633897377,0.9992110082209726
near_active,3000,0,known,0.9997439523353892,1.0,0.18747566574360194,4.248460423262191,4.087306691196562,0.16115373206562886,0.12686437147181337,0.2990274605172462,True,True,True,2.6602654767948763e-06,9,0.7681429938325435,1.005070389878935,1.000976373936722
near_active,3000,0,estimated,0.9997439523353892,0.9997439523353892,0.18747566574360194,4.248222757651893,4.0883444637041295,0.1609251049998198,0.12687695361828621,0.29907307146202255,True,True,True,5.396361797416205e-07,7,0.7681429938325435,1.005070389878935,1.000976373936722
near_active,3000,1,known,0.9992407870665638,1.0,0.20263460402502947,4.099690376215378,3.9556951331704777,0.14399524304490047,0.12712342191983822,0.2990216438876754,True,True,True,1.2560011697360096e-08,10,2.2776388003085124,1.0041687579297962,1.000381012159402
near_active,3000,1,estimated,0.9992407870665638,0.9992407870665638,0.20263460402502947,4.098912337140301,3.958731224173864,0.14318663291182662,0.1271621449242788,0.29915697125893254,True,True,True,1.3102718909863142e-08,10,2.2776388003085124,1.0041687579297962,1.000381012159402
near_active,3000,2,known,0.9992004210526376,1.0,0.18784385083521626,4.15491581027511,3.879614447124324,0.2753013631507864,0.12686174048289336,0.3016361913412293,True,True,True,2.65282373845821e-09,10,2.3987368420871347,1.0045164184626034,1.0004304270345175
near_active,3000,2,estimated,0.9992004210526376,0.9992004210526376,0.18784385083521626,4.1541101710753185,3.882673349596119,0.27454132534902126,0.12690144065325315,0.3017772105580516,True,True,True,5.8015301007685594e-08,11,2.3987368420871347,1.0045164184626034,1.0004304270345175
near_active,3000,3,known,0.9986357629444188,1.0,0.19295983307447026,4.307457775040484,4.287457775040484,0.02,0.1277541594825806,0.29961480819531666,True,True,True,0.4222228754010735,7,4.09271116674359,1.003810816263068,0.9998331575342942
near_active,3000,3,estimated,0.9986357629444188,0.9986357629444188,0.19295983307447026,4.305907803785539,4.291762785611435,0.02,0.12781970384998034,0.2998652760984753,True,True,True,0.44949492446305617,7,4.09271116674359,1.003810816263068,0.9998331575342942
near_active,3000,4,known,0.9990844762183442,1.0,0.17359527717769954,4.285276134436925,3.9799364145350116,0.3053397199019141,0.12791669509436485,0.30773646278768,True,True,True,5.572651851082355e-08,10,2.7465713449674745,1.004836806816001,1.0004154401935341
near_active,3000,4,estimated,0.9990844762183442,0.9990844762183442,0.17359527717769954,4.2844214248514145,3.9834321857751176,0.30463616597498716,0.12796110324400908,0.307898420262223,True,True,True,5.28042338743262e-08,10,2.7465713449674745,1.004836806816001,1.0004154401935341
near_active,3000,5,known,0.9945410432092396,1.0,0.2195025048714871,3.9991097822185853,3.85741258348667,0.14169719873191497,0.12539092955332673,0.2900559853785386,True,True,True,2.062168514171958e-06,9,16.376870372281083,0.999090318968542,0.995593646505598
near_active,3000,5,estimated,0.9945410432092396,0.9945410432092396,0.2195025048714871,3.993105928389476,3.87936084471331,0.1349223469032233,0.1256727653765017,0.29102251488448916,True,True,True,1.691897271172138e-07,7,16.376870372281083,0.999090318968542,0.995593646505598
near_active,3000,6,known,0.9996669506469947,1.0,0.20371758075825125,4.052936729544936,3.841029669564855,0.21190705998008175,0.12545198280662392,0.2922447211259725,True,True,True,9.069049511367666e-09,10,0.9991480590157975,1.0045687240766674,1.0008011142244664
near_active,3000,6,estimated,0.9996669506469947,0.9996669506469947,0.20371758075825125,4.052583247296061,3.842328105579375,0.21153482660628314,0.12546876913138194,0.29230295894013597,True,True,True,9.049424321005972e-09,10,0.9991480590157975,1.0045687240766674,1.0008011142244664
near_active,3000,7,known,0.9972421031308055,1.0,0.19236572562346824,4.3140877251406655,4.294087725140666,0.02,0.12819096712582428,0.30239040163874303,True,True,True,0.6287411567248862,8,8.27369060758343,1.002433139222508,0.9984431957861515
near_active,3000,7,estimated,0.9972421031308055,0.9972421031308055,0.19236572562346824,4.310967052004145,4.302833823935842,0.02,0.12832411623176856,0.30289974569467454,True,True,True,0.6828641802134636,8,8.27369060758343,1.002433139222508,0.9984431957861515
near_active,3000,8,known,0.9990868773488512,1.0,0.1910901871644049,4.219908823764415,4.067385149889062,0.15252367387535357,0.1271014262052547,0.299573702559496,True,True,True,8.563142195328055e-09,7,2.7393679534465365,1.0043125639177741,1.0002959873697015
near_active,3000,8,estimated,0.9990868773488512,0.9990868773488512,0.1910901871644049,4.21904355030149,4.071083145743347,0.15167780279323112,0.12714674822764452,0.29973658839891937,True,True,True,1.1229362710807322e-06,11,2.7393679534465365,1.0043125639177741,1.0002959873697015
near_active,3000,9,known,0.9989502885907476,1.0,0.20335695062466475,4.035109574061459,3.791275255523392,0.24383431853806706,0.12543831974312622,0.29329328532068866,True,True,True,1.9381357851955272e-08,10,3.149134227757089,1.0038607547511154,1.000086463476715
near_active,3000,9,estimated,0.9989502885907476,0.9989502885907476,0.20335695062466475,4.033979232741356,3.7953190418747034,0.24264418056666176,0.12549150123459232,0.2934776131423977,True,True,True,1.9312279331273885e-08,10,3.149134227757089,1.0038607547511154,1.000086463476715
near_active,3000,10,known,0.9994722686965742,1.0,0.1910851730012783,3.9270583828922145,3.3884245526150862,0.5386338302771281,0.12585023990823607,0.3019177214320095,True,False,True,1.2409191896267657e-08,7,1.5831939102772807,1.0046980923899245,1.0006814104450295
near_active,3000,10,estimated,0.9994722686965742,0.9994722686965742,0.1910851730012783,3.9264263947799556,3.3901710085532506,0.5380444855918851,0.12587670706171172,0.3020071848884278,True,False,True,6.060637431914984e-07,10,1.5831939102772807,1.0046980923899245,1.0006814104450295
near_active,3000,11,known,0.9915481521227573,1.0,0.19695595558074389,4.11624110597722,3.8304534853951138,0.2857876205821063,0.1270032387366698,0.30243872352627366,True,True,True,4.096179480050921e-07,10,25.355543631728207,0.9966182066005393,0.9927212522684491
near_active,3000,11,estimated,0.9915481521227573,0.9915481521227573,0.19695595558074389,4.107326303719897,3.8628478723594637,0.27712663395054615,0.12743080110748028,0.30394356318987326,True,True,True,1.366283886028441e-08,10,25.355543631728207,0.9966182066005393,0.9927212522684491
near_active,3000,12,known,0.9992514620317079,1.0,0.2126167670871044,4.036733725931123,3.903220038917573,0.13351368701355024,0.12487682329078784,0.2877432460520082,True,True,True,2.1115202297750102e-07,8,2.24561390487632,1.0039480691629268,1.0003381545976426
near_active,3000,12,estimated,0.9992514620317079,0.9992514620317079,0.2126167670871044,4.035941367099808,3.9062415296789217,0.1326238075191695,0.12491480389892558,0.2878748108075298,True,True,True,9.892770815866925e-07,9,2.24561390487632,1.0039480691629268,1.0003381545976426
near_active,3000,13,known,0.9998923833685236,1.0,0.21646059842534138,4.10040736686068,4.080407366860681,0.02,0.12560345513025,0.28622092513686087,True,True,True,4.395317845400456,6,0.3228498944292113,1.0045055897986186,1.0009597788292561
near_active,3000,13,estimated,0.9998923833685236,0.9998923833685236,0.21646059842534138,4.100266645942459,4.08070579775446,0.02,0.12560873397028982,0.28624019436429704,True,True,True,4.399013113237231,7,0.3228498944292113,1.0045055897986186,1.0009597788292561
near_active,3000,14,known,0.997998561364708,1.0,0.1764554583138174,4.492267206677998,4.472267206677999,0.02,0.1287662099962617,0.3046229991460189,False,True,True,2.4637503987733727,8,6.004315905876023,1.0036576519593559,0.9993079516346068
near_active,3000,14,estimated,0.997998561364708,0.997998561364708,0.1764554583138174,4.49041009259782,4.479375287359915,0.02,0.12886077949085453,0.3049936689955926,False,True,True,2.4976944822055325,9,6.004315905876023,1.0036576519593559,0.9993079516346068
near_active,3000,15,known,0.9973152331469619,1.0,0.19222690751137914,4.144562764843807,3.8835755668178424,0.26098719802596454,0.12647765075567555,0.29847382307194675,True,True,True,1.2009380156996485e-09,10,8.05430055911427,1.0025100179845574,0.9985171931804342
near_active,3000,15,estimated,0.9973152331469619,0.9973152331469619,0.19222690751137914,4.141812878238615,3.893877828259295,0.25838920410241023,0.12660959609009817,0.2989393582879855,True,True,True,3.8720981976325675e-09,10,8.05430055911427,1.0025100179845574,0.9985171931804342
near_active,3000,16,known,0.997128997538833,1.0,0.1809081502263794,4.29340170865425,4.071783444679723,0.22161826397452683,0.12746251079982876,0.3031197159840893,True,True,True,4.047590692835001e-06,9,8.613007383501014,1.0026488009488421,0.9984061597888341
near_active,3000,16,estimated,0.997128997538833,0.997128997538833,0.1809081502263794,4.2907661052621755,4.083209768206914,0.21927924234924523,0.12760249779299448,0.30363114261282675,True,True,True,3.853648673945997e-06,9,8.613007383501014,1.0026488009488421,0.9984061597888341
near_active,3000,17,known,0.9997639686760952,1.0,0.18542475812288092,3.955721632278502,3.365644776901681,0.5900768553768211,0.1251955618348773,0.3001406577545691,True,False,True,9.017567137448168e-09,11,0.7080939717144519,1.0051493197728254,1.0010100215900946
near_active,3000,17,estimated,0.9997639686760952,0.9997639686760952,0.18542475812288092,3.9554430019733346,3.36641529676571,0.5898222846669335,0.12520722032284137,0.30018037350101884,True,False,True,5.790675659105678e-07,9,0.7080939717144519,1.0051493197728254,1.0010100215900946
near_active,3000,18,known,0.9992932035735288,1.0,0.20309796888682408,4.187241001834534,4.167241001834534,0.02,0.12770867731838295,0.2994475523676262,True,True,True,0.38524202767145255,7,2.1203892794136037,1.0042099313477708,1.0004308272605258
near_active,3000,18,estimated,0.9992932035735288,0.9992932035735288,0.20309796888682408,4.186349959751446,4.169296803833293,0.02,0.1277432591072423,0.29957705055808886,True,True,True,0.40153139605452637,7,2.1203892794136037,1.0042099313477708,1.0004308272605258
near_active,3000,19,known,0.9990733613707128,1.0,0.18937789543891087,4.345276299900761,4.325276299900762,0.02,0.12743396584498604,0.29862274382217097,True,True,True,0.15724823706525193,9,2.7799158878616392,1.0043462968535137,1.00029340376083
near_active,3000,19,estimated,0.9990733613707128,0.9990733613707128,0.18937789543891087,4.344258149524134,4.328268890676178,0.02,0.12747801906946982,0.29879284921768473,True,True,True,0.17470913278072908,9,2.7799158878616392,1.0043462968535137,1.00029340376083
near_active,3000,20,known,0.9975703495542496,1.0,0.1934710086414814,4.1476532687553025,3.920220077576904,0.22743319117839816,0.1270215037208535,0.3006493656776188,True,True,True,2.4528334918727523e-09,10,7.288951337251159,1.002731729708981,0.9987645804718895
near_active,3000,20,estimated,0.9975703495542496,0.9975703495542496,0.1934710086414814,4.145195309268089,3.929690897229105,0.22505218727909754,0.1271429304017836,0.3010786507420542,True,True,True,4.342495496523213e-08,11,7.288951337251159,1.002731729708981,0.9987645804718895
near_active,3000,21,known,0.9985156219601377,1.0,0.21522880889436893,3.9983063048954484,3.827728683125885,0.17057762176956323,0.12424440679849738,0.2852426026269599,True,True,True,8.518578731298021e-07,9,4.453134119587032,1.003155230522057,0.9995891262989552
near_active,3000,21,estimated,0.9985156219601377,0.9985156219601377,0.21522880889436893,3.996694994469633,3.8336521533068457,0.16873343023162699,0.1243202539190685,0.2855037189350481,True,True,True,8.014830603642054e-07,9,4.453134119587032,1.003155230522057,0.9995891262989552
near_active,3000,22,known,0.9971996903684983,1.0,0.17666327867107087,4.299431973746932,4.056903837149101,0.24252813659783085,0.128830142764591,0.3114256140455575,True,True,True,8.453364142013697e-08,10,8.400928894505055,1.0028521238115413,0.998507540318554
near_active,3000,22,estimated,0.9971996903684983,0.9971996903684983,0.17666327867107087,4.296855722898457,4.067881471865149,0.2403655786987805,0.12896820985216143,0.3119307272282669,True,True,True,7.752243114111934e-08,10,8.400928894505055,1.0028521238115413,0.998507540318554
near_active,3000,23,known,0.9973043196189734,1.0,0.21351206325030395,4.022527991276618,3.892441678977559,0.13008631229905968,0.12666882899620976,0.2962727748003201,True,True,True,2.4558310940392403e-08,10,8.087041143079897,1.0019812329948108,0.9983864554789776
near_active,3000,23,estimated,0.9973043196189734,0.9973043196189734,0.21351206325030395,4.019622839036943,3.9032407198695,0.12690400859841988,0.12680865114547576,0.2967538754338067,True,True,True,3.97605275814783e-07,7,8.087041143079897,1.0019812329948108,0.9983864554789776
near_active,3000,24,known,0.9991630215092837,1.0,0.18856370832635597,4.193935524823997,3.9807504230304245,0.213185101793573,0.1271328855844109,0.3015516299346065,True,True,True,4.867935388119804e-09,10,2.5109354721488675,1.0044587246611845,1.000388331841995
near_active,3000,24,estimated,0.9991630215092837,0.9991630215092837,0.18856370832635597,4.193121222909654,3.9840483964023647,0.21240738932105047,0.12717444203350886,0.30170045678250096,True,True,True,8.045206101314761e-08,11,2.5109354721488675,1.0044587246611845,1.000388331841995
near_active,3000,25,known,0.9979065956506571,1.0,0.20180454359266947,3.9780487199262478,3.606390367159387,0.37165835276686066,0.12426487292127947,0.289631275438811,True,True,True,2.2744456096290833e-08,10,6.280213048028727,1.002854836194406,0.9990515107059544
near_active,3000,25,estimated,0.9979065956506571,0.9979065956506571,0.20180454359266947,3.97566243922715,3.6139951651392583,0.36923282728509826,0.12436913311238183,0.2899875178179725,True,True,True,2.23250431474753e-08,10,6.280213048028727,1.002854836194406,0.9990515107059544
near_active,3000,26,known,0.9997766637483917,1.0,0.21517896771504275,3.9898104525320623,3.8295256240899995,0.1602848284420627,0.1245548140080266,0.2863912962170152,True,True,True,1.098438812352498e-06,9,0.6700087548249245,1.0044173469672106,1.0008504167394026
near_active,3000,26,estimated,0.9997766637483917,0.9997766637483917,0.21517896771504275,3.989566427106602,3.830412420899597,0.1600094761592026,0.12456618873423055,0.28643028390678305,True,True,True,1.0887281352012224e-06,9,0.6700087548249245,1.0044173469672106,1.0008504167394026
near_active,3000,27,known,0.9999616622775341,1.0,0.19052886931607368,4.246298076631599,4.15723960605002,0.08905847058157991,0.12824154370153532,0.30473396480480663,True,True,True,2.2826159185029837e-08,10,0.11501316739759293,1.0052027442621305,1.0011743344621538
near_active,3000,27,estimated,0.9999616622775341,0.9999616622775341,0.19052886931607368,4.246262850591679,4.157398336530344,0.08902389924494061,0.1282434735287935,0.3047409433270771,True,True,True,2.2757031148401552e-08,10,0.11501316739759293,1.0052027442621305,1.0011743344621538
near_active,3000,28,known,0.9998072680089624,1.0,0.21515332845806812,4.108974812310275,4.088974812310275,0.02,0.12482264915596908,0.28464069122006985,True,True,True,0.2613078052579376,8,0.5781959731129271,1.0044485042458102,1.0008811489562965
near_active,3000,28,estimated,0.9998072680089624,0.9998072680089624,0.21515332845806812,4.108715820081831,4.089503998329786,0.02,0.1248319362613513,0.28467521742468543,True,True,True,0.26693175177400463,8,0.5781959731129271,1.0044485042458102,1.0008811489562965
near_active,3000,29,known,0.9979737676758488,1.0,0.2045010995868127,4.221826404404162,4.201826404404162,0.02,0.12709946167972885,0.29328005173072547,True,True,True,6.454786227917798,7,6.078696972453668,1.0028567606110241,0.9991035858560614
near_active,3000,29,estimated,0.9979737676758488,0.9979737676758488,0.2045010995868127,4.2194751253722735,4.20800151406014,0.02,0.12719878556001066,0.2936465071135005,True,True,True,6.518947190251645,7,6.078696972453668,1.0028567606110241,0.9991035858560614
near_active,3000,30,known,0.9971971359324173,1.0,0.19955436142898375,4.230970936653739,4.18219418216709,0.04877675448664823,0.1272518971677202,0.2976611321910673,True,True,True,1.7907522247284646e-06,9,8.408592202748032,1.0022011730146805,0.9983549610910966
near_active,3000,30,estimated,0.9971971359324173,0.9971971359324173,0.19955436142898375,4.228367037130334,4.194058384899824,0.04606402777488902,0.12739250368678418,0.298166624293339,True,True,True,1.644049952176374e-06,9,8.408592202748032,1.0022011730146805,0.9983549610910966
near_active,3000,31,known,0.9984817351340214,1.0,0.1881837435444311,4.221571635472949,4.033305646220831,0.18826598925211788,0.1275241678213581,0.30269109160051777,True,True,True,1.3083694128113166e-08,10,4.554794597935841,1.003788130924167,0.9997095195102638
near_active,3000,31,estimated,0.9984817351340214,0.9984817351340214,0.1881837435444311,4.220123173331479,4.039363052277656,0.18689294405702817,0.127599666915206,0.30296247838401913,True,True,True,1.2048586128798888e-07,8,4.554794597935841,1.003788130924167,0.9997095195102638
near_active,3000,32,known,0.9997765704880666,1.0,0.20862346872758544,4.01321198381574,3.8182556064146564,0.1949563774010838,0.12525247344651677,0.2914672323016926,True,True,True,1.4854970142863522e-08,10,0.6702885358003119,1.0045630761990896,1.000884063626762
near_active,3000,32,estimated,0.9997765704880666,0.9997765704880666,0.20862346872758544,4.012971002786569,3.819132990161873,0.19469131964469663,0.12526391159935737,0.2915067626753745,True,True,True,1.4793944291824346e-08,10,0.6702885358003119,1.0045630761990896,1.000884063626762
near_active,3000,33,known,0.9986037571113836,1.0,0.1976237746329264,4.247109838193729,4.227109838193729,0.02,0.12811676496060065,0.30152859223052964,True,True,True,0.8992232168533869,8,4.188728665849184,1.0036566786354906,0.9997728930648679
near_active,3000,33,estimated,0.9986037571113836,0.9986037571113836,0.1976237746329264,4.245443558294293,4.23135155280914,0.02,0.12818481475269147,0.3017854369341141,True,True,True,0.9295596557482995,8,4.188728665849184,1.0036566786354906,0.9997728930648679
near_active,3000,34,known,0.9984097658422486,1.0,0.19157825099621067,4.337884823949378,4.317884823949378,0.02,0.12703295922433192,0.2962523623489409,True,True,True,1.1627037476453097,8,4.770702473254174,1.0036221394771752,0.999615795540219
near_active,3000,34,estimated,0.9984097658422486,0.9984097658422486,0.19157825099621067,4.336142068335363,4.323016677119848,0.02,0.12710896927026744,0.2965451017115274,True,True,True,1.1963645184879645,8,4.770702473254174,1.0036221394771752,0.999615795540219
near_active,3000,35,known,0.9996301810218162,1.0,0.21544744354975537,4.089070148263261,4.069070148263261,0.02,0.12593749068047083,0.29013949147386237,True,True,True,0.9962652032619115,8,1.1094569345513339,1.004265081339338,1.000702595975458
near_active,3000,35,estimated,0.9996301810218162,0.9996301810218162,0.21544744354975537,4.088568432069122,4.070073622537342,0.02,0.1259557501271256,0.29020689614059914,True,True,True,1.0071345963355718,7,1.1094569345513339,1.004265081339338,1.000702595975458
near_active,3000,36,known,0.9996688457407849,1.0,0.19803117865216782,4.154594221753984,4.003731097682593,0.15086312407139152,0.1260609787539007,0.2944184771105753,True,True,True,2.0209811859572824e-06,9,0.9934627776454485,1.0047113720304048,1.0008355764634882
near_active,3000,36,estimated,0.9996688457407849,0.9996688457407849,0.19803117865216782,4.154269242171688,4.005072929490976,0.15052260963978048,0.12607757032240202,0.2944774571267117,True,True,True,2.0014203059304236e-06,9,0.9934627776454485,1.0047113720304048,1.0008355764634882
near_active,3000,37,known,0.9999562725442357,1.0,0.1961430001527523,4.031812395737976,3.6937430624727106,0.3380693332652652,0.1251030730778886,0.29392760748072727,True,True,True,2.6089245874771905e-08,10,0.13118236729292576,1.0050473409164964,1.0011342348472836
near_active,3000,37,estimated,0.9999562725442357,0.9999562725442357,0.1961430001527523,4.031764892815923,3.6939053160854995,0.3380211018117309,0.1251052685672149,0.29393522246623044,True,True,True,4.2844525194318805e-06,9,0.13118236729292576,1.0050473409164964,1.0011342348472836
near_active,3000,38,known,0.9999840957349206,1.0,0.20376439999898868,4.0182770333295625,3.780430100252627,0.23784693307693522,0.12613910134818337,0.29595251913852494,True,True,True,2.7325900653352164e-08,10,0.047712795238075145,1.0048847428770267,1.0011179987139875
near_active,3000,38,estimated,0.9999840957349206,0.9999840957349206,0.20376439999898868,4.018259629794213,3.7804906511144645,0.23782910460519355,0.12613990607561987,0.2959552827607491,True,True,True,2.733618753580913e-08,10,0.047712795238075145,1.0048847428770267,1.0011179987139875
near_active,3000,39,known,0.9990844854069063,1.0,0.16153773229594104,4.246319282921589,3.6834232541811622,0.5628960287404267,0.12734130017595277,0.3104548578417705,True,True,True,1.3083546478448268e-06,9,2.7465437792810743,1.0052661830841312,1.0005147955697564
near_active,3000,39,estimated,0.9990844854069063,0.9990844854069063,0.16153773229594104,4.245406812444298,3.686548388328094,0.5622335129638641,0.12738439990618683,0.31061068263005503,True,True,True,1.3600700061059636e-06,9,2.7465437792810743,1.0052661830841312,1.0005147955697564
near_active,3000,40,known,0.9991515947619847,1.0,0.19778019405519928,4.051489638184244,3.7732072145508644,0.27828242363338,0.12622973534744533,0.29852409981542466,True,True,True,2.331230852803401e-08,10,2.5452157140459786,1.0042005200564927,1.0003198060750051
near_active,3000,40,estimated,0.9991515947619847,0.9991515947619847,0.19778019405519928,4.050582263115955,3.776428727255495,0.27735747777365544,0.12627290445596642,0.2986744734251814,True,True,True,2.4873504145261904e-08,10,2.5452157140459786,1.0042005200564927,1.0003198060750051
near_active,3000,41,known,0.9968389974385938,1.0,0.20991415704194852,4.070964539145567,3.9256835028823933,0.14528103626317415,0.12530697782680256,0.2905828784066681,True,True,True,1.1550151593578204e-09,7,9.483007684218503,1.0015960726096527,0.9979396809915401
near_active,3000,41,estimated,0.9968389974385938,0.9968389974385938,0.20991415704194852,4.067691337323337,3.9385484591565953,0.14159263993435808,0.12546896625536055,0.2911500131526768,True,True,True,2.499240316922169e-07,9,9.483007684218503,1.0015960726096527,0.9979396809915401
near_active,3000,42,known,0.9998618891143487,1.0,0.2012802246501502,4.160284535395527,4.052807799885562,0.107476735509965,0.12559998354733776,0.2914003486014332,True,True,True,1.0002504970962889e-06,9,0.4143326569538974,1.0048230194303231,1.0010097865821115
near_active,3000,42,estimated,0.9998618891143487,0.9998618891143487,0.2012802246501502,4.160151018609554,4.053379937963769,0.10733089653889734,0.125606918879298,0.2914250750329168,True,True,True,9.955202484590586e-07,9,0.4143326569538974,1.0048230194303231,1.0010097865821115
near_active,3000,43,known,0.9990719004504439,1.0,0.1791859939845613,4.093272009333695,3.583364460947759,0.5099075483859364,0.12555157323131524,0.29979624764001095,True,True,True,3.3987585190686787e-08,10,2.7842986486682486,1.0046447546803567,1.000361337504361
near_active,3000,43,estimated,0.9990719004504439,0.9990719004504439,0.1791859939845613,4.0922673988981275,3.5865662155381877,0.5090298738490343,0.1255964381358297,0.299953324252412,True,True,True,3.1390980037571126e-08,10,2.7842986486682486,1.0046447546803567,1.000361337504361
near_active,3000,44,known,0.9992020822757469,1.0,0.22461206931850342,4.028962408407625,4.008962408407625,0.02,0.12494875762980548,0.2835969314986094,True,True,True,3.3546838940654826,9,2.39375317275925,1.0036478693055704,1.0002307405347963
near_active,3000,44,estimated,0.9992020822757469,0.9992020822757469,0.22461206931850342,4.027844810241802,4.0110452943749655,0.02,0.12498810174146364,0.28373959525116466,True,True,True,3.3835121567413147,9,2.39375317275925,1.0036478693055704,1.0002307405347963
near_active,3000,45,known,0.9997961824264568,1.0,0.19098821129724675,4.188547646250623,4.02802969970662,0.16051794654400256,0.12816145323922465,0.3050589759657129,True,True,True,3.2677717500817494e-06,11,0.6114527206294573,1.0050246591881133,1.0010059380371163
near_active,3000,45,estimated,0.9997961824264568,0.9997961824264568,0.19098821129724675,4.188348269852087,4.028838142617043,0.1603312752494706,0.1281716163171827,0.30509510106545107,True,True,True,2.416469024879575e-08,10,0.6114527206294573,1.0050246591881133,1.0010059380371163
near_active,3000,46,known,0.9982875282111942,1.0,0.2024728050190829,4.21234016497761,4.192340164977611,0.02,0.12718768125424817,0.296744259297785,True,True,True,0.13037984026784954,9,5.1374153664175415,1.003219437088655,0.9994286644747278
near_active,3000,46,estimated,0.9982875282111942,0.9982875282111942,0.2024728050190829,4.210212618943286,4.197400548969716,0.02,0.12727030369916428,0.297055407730581,True,True,True,0.16919004855818365,9,5.1374153664175415,1.003219437088655,0.9994286644747278
near_active,3000,47,known,0.9979951969356033,1.0,0.2163452467573121,4.033730835084733,3.923130923629581,0.1105999114551524,0.1247242156004393,0.2865603372205817,True,True,True,7.427949153537838e-07,9,6.014409193189962,1.0026108630502288,0.9990631615137474
near_active,3000,47,estimated,0.9979951969356033,0.9979951969356033,0.2163452467573121,4.0316190714861895,3.9313600583379213,0.10814061584047094,0.12482712453523535,0.28691723168878874,True,True,True,6.833232149006108e-07,9,6.014409193189962,1.0026108630502288,0.9990631615137474
near_active,3000,48,known,0.999893863817979,1.0,0.19899044310182884,4.099808106981835,3.888240478128584,0.21156762885325148,0.125663902436375,0.2932573311991613,True,True,True,2.556902574113451e-06,9,0.3184085460631314,1.0049120818235895,1.0010549701333633
near_active,3000,48,estimated,0.999893863817979,0.999893863817979,0.19899044310182884,4.09969877225643,3.888656301966469,0.21145519742304425,0.12566920008465182,0.29327589869668913,True,True,True,2.549523591355296e-06,9,0.3184085460631314,1.0049120818235895,1.0010549701333633
near_active,3000,49,known,0.9989568381520195,1.0,0.17979400379597338,4.17029823744724,3.7818244769248612,0.38847376052237925,0.12629167486350165,0.30109646927925543,True,True,True,1.2878924593451302e-08,10,3.129485543941435,1.0045108466474928,1.0002419147135762
near_active,3000,49,estimated,0.9989568381520195,0.9989568381520195,0.17979400379597338,4.169238722254054,3.7856480542265065,0.38753971164759804,0.12634228092920777,0.30127683460798166,True,True,True,1.0236082204073682e-08,10,3.129485543941435,1.0045108466474928,1.0002419147135762
near_active,3000,50,known,0.9997718930983441,1.0,0.19370842774315938,4.305894197296434,4.285894197296434,0.02,0.1271546867033553,0.29598553277421236,True,True,True,1.9729992830111445,8,0.6843207049676003,1.0049269471977043,1.000964660304596
near_active,3000,50,estimated,0.9997718930983441,0.9997718930983441,0.19370842774315938,4.305639963987198,4.2866177710855435,0.02,0.1271656573952253,0.296027351146261,True,True,True,1.9782251993744886,9,0.6843207049676003,1.0049269471977043,1.000964660304596
near_active,3000,51,known,0.9956091712200144,1.0,0.17560945540045378,4.109822371767072,3.5470523095383,0.562770062228771,0.12688448685311277,0.30821798882560564,True,True,True,3.1307267374103276e-06,8,13.172486339956935,1.0012955246241684,0.9969248695100624
near_active,3000,51,estimated,0.9956091712200144,0.9956091712200144,0.17560945540045378,4.10503779083548,3.5618828532446565,0.5587945553337881,0.1270985143375823,0.3089701670161893,True,True,True,4.085212920914101e-07,9,13.172486339956935,1.0012955246241684,0.9969248695100624
near_active,3000,52,known,0.9991008257602748,1.0,0.19629809750386912,4.238821587848675,4.19788563500761,0.04093595284106494,0.128027371063489,0.30195472772258397,True,True,True,3.420950263510747e-06,9,2.69752271917556,1.004187871621727,1.0002778573419593
near_active,3000,52,estimated,0.9991008257602748,0.9991008257602748,0.19629809750386912,4.237998175624993,4.201690151814982,0.04008607535783016,0.12807297073675836,0.3021190643589687,True,True,True,3.346007463100875e-06,9,2.69752271917556,1.004187871621727,1.0002778573419593
near_active,3000,53,known,0.9988352933131353,1.0,0.20651882578113676,4.196376855706818,4.176376855706819,0.02,0.12683347252033284,0.29209795046253706,True,True,True,5.733422955742885,7,3.4941200605942413,1.003670578526195,0.9999540729658508
near_active,3000,53,estimated,0.9988352933131353,0.9988352933131353,0.20651882578113676,4.194988683289074,4.179856990676253,0.02,0.12689069335083236,0.29230882720028173,True,True,True,5.770444737874721,7,3.4941200605942413,1.003670578526195,0.9999540729658508
near_active,3000,54,known,0.9981748416861091,1.0,0.1920211744649126,4.174684258265799,3.9561168463057133,0.21856741196008564,0.12629302458544134,0.29692303099298606,True,True,True,3.0841864475661396e-06,9,5.475474941672553,1.0033751922583867,0.999378089509327
near_active,3000,54,estimated,0.9981748416861091,0.9981748416861091,0.1920211744649126,4.172871431555134,3.963282896065294,0.21682215421789408,0.12638276560003509,0.2972422103743734,True,True,True,2.4973519252569076e-08,11,5.475474941672553,1.0033751922583867,0.999378089509327
near_active,3000,55,known,0.9982319526458455,1.0,0.20993835872760283,4.188569198092985,4.168569198092985,0.02,0.12589708380946948,0.2870847883315793,True,True,True,7.173062480222463,8,5.304142062463435,1.0029884794214676,0.9993325093120355
near_active,3000,55,estimated,0.9982319526458455,0.9982319526458455,0.20993835872760283,4.186477959537289,4.173857537312752,0.02,0.12598449977939657,0.287406354674354,True,True,True,7.236352716885012,8,5.304142062463435,1.0029884794214676,0.9993325093120355
near_active,3000,56,known,0.9999858796045964,1.0,0.20584043610179636,4.152799008923674,4.12105633486351,0.0317426740601649,0.12684923850366112,0.2959097644017819,True,True,True,8.791623216097832e-07,9,0.042361186210815305,1.0048371004989407,1.0011083464267732
near_active,3000,56,estimated,0.9999858796045964,0.9999858796045964,0.20584043610179636,4.152785407900635,4.1211160701490765,0.031727529539972675,0.12684996104403395,0.29591232849177096,True,True,True,7.230954857107008e-08,10,0.042361186210815305,1.0048371004989407,1.0011083464267732
near_active,3000,57,known,0.9996715578312623,1.0,0.20281201746928096,3.8227455901768783,3.295289109046747,0.5274564811301314,0.12485646862010365,0.2957127234272569,False,False,True,1.715637549359883e-06,9,0.9853265062131911,1.0045952178637316,1.0008107854917812
near_active,3000,57,estimated,0.9996715578312623,0.9996715578312623,0.20281201746928096,3.8223296834044205,3.2963678269383054,0.5270445226641521,0.12487317918487414,0.2957679180761427,False,False,True,1.7803411891392784e-06,9,0.9853265062131911,1.0045952178637316,1.0008107854917812
near_active,3000,58,known,0.9999845880394621,1.0,0.21052864371584526,4.128225583813828,4.106237038779611,0.021988545034217544,0.12610522631977028,0.2913348238814806,True,True,True,5.199345209927486e-07,9,0.04623588161367653,1.004727778357383,1.0010820589398992
near_active,3000,58,estimated,0.9999845880394621,0.9999845880394621,0.21052864371584526,4.128210488815352,4.106302388808274,0.021971386177450453,0.12610601005723612,0.2913375860829745,True,True,True,5.188494072161376e-07,9,0.04623588161367653,1.004727778357383,1.0010820589398992
near_active,3000,59,known,0.9991572011014879,1.0,0.2128808792633924,4.025962961372478,3.8847028739224747,0.14126008745000326,0.12523259694593303,0.28924808212481373,True,True,True,1.5111415896384983e-06,9,2.5283966955363946,1.0038479813536798,1.0002425454545651
near_active,3000,59,estimated,0.9991572011014879,0.9991572011014879,0.2128808792633924,4.025062498816237,3.888082742315022,0.14025662835376201,0.12527559574989866,0.28939635246888373,True,True,True,1.4655669566820961e-06,9,2.5283966955363946,1.0038479813536798,1.0002425454545651
near_active,3000,60,known,0.9987411563269715,1.0,0.20587207081906223,4.022230070716324,3.8048476428008997,0.21738242791542425,0.12607934653198413,0.29595026568434135,True,True,True,3.06926946080921e-08,10,3.776531019085594,1.0035916317729372,0.9998634506686344
near_active,3000,60,estimated,0.9987411563269715,0.9987411563269715,0.20587207081906223,4.020867870212721,3.8097320858357597,0.21593164150914954,0.1261440590018238,0.29617382110165635,True,True,True,3.1071161199491826e-08,10,3.776531019085594,1.0035916317729372,0.9998634506686344
near_active,3000,61,known,0.9984124214180067,1.0,0.20891007885417678,4.0364911030391815,3.881951508485304,0.15453959455387756,0.12675630503325,0.2976150029975357,True,True,True,4.9065794982539046e-08,9,4.762735745979962,1.0031923603754518,0.999518395152993
near_active,3000,61,estimated,0.9984124214180067,0.9984124214180067,0.20891007885417678,4.034798030811211,3.888259350594966,0.1527115974824845,0.1268384603005984,0.2978990783682419,True,True,True,2.9123370381967106e-08,10,4.762735745979962,1.0031923603754518,0.999518395152993
near_active,3000,62,known,0.9950219421508142,1.0,0.18041490978077943,4.0998793803148645,3.5795523645970966,0.5203270157177677,0.12612649308702123,0.30345450505516214,True,True,True,2.331567710900373e-06,9,14.934173547557439,1.0005568362775321,0.9963025960638826
near_active,3000,62,estimated,0.9950219421508142,0.9950219421508142,0.18041490978077943,4.094469671057458,3.5967981490028613,0.5155765913121774,0.12637066602389097,0.30431285622920645,True,True,True,9.37913471332763e-08,11,14.934173547557439,1.0005568362775321,0.9963025960638826
near_active,3000,63,known,0.9971161519965656,1.0,0.21177938602336885,4.1761432941469,4.156143294146901,0.02,0.12604548897247972,0.28778608465551514,True,True,True,7.60887409016898,7,8.651544010303326,1.0018313296315022,0.998207141372468
near_active,3000,63,estimated,0.9971161519965656,0.9971161519965656,0.21177938602336885,4.172694882239883,4.164705259186481,0.02,0.12618879229562935,0.288311442821906,True,True,True,7.7146209856250385,7,8.651544010303326,1.0018313296315022,0.998207141372468
near_active,3000,64,known,0.9998095037173949,1.0,0.21100543189255272,4.091525055940271,4.02110300946034,0.07042204647993104,0.12552043588003192,0.289810414176603,True,True,True,5.606856134932059e-08,9,0.5714888478154379,1.0045419763156667,1.0009044947710104
near_active,3000,64,estimated,0.9998095037173949,0.9998095037173949,0.21100543189255272,4.091333389205728,4.021897201118633,0.07020234455292726,0.1255301577466564,0.28984452915146275,True,True,True,1.6030834260050142e-07,10,0.5714888478154379,1.0045419763156667,1.0009044947710104
near_active,3000,65,known,0.9972953339151457,1.0,0.19612208474721896,4.28251578442269,4.262515784422691,0.02,0.12809344495365466,0.3005527840591381,True,True,True,2.1099938431573975,9,8.113998254562937,1.0023869452235052,0.9984734218417779
near_active,3000,65,estimated,0.9972953339151457,0.9972953339151457,0.19612208474721896,4.279407942395129,4.270959461600708,0.02,0.1282242038606521,0.30104682576961006,True,True,True,2.1710004377456293,8,8.113998254562937,1.0023869452235052,0.9984734218417779
near_active,3000,66,known,0.9998923831287173,1.0,0.21001475049061724,4.165514860925344,4.145514860925345,0.02,0.12554050124690624,0.2865002212238566,True,True,True,4.345479943368881,6,0.3228506138480691,1.0046471797426944,1.0009925394731973
near_active,3000,66,estimated,0.9998923831287173,0.9998923831287173,0.21001475049061724,4.1653818268558815,4.145827987892815,0.02,0.12554572834992156,0.28651955056788486,True,True,True,4.348955397897573,6,0.3228506138480691,1.0046471797426944,1.0009925394731973
near_active,3000,67,known,0.996734840356956,1.0,0.21664276319839926,4.0772910513861795,4.05729105138618,0.02,0.12745001388028862,0.2972861992118382,True,True,True,0.6205614977268459,8,9.795478929131907,1.0013441677573987,0.9978013382947388
near_active,3000,67,estimated,0.996734840356956,0.996734840356956,0.21664276319839926,4.072749513530781,4.066025736673747,0.02,0.12761222179469997,0.2978815014820905,True,True,True,0.7093873107864788,8,9.795478929131907,1.0013441677573987,0.9978013382947388
near_active,3000,68,known,0.9989984725792793,1.0,0.1831761019222828,4.4118901772297985,4.391890177229799,0.02,0.12869532487521945,0.302901142927717,False,True,True,2.7412454523293803,9,3.0045822621620477,1.004449933845453,1.0002598219461563
near_active,3000,68,estimated,0.9989984725792793,0.9989984725792793,0.1831761019222828,4.410884999213415,4.395286999665518,0.02,0.12874281251368644,0.30308334095580663,False,True,True,2.760409963447417,9,3.0045822621620477,1.004449933845453,1.0002598219461563
near_active,3000,69,known,0.9991082164258295,1.0,0.19249332580589448,4.282835966245297,4.235332299151803,0.047503667093492956,0.12753719625557441,0.299871622419516,True,True,True,2.0201240253925334e-06,9,2.6753507225115714,1.0042958114779559,1.0003085128995868
near_active,3000,69,estimated,0.9991082164258295,0.9991082164258295,0.19249332580589448,4.282044408213965,4.239126207318058,0.046698584016428894,0.12758169082301785,0.30003391445931116,True,True,True,1.971343214890453e-06,9,2.6753507225115714,1.0042958114779559,1.0003085128995868
near_active,3000,70,known,0.9987745433056584,1.0,0.21507287064104438,4.103587426498529,4.073673397776323,0.02991402872220544,0.125367776450359,0.28709604214302237,True,True,True,4.5218269745361855e-07,9,3.6763700830247936,1.0034175158086136,0.9998488259871421
near_active,3000,70,estimated,0.9987745433056584,0.9987745433056584,0.21507287064104438,4.1023594043591975,4.078856244553663,0.028501621495680435,0.12542972441816938,0.2873128527069384,True,True,True,4.2805251071711077e-07,9,3.6763700830247936,1.0034175158086136,0.9998488259871421
near_active,3000,71,known,0.9988022511587102,1.0,0.19958705567851678,4.093631470238587,3.8815029869282434,0.21212848331034376,0.12599636247991755,0.2958013683147555,True,True,True,4.52509249626587e-07,10,3.5932465238692757,1.0038054685323181,0.9999598866546655
near_active,3000,71,estimated,0.9988022511587102,0.9988022511587102,0.19958705567851678,4.092398139444687,3.886219932738269,0.21083292212785304,0.12605715624553926,0.2960151339358404,True,True,True,1.491350243298939e-08,10,3.5932465238692757,1.0038054685323181,0.9999598866546655
near_active,3000,72,known,0.9981311394915866,1.0,0.2194930677050532,3.860323897691721,3.5772939375800803,0.2830299601116408,0.12456260707555968,0.28903268743112653,False,True,True,4.060682456952236e-08,10,5.606581525240184,1.002680610848285,0.999183788044921
near_active,3000,72,estimated,0.9981311394915866,0.9981311394915866,0.2194930677050532,3.8580773437608094,3.5842497812928715,0.2805260253364855,0.12466019619100262,0.28935871461537355,False,True,True,4.667626285481674e-10,7,5.606581525240184,1.002680610848285,0.999183788044921
near_active,3000,73,known,0.999793941846507,1.0,0.18493170464532005,4.052932859285804,3.5995437023069905,0.45338915697881305,0.1264918088449083,0.30290064550495427,True,True,True,4.105071838012009e-08,11,0.6181744604788486,1.0051936510333832,1.0010433169097488
near_active,3000,73,estimated,0.999793941846507,0.999793941846507,0.18493170464532005,4.052705718517129,3.600262673152951,0.4531849088426976,0.12650198191151318,0.3029358766015893,True,True,True,3.5112760699007595e-08,10,0.6181744604788486,1.0051936510333832,1.0010433169097488
near_active,3000,74,known,0.9985527574521665,1.0,0.1944601499924946,4.054482584280797,3.727275639796641,0.32720694448415616,0.12645528015840732,0.3000832481861097,True,True,True,2.3720261310700153e-09,10,4.3417276435003815,1.0036878837212584,0.9997409137926587
near_active,3000,74,estimated,0.9985527574521665,0.9985527574521665,0.1944601499924946,4.052912713938641,3.732625741314177,0.325688987412432,0.12652786339661848,0.3003350541547914,True,True,True,2.8226949666532164e-09,10,4.3417276435003815,1.0036878837212584,0.9997409137926587
near_active,3000,75,known,0.9999352041189314,1.0,0.2095630020076961,4.160167207929719,4.14016720792972,0.02,0.12655666239947033,0.29052206521378204,True,True,True,6.287838266524879,6,0.19438764320567348,1.0047002505009321,1.001037732036422
near_active,3000,75,estimated,0.9999352041189314,0.9999352041189314,0.2095630020076961,4.160088146244876,4.140356424287326,0.02,0.12655986070093592,0.2905337677060176,True,True,True,6.290031338068644,7,0.19438764320567348,1.0047002505009321,1.001037732036422
near_active,3000,76,known,0.9989333300398108,1.0,0.2044881488592277,4.083445494646202,3.936100017967121,0.14734547667908157,0.12675430114448583,0.2977245507381297,True,True,True,1.77186771921356e-08,10,3.200009880567678,1.003816632226704,1.0000632197741333
near_active,3000,76,estimated,0.9989333300398108,0.9989333300398108,0.2044881488592277,4.082346979879848,3.940381603902407,0.14616846266600517,0.1268091055585854,0.2979162228575812,True,True,True,1.807563876354834e-08,10,3.200009880567678,1.003816632226704,1.0000632197741333
near_active,3000,77,known,0.9963105456373132,1.0,0.19403667527315066,4.145224382155997,3.900207667339661,0.2450167148163364,0.12676237030910112,0.29934071129119333,True,True,True,2.1975381514494075e-09,10,11.068363088060252,1.001456879046254,0.9975012950657983
near_active,3000,77,estimated,0.9963105456373132,0.9963105456373132,0.19403667527315066,4.1414557285495555,3.914498372933915,0.2413997187153913,0.12694561680173974,0.2999870166980605,True,True,True,6.186652967699047e-09,10,11.068363088060252,1.001456879046254,0.9975012950657983
near_active,3000,78,known,0.9990911186401454,1.0,0.20110681614910292,3.9905287937625396,3.6419998396601385,0.3485289541024012,0.12443779252784928,0.2899539468154955,True,True,True,2.054732206602239e-08,10,2.7266440795636893,1.0040565267930825,1.000240005906181
near_active,3000,78,estimated,0.9990911186401454,0.9990911186401454,0.20110681614910292,3.9895053563059433,3.64532906077646,0.34748946716335893,0.12448299886860442,0.2901087241805583,True,True,True,2.0383778220889326e-08,10,2.7266440795636893,1.0040565267930825,1.000240005906181
near_active,3000,79,known,0.9967533813568813,1.0,0.20147872590082938,4.24238784774356,4.22238784774356,0.02,0.1278727878368041,0.2989111832968909,True,True,True,5.527341676655415,7,9.73985592935611,1.0017096238586802,0.997900147890934
near_active,3000,79,estimated,0.9967533813568813,0.9967533813568813,0.20147872590082938,4.238665169923526,4.232406178728637,0.02,0.1280360403728654,0.2995203273794407,True,True,True,5.623123707812779,7,9.73985592935611,1.0017096238586802,0.997900147890934
near_active,3000,80,known,0.9969628789643503,1.0,0.19704267560331443,4.100757911455492,3.849068189627399,0.25168972182809324,0.12669876995763932,0.2991722468302807,True,True,True,1.282343074393566e-06,10,9.111363106949044,1.0020307020715047,0.9981354628194934
near_active,3000,80,estimated,0.9969628789643503,0.9969628789643503,0.19704267560331443,4.097569334069698,3.860722032321022,0.24857278184583473,0.12685066340740137,0.2997031264441442,True,True,True,1.4149309279787303e-08,10,9.111363106949044,1.0020307020715047,0.9981354628194934
near_active,3000,81,known,0.9996068342914801,1.0,0.20124401753220728,4.1543593243467525,4.0569245097870885,0.09743481455966431,0.12699226466816319,0.2970573376360383,True,True,True,5.018152238189799e-08,10,1.1794971255596476,1.004568857196624,1.0007549382849301
near_active,3000,81,estimated,0.9996068342914801,0.9996068342914801,0.20124401753220728,4.153973259947435,4.058535678864833,0.09703325813833644,0.12701208846188985,0.2971273340936644,True,True,True,3.3332722277901183e-06,10,1.1794971255596476,1.004568857196624,1.0007549382849301
near_active,3000,82,known,0.999434230663501,1.0,0.2176912922597693,4.058920562165662,4.0389205621656625,0.02,0.1273934820987046,0.29534260662466094,True,True,True,5.089017931611327,9,1.6973080094969673,1.0040213568372314,1.0004955917211171
near_active,3000,82,estimated,0.999434230663501,0.999434230663501,0.2176912922597693,4.058158671371912,4.040444631049983,0.02,0.12742220610644892,0.2954463916083464,True,True,True,5.108361401499727,7,1.6973080094969673,1.0040213568372314,1.0004955917211171
near_active,3000,83,known,0.9978579714146458,1.0,0.1898458664381171,4.143137684065177,3.8467817943848153,0.2963558896803624,0.12633383977206447,0.29824700554078915,True,True,True,3.0426677581907313e-06,11,6.426085756062516,1.0031179090854168,0.9990750063942405
near_active,3000,83,estimated,0.9978579714146458,0.9978579714146458,0.1898458664381171,4.14094038314711,3.854901050792782,0.29429664059883837,0.12643908860668554,0.298618212003149,True,True,True,3.0678005913387096e-08,10,6.426085756062516,1.0031179090854168,0.9990750063942405
near_active,3000,84,known,0.9986413368564248,1.0,0.2154917965851242,4.033607948838072,3.9537500436153983,0.07985790522267382,0.12635240050058102,0.2941207181350451,True,True,True,1.141797589809812e-08,10,4.075989430725735,1.003275283207712,0.9997135310830638
near_active,3000,84,estimated,0.9986413368564248,0.9986413368564248,0.2154917965851242,4.032178664009907,3.9593346283626714,0.0782234376798723,0.12642326424657288,0.29436591463094564,True,True,True,1.1154341450492211e-08,10,4.075989430725735,1.003275283207712,0.9997135310830638
near_active,3000,85,known,0.9937844114668959,1.0,0.18053447727823047,4.429637121950025,4.384066088466332,0.04557103348369303,0.1298975739702016,0.3121346148932106,False,True,True,3.259965406066101e-06,11,18.64676559931233,0.9993156398481599,0.9950642172063313
near_active,3000,85,estimated,0.9937844114668959,0.9937844114668959,0.18053447727823047,4.424520125241734,4.4106670469544,0.04126796980772469,0.13020377334710714,0.3132817737441003,False,True,True,2.0493119867737164e-06,11,18.64676559931233,0.9993156398481599,0.9950642172063313
near_active,3000,86,known,0.9963049499359915,1.0,0.18675140097382664,4.1926143240846985,3.932057147583455,0.2605571765012431,0.12792991298917172,0.30649004928338586,True,True,True,4.8792120566076846e-08,10,11.085150192025495,1.0016520446261028,0.9975421511509855
near_active,3000,86,estimated,0.9963049499359915,0.9963049499359915,0.18675140097382664,4.18894705005621,3.946312696303161,0.2572161767341204,0.12811423524593998,0.30714817547821344,True,True,True,3.3790269693412256e-08,10,11.085150192025495,1.0016520446261028,0.9975421511509855
near_active,3000,87,known,0.9992782959504918,1.0,0.17793595980961235,4.3312513977271285,4.147234912034155,0.18401648569297382,0.12785320259837538,0.3042857718143503,True,True,True,2.0311237144762892e-08,8,2.1651121485246616,1.0048903005480248,1.0005767915465134
near_active,3000,87,estimated,0.9992782959504918,0.9992782959504918,0.17793595980961235,4.330608829968952,4.150133717180837,0.18347028109780492,0.1278879897025126,0.3044136496051072,True,True,True,7.118432279185072e-07,11,2.1651121485246616,1.0048903005480248,1.0005767915465134
near_active,3000,88,known,0.9932493989220406,1.0,0.21380845114093525,4.026721362924048,3.8359760858154726,0.19074527710857586,0.12541507201032867,0.2916010653498091,True,True,True,1.0818952844715568e-08,10,20.25180323387832,0.9979198290158434,0.9943300346918322
near_active,3000,88,estimated,0.9932493989220406,0.9932493989220406,0.21380845114093525,4.019358637022753,3.862754998648157,0.18267955643236355,0.12576156146599496,0.29279748022661634,True,True,True,2.20930979999423e-06,9,20.25180323387832,0.9979198290158434,0.9943300346918322
near_active,3000,89,known,0.9988724461351984,1.0,0.20405135777497174,4.16370826111058,4.094673284182513,0.06903497692806673,0.12626658832830376,0.2933705730425121,True,True,True,9.965162650615866e-08,10,3.382661594404701,1.0037662014887856,1.0000047545045525
near_active,3000,89,estimated,0.9988724461351984,0.9988724461351984,0.20405135777497174,4.162617794031452,4.099390810338648,0.06784926764433333,0.1263233711478884,0.29357239563482257,True,True,True,1.216213536103794e-06,9,3.382661594404701,1.0037662014887856,1.0000047545045525
near_active,3000,90,known,0.9992512145850856,1.0,0.19096887462675838,4.252764437514508,4.1355060729185675,0.11725836459594054,0.12712704187149457,0.29814958600357916,True,True,True,8.747274016229767e-08,11,2.2463562447432306,1.0044802207593624,1.000461092690291
near_active,3000,90,estimated,0.9992512145850856,0.9992512145850856,0.19096887462675838,4.252068556956369,4.138572625810563,0.11659483396657687,0.12716366943036253,0.29828148906842705,True,True,True,1.933659294905965e-06,9,2.2463562447432306,1.0044802207593624,1.000461092690291
near_active,3000,91,known,0.9972021166585867,1.0,0.17129795209206974,4.3520929884302815,4.079730693692033,0.2723622947382484,0.12826866038514817,0.3091657423670261,True,True,True,5.711334960523118e-08,10,8.393650024239863,1.0030315933821687,0.9985509305665455
near_active,3000,91,estimated,0.9972021166585867,0.9972021166585867,0.17129795209206974,4.349617415846535,4.09073052735144,0.27033227529178283,0.12840474359269619,0.30967115380830673,True,True,True,4.916535800703059e-08,10,8.393650024239863,1.0030315933821687,0.9985509305665455
near_active,3000,92,known,0.9989905636062613,1.0,0.18370213411598252,4.089083941104346,3.646676752674028,0.4424071884303185,0.12595098985794834,0.29994625387867974,True,True,True,2.544885635558103e-08,10,3.0283091812162155,1.004426414579487,1.000248301091449
near_active,3000,92,estimated,0.9989905636062613,0.9989905636062613,0.18370213411598252,4.087992251466464,3.6502378762285943,0.441439058195939,0.12600001148203682,0.30011721874383834,True,True,True,2.192329562333839e-08,10,3.0283091812162155,1.004426414579487,1.000248301091449
near_active,3000,93,known,0.998374292607733,1.0,0.2012051475088798,4.228265842213543,4.208265842213543,0.02,0.12731849633664438,0.29702519389491666,True,True,True,2.0047169061446812,9,4.877122176800919,1.0033372741063744,0.9995226183988336
near_active,3000,93,estimated,0.998374292607733,0.998374292607733,0.2012051475088798,4.226313046740831,4.213162416025385,0.02,0.1273977884230574,0.29732330495068837,True,True,True,2.0451554001984213,9,4.877122176800919,1.0033372741063744,0.9995226183988336
near_active,3000,94,known,0.9994747762957684,1.0,0.19311375946645096,4.144348155149947,3.9135811024947693,0.23076705265517755,0.1261558065959818,0.2963966530981896,True,True,True,2.367951168480431e-09,10,1.5756711126947431,1.0046457047023043,1.0006712164708498
near_active,3000,94,estimated,0.9994747762957684,0.9994747762957684,0.19311375946645096,4.143819870299967,3.9156311053968613,0.2302453471766868,0.12618188481035264,0.2964889146581379,True,True,True,2.597412951388378e-09,10,1.5756711126947431,1.0046457047023043,1.0006712164708498
near_active,3000,95,known,0.9995451844129732,1.0,0.20711208550840976,4.213448526208305,4.193448526208305,0.02,0.1259310799653996,0.2863187340297168,True,True,True,8.755114902114368,8,1.3644467610802735,1.0043666192513445,1.0006607593907417
near_active,3000,95,estimated,0.9995451844129732,0.9995451844129732,0.20711208550840976,4.212932316349839,4.1948401950556375,0.02,0.12595338809917322,0.2864005652092808,True,True,True,8.771873204564441,8,1.3644467610802735,1.0043666192513445,1.0006607593907417
near_active,3000,96,known,0.9931350904463095,1.0,0.19601277032086467,4.12643417608796,3.860756932424182,0.2656772436637777,0.12723711027110773,0.30283021959818135,True,True,True,4.067793657469565e-08,11,20.594728661071372,0.9982295412970544,0.9943138353811851
near_active,3000,96,estimated,0.9931350904463095,0.9931350904463095,0.19601277032086467,4.119280697802364,3.8872106095184473,0.258755437534407,0.12758384169838363,0.30405116356836404,True,True,True,9.009630375089728e-09,10,20.594728661071372,0.9982295412970544,0.9943138353811851
near_active,3000,97,known,0.9988641222063387,1.0,0.19839026667949944,4.013516398383143,3.672483478117496,0.341032920265647,0.12534980819731598,0.29467968766116276,True,True,True,2.705529045243793e-08,10,3.407633380983932,1.0038975214815724,1.0000287411367619
near_active,3000,97,estimated,0.9988641222063387,0.9988641222063387,0.19839026667949944,4.012254505371777,3.6766561315176123,0.33977460590888375,0.12540666374624515,0.29487536096138856,True,True,True,2.803237109105794e-08,10,3.407633380983932,1.0038975214815724,1.0000287411367619
near_active,3000,98,known,0.9961553283874778,1.0,0.21463552435212377,4.025462897129837,3.8814143393359672,0.14404855779387002,0.12553111472265888,0.29177738396261454,True,True,True,1.175322728030892e-08,10,11.534014837566664,1.0008077615181639,0.9972318000521012
near_active,3000,98,estimated,0.9961553283874778,0.9961553283874778,0.21463552435212377,4.021369600238925,3.897017039898234,0.13933531112750364,0.12573176098979105,0.29247371632804725,True,True,True,2.2602068785460006e-06,9,11.534014837566664,1.0008077615181639,0.9972318000521012
near_active,3000,99,known,0.998850378620779,1.0,0.20384204996454414,4.100156306411366,3.961951271241666,0.13820503516969965,0.12656093254516054,0.2968983863218397,True,True,True,1.1980504588393615e-08,10,3.448864137663099,1.003749158949429,0.9999838496598842
near_active,3000,99,estimated,0.998850378620779,0.998850378620779,0.20384204996454414,4.098990423315303,3.9666084996424518,0.1369420216070404,0.12661997527860427,0.2971059792738866,True,True,True,1.2170367824637651e-08,10,3.448864137663099,1.003749158949429,0.9999838496598842
near_active,3000,100,known,0.998289102872257,1.0,0.20052230707216645,4.051338750653567,3.8017992719721234,0.24953947868144377,0.1266510365330867,0.2991471459054724,True,True,True,2.091355089106628e-08,10,5.132691383228916,1.0032689848569512,0.999441339067622
near_active,3000,100,estimated,0.998289102872257,0.998289102872257,0.20052230707216645,4.0494997616015596,3.808334913197124,0.24768051766890795,0.12673800888909406,0.2994485333815563,True,True,True,2.4223255401523147e-08,10,5.132691383228916,1.0032689848569512,0.999441339067622
near_active,3000,101,known,0.9998219556882912,1.0,0.20452629875649522,3.935671742871117,3.5932570621129654,0.34241468075815185,0.12563038079161626,0.29574980110478977,True,True,True,3.2309829478549545e-08,10,0.5341329351262747,1.0047043470022166,1.000951634666454
near_active,3000,101,estimated,0.9998219556882912,0.9998219556882912,0.20452629875649522,3.935465079080117,3.5939021920112166,0.3422027609110256,0.12563947942532502,0.2957805883749683,True,True,True,3.2827287554937357e-08,10,0.5341329351262747,1.0047043470022166,1.000951634666454
near_active,3000,102,known,0.9989931952486331,1.0,0.20324050673921573,4.21056974376357,4.190569743763571,0.02,0.12678632069434267,0.2940423813851525,True,True,True,1.017882204300201,8,3.0204142541008228,1.0039064747938338,1.000130021090556
near_active,3000,102,estimated,0.9989931952486331,0.9989931952486331,0.20324050673921573,4.209329604370119,4.193551692138867,0.02,0.12683475086767262,0.2942241944857425,True,True,True,1.0424888695230732,9,3.0204142541008228,1.0039064747938338,1.000130021090556
near_active,3000,103,known,0.995465294653214,1.0,0.21409945694031737,4.010685794317084,3.8105658913911755,0.20011990292590862,0.12448828382992541,0.28695117897230865,True,True,True,1.2538297533559728e-06,9,13.60411604035805,1.0001293766587855,0.9965444616136937
near_active,3000,103,estimated,0.995465294653214,0.995465294653214,0.21409945694031737,4.005720893145493,3.8284751286791745,0.19460677110237715,0.1247186461404372,0.28774476130089754,True,True,True,1.053307705944917e-06,9,13.60411604035805,1.0001293766587855,0.9965444616136937
near_active,3000,104,known,0.9990546629279167,1.0,0.20833318422966593,4.1608484920346775,4.140848492034678,0.02,0.12706088851001845,0.29423468596364266,True,True,True,4.055356372515488,9,2.8360112162499895,1.003847837996067,1.0001636992105472
near_active,3000,104,estimated,0.9990546629279167,0.9990546629279167,0.20833318422966593,4.159667836900183,4.143584921337649,0.02,0.12710742082723564,0.2944061891904823,True,True,True,4.083644917456871,9,2.8360112162499895,1.003847837996067,1.0001636992105472
near_active,3000,105,known,0.9992817013919632,1.0,0.21258048165407403,4.140561735309001,4.120561735309002,0.02,0.12551236557676496,0.2868883615925751,True,True,True,3.4284913056878263,8,2.1548958241105476,1.0039791101886135,1.000368579445813
near_active,3000,105,estimated,0.9992817013919632,0.9992817013919632,0.21258048165407403,4.139646267572505,4.1226075308233785,0.02,0.1255475195519255,0.2870183352750453,True,True,True,3.451492652950577,8,2.1548958241105476,1.0039791101886135,1.000368579445813
near_active,3000,106,known,0.9989047397625295,1.0,0.18596701653982506,4.107148216914165,3.7279308731589658,0.3792173437551995,0.1262047826328737,0.3002329529782388,True,True,True,1.0960094165568535e-08,10,3.28578071241159,1.0042743877952716,1.0001471593296423
near_active,3000,106,estimated,0.9989047397625295,0.9989047397625295,0.18596701653982506,4.105987466948316,3.7319113790532996,0.3781635020382576,0.126258397020548,0.30042097679045354,True,True,True,6.378573669252319e-08,11,3.28578071241159,1.0042743877952716,1.0001471593296423
near_active,3000,107,known,0.9960668179484495,1.0,0.19709883417533672,4.281104087401385,4.261104087401385,0.02,0.12833937869228493,0.3019418084537006,True,True,True,3.4644705565092306,9,11.799546154651397,1.0011331971013047,0.997239067704027
near_active,3000,107,estimated,0.9960668179484495,0.9960668179484495,0.19709883417533672,4.2766409754531685,4.2734492292599064,0.02,0.1285340760564595,0.30267610485828245,True,True,True,3.5619734570853847,8,11.799546154651397,1.0011331971013047,0.997239067704027
near_active,3000,108,known,0.9998953223719906,1.0,0.20032906191844746,3.8353773355791727,3.2863043245115415,0.5490730110676314,0.12439919232315669,0.294190276706084,False,False,True,2.450126467046232e-06,9,0.3140328840280926,1.004880008143267,1.0010486700589114
near_active,3000,108,estimated,0.9998953223719906,0.9998953223719906,0.20032906191844746,3.8352459946599975,3.2866473860747174,0.5489426470377576,0.12440449833236673,0.29420788953613664,False,False,True,2.4710183739173885e-06,9,0.3140328840280926,1.004880008143267,1.0010486700589114
near_active,3000,109,known,0.9986296012536108,1.0,0.18750486489548723,4.330183079111205,4.257067557460124,0.07311552165108023,0.12704893469819797,0.2982424113627828,True,True,True,1.171456460516907e-06,9,4.111196239167669,1.0039552093388975,0.9998618309363736
near_active,3000,109,estimated,0.9986296012536108,0.9986296012536108,0.18750486489548723,4.329003560703694,4.262900401653779,0.07194503241632397,0.12711620310584348,0.2984911958870228,True,True,True,1.1258619803277188e-06,9,4.111196239167669,1.0039552093388975,0.9998618309363736
near_active,3000,110,known,0.9992589209421354,1.0,0.1831828660131073,4.1364647539012145,3.768917314633808,0.3675474392674062,0.126871637422746,0.3034244541243164,True,True,True,4.12406075955829e-08,10,2.2232371735937395,1.0047101809112122,1.0005202237332498
near_active,3000,110,estimated,0.9992589209421354,0.9992589209421354,0.1831828660131073,4.1356964395694655,3.771630460719061,0.366861055198847,0.12690806194989393,0.3035530530825442,True,True,True,3.849389584864582e-08,10,2.2232371735937395,1.0047101809112122,1.0005202237332498
near_active,3000,111,known,0.9979657817726735,1.0,0.2240950644862155,3.9503386616184635,3.841839172524377,0.10849948909408659,0.1253692416585687,0.28898881634462653,True,True,True,1.9665104371568987e-06,9,6.102654681979569,1.0024218255807218,0.9989968132267413
near_active,3000,111,estimated,0.9979657817726735,0.9979657817726735,0.2240950644862155,3.948070381119536,3.8500563374626404,0.10584589843479593,0.12547578573482865,0.28935059613645275,True,True,True,1.8183331693677474e-06,9,6.102654681979569,1.0024218255807218,0.9989968132267413
near_active,3000,112,known,0.9991694375370377,1.0,0.2097890665582373,4.100057474806732,4.040012770391078,0.06004470441565455,0.12660541972556033,0.2951748926628696,True,True,True,1.831420739506484e-07,10,2.491687388886943,1.0039293491992634,1.0002707773922417
near_active,3000,112,estimated,0.9991694375370377,0.9991694375370377,0.2097890665582373,4.099225624905184,4.043479787936017,0.05910419950077276,0.12664840127187077,0.2953257535310492,True,True,True,1.4836623840608354e-07,9,2.491687388886943,1.0039293491992634,1.0002707773922417
near_active,3000,113,known,0.9999267870821761,1.0,0.1938294976763539,4.164200469534443,3.9724450374334848,0.1917554321009575,0.12599580450234873,0.2949978503116659,True,True,True,2.309267407518689e-06,9,0.21963875347175144,1.0050786212275928,1.001118809261238
near_active,3000,113,estimated,0.9999267870821761,0.9999267870821761,0.1938294976763539,4.16412824325572,3.9727358846854988,0.19168321415608314,0.12599941949510945,0.2950107102618371,True,True,True,2.3047053971936293e-06,9,0.21963875347175144,1.0050786212275928,1.001118809261238
near_active,3000,114,known,0.9993429657608621,1.0,0.18416724817454785,3.879508414081522,3.1512605503025126,0.7282478637790094,0.12485948359770953,0.30112521258257907,False,False,True,5.007747994056899e-09,11,1.9711027174136309,1.0047650885020978,1.0005975268322622
near_active,3000,114,estimated,0.9993429657608621,0.9993429657608621,0.18416724817454785,3.8786872914440544,3.153252711254425,0.7275063751855781,0.12489199154375112,0.30123407475924247,False,False,True,1.1153592378576604e-06,8,1.9711027174136309,1.0047650885020978,1.0005975268322622
near_active,3000,115,known,0.9979113502392571,1.0,0.2219354140687226,4.082905729252856,4.062905729252856,0.02,0.1259129871395394,0.2851952767830044,True,True,True,11.585420839757825,8,6.265949282228567,1.0024107557474236,0.9989524146460178
near_active,3000,115,estimated,0.9979113502392571,0.9979113502392571,0.2219354140687226,4.0802972438038925,4.06879553261961,0.02,0.12601962059901625,0.28557552891311405,True,True,True,11.680747968586502,8,6.265949282228567,1.0024107557474236,0.9989524146460178
near_active,3000,116,known,0.999987897579978,1.0,0.1961577026935239,4.163755686433413,4.015785086916648,0.14797059951676522,0.1267518710983528,0.29746933561527705,True,True,True,3.082180431324133e-06,9,0.03630726006609297,1.0050785843631433,1.0011657715916227
near_active,3000,116,estimated,0.999987897579978,0.999987897579978,0.1961577026935239,4.16374374508986,4.015833639668285,0.14795870672702063,0.12675247345852228,0.2974714712455316,True,True,True,1.829355189775228e-06,10,0.03630726006609297,1.0050785843631433,1.0011657715916227
near_active,3000,117,known,0.9994813664478501,1.0,0.19551506871902255,4.055378448136186,3.7412477988114117,0.31413064932477425,0.12566860618658848,0.2958743215254011,True,True,True,2.2847103364753707e-07,10,1.5559006564496158,1.0045887856921083,1.0006631119864444
near_active,3000,117,estimated,0.9994813664478501,0.9994813664478501,0.19551506871902255,4.054819790078431,3.7431825186637084,0.3135786114607231,0.12569447034528633,0.29596417319026475,True,True,True,2.1625859325524743e-08,10,1.5559006564496158,1.0045887856921083,1.0006631119864444
near_active,3000,118,known,0.9999954227905603,1.0,0.2036281166091794,4.200302703350944,4.180302703350945,0.02,0.12671909346037794,0.2934000426678494,True,True,True,1.5789883860860388,9,0.013731628319080258,1.0048993498176642,1.0011300846635574
near_active,3000,118,estimated,0.9999954227905603,0.9999954227905603,0.2036281166091794,4.200297059755443,4.180316193938188,0.02,0.12671931343658593,0.2934008650672582,True,True,True,1.579104580527407,9,0.013731628319080258,1.0048993498176642,1.0011300846635574
near_active,3000,119,known,0.9920597706206005,1.0,0.2004563228652006,4.229038534641297,4.123081694596426,0.10595684004487071,0.12663570140826014,0.2961765437765393,True,True,True,1.6102197843981259e-06,9,23.820688138198598,0.9970412918330269,0.9932123860975491
near_active,3000,119,estimated,0.9920597706206005,0.9920597706206005,0.2004563228652006,4.221469873275738,4.156264389191022,0.09820717669632258,0.12703127995482807,0.2976006857758485,True,True,True,3.6298559713543455e-08,11,23.820688138198598,0.9970412918330269,0.9932123860975491
near_active,3000,120,known,0.9992376062246656,1.0,0.18505069560668966,4.269215583957633,4.0956658822842185,0.1735497016734146,0.12725489420611372,0.3004840752604042,True,True,True,2.9542227029111245e-06,9,2.2871813260031404,1.0046338433003716,1.0004861779170289
near_active,3000,120,estimated,0.9992376062246656,0.9992376062246656,0.18505069560668966,4.268509408847893,4.098727706272231,0.17290654706571484,0.12729196488320735,0.3006183870056762,True,True,True,3.6878833480358253e-06,10,2.2871813260031404,1.0046338433003716,1.0004861779170289
near_active,3000,121,known,0.9975092267850412,1.0,0.20464273720207657,4.20778575813718,4.1877857581371805,0.02,0.12694850337139307,0.2949282830665999,True,True,True,1.7940134680844064,9,7.472319644876491,1.0023888400963699,0.998638262993927
near_active,3000,121,estimated,0.9975092267850412,0.9975092267850412,0.20464273720207657,4.204724954025632,4.195174181509023,0.02,0.12707015270808478,0.2953842570033221,True,True,True,1.8584683609166603,9,7.472319644876491,1.0023888400963699,0.998638262993927
near_active,3000,122,known,0.99892907494742,1.0,0.203805755981158,4.114400877226566,3.9966362070343537,0.11776467019221183,0.12683463418979515,0.2975697458784097,True,True,True,8.781456450890346e-09,10,3.212775157739989,1.0038287276569848,1.0000627478364625
near_active,3000,122,estimated,0.99892907494742,0.99892907494742,0.203805755981158,4.113327542273913,4.001010281806558,0.116602042613772,0.12688967575030768,0.29776360203239455,True,True,True,9.041485782290692e-09,10,3.212775157739989,1.0038287276569848,1.0000627478364625
near_active,3000,123,known,0.9994164594145114,1.0,0.19065480089034986,4.34489349675838,4.3248934967583805,0.02,0.12771568396493904,0.29787995365311754,True,True,True,5.2918635743468005,7,1.7506217564657867,1.0046540795523453,1.0006283306032129
near_active,3000,123,estimated,0.9994164594145114,0.9994164594145114,0.19065480089034986,4.3442902164121815,4.326815088622298,0.02,0.12774422508148278,0.2979882657845051,True,True,True,5.307101780596064,7,1.7506217564657867,1.0046540795523453,1.0006283306032129
near_active,3000,124,known,0.9979495808383031,1.0,0.19360136757234356,3.979985858486232,3.52799306437595,0.4519927941102823,0.12590247586742617,0.3002427909290739,True,True,True,3.706670592684702e-08,10,6.151257485090711,1.0031074856456896,0.9991430076362843
near_active,3000,124,estimated,0.9979495808383031,0.9979495808383031,0.19360136757234356,3.977632115003812,3.535159720285623,0.4497209539483217,0.12600604938984353,0.30059758284356974,True,True,True,4.10807725614859e-08,10,6.151257485090711,1.0031074856456896,0.9991430076362843
near_active,3000,125,known,0.9954063222464605,1.0,0.18837989444547124,4.172472823393848,3.863047486827655,0.30942533656619353,0.1259975883566301,0.29773109930439107,True,True,True,1.1813911271474353e-07,10,13.781033260618415,1.0007071927425264,0.9966328281900315
near_active,3000,125,estimated,0.9954063222464605,0.9954063222464605,0.18837989444547124,4.167836063185683,3.8806038757321843,0.30505843114774855,0.1262229159701624,0.2985349427231314,True,True,True,5.0278137209147644e-09,10,13.781033260618415,1.0007071927425264,0.9966328281900315
near_active,3000,126,known,0.9989509052561208,1.0,0.2095460820182302,4.131863360218924,4.1118633602189245,0.02,0.1272054479059082,0.2965537239192023,True,True,True,0.6760017390818565,8,3.1472842316374594,1.0037163363961368,1.0000535221982336
near_active,3000,126,estimated,0.9989509052561208,0.9989509052561208,0.2095460820182302,4.130478917095414,4.114795727665444,0.02,0.12725691860319616,0.2967446057402302,True,True,True,0.7028997418950791,7,3.1472842316374594,1.0037163363961368,1.0000535221982336
near_active,3000,127,known,0.990766647589986,1.0,0.1904299218737491,4.0743824761237954,3.6150312135435976,0.45935126258019804,0.12613469397019514,0.30154084623644906,True,True,True,4.6902800310277826e-08,10,27.700057230041985,0.9960104528422931,0.9919799498794226
near_active,3000,127,estimated,0.990766647589986,0.990766647589986,0.1904299218737491,4.064124936900651,3.6478427254743195,0.4499640288469415,0.12659250163649372,0.30313612729862277,True,True,True,2.038980628782383e-08,10,27.700057230041985,0.9960104528422931,0.9919799498794226
near_active,3000,128,known,0.9994230424574495,1.0,0.20468538590430838,4.11940585626813,4.008209273663431,0.11119658260469831,0.12595950583210963,0.29299147066661607,True,True,True,1.7073144520374228e-06,9,1.7308726276514808,1.0043016390416963,1.0005518434178398
near_active,3000,128,estimated,0.9994230424574495,0.9994230424574495,0.20468538590430838,4.118830014950958,4.010576715799746,0.11056723163736908,0.12598873756117088,0.293094604130024,True,True,True,9.122505155723104e-07,9,1.7308726276514808,1.0043016390416963,1.0005518434178398
near_active,3000,129,known,0.9998514055470451,1.0,0.2235786761457987,3.9273228148031682,3.793566131846403,0.13375668295676557,0.12457970735752272,0.2858324021499622,True,True,True,1.2575983712181937e-06,9,0.4457833588646931,1.004317741253706,1.0008848183222239
near_active,3000,129,estimated,0.9998514055470451,0.9998514055470451,0.2235786761457987,3.9271554885616147,3.794159881655195,0.1335593980184577,0.12458746031551035,0.28585865661303583,True,True,True,1.2496933496919382e-06,9,0.4457833588646931,1.004317741253706,1.0008848183222239
near_active,3000,130,known,0.9996232454678747,1.0,0.1935950382058695,4.14885004266525,3.9314265196528435,0.21742352301240686,0.12609806858561864,0.29607106076975515,True,True,True,3.170444110356385e-06,9,1.1302635963758023,1.0047813189070096,1.0008167112835686
near_active,3000,130,estimated,0.9996232454678747,0.9996232454678747,0.1935950382058695,4.148475161219443,3.9329122346615892,0.2170446690667136,0.12611687347900938,0.29613784736776155,True,True,True,5.918452905095961e-06,10,1.1302635963758023,1.0047813189070096,1.0008167112835686
near_active,3000,131,known,0.9980619575175051,1.0,0.19918853558724306,4.15943607025951,4.026816613456918,0.13261945680259177,0.12669862484036093,0.2976099485632116,True,True,True,5.913758389652912e-07,10,5.814127447484552,1.0030751849182389,0.9992219091156505
near_active,3000,131,estimated,0.9980619575175051,0.9980619575175051,0.19918853558724306,4.1575388674078395,4.0347346305833875,0.13062372394411578,0.1267968102199737,0.2979595391762053,True,True,True,3.5995955194323415e-07,10,5.814127447484552,1.0030751849182389,0.9992219091156505
near_active,3000,132,known,0.998466982071941,1.0,0.1767460151906251,4.284209453742243,4.003162270021854,0.28104718372038784,0.1272105195844507,0.30342259503563257,True,True,True,4.552450318939805e-06,9,4.599053784177132,1.0041167695562077,0.999774219804783
near_active,3000,132,estimated,0.998466982071941,0.998466982071941,0.1767460151906251,4.282785130023592,4.009108983159492,0.2798221828108258,0.12728466796487517,0.30369342876278593,True,True,True,7.879912633512731e-07,11,4.599053784177132,1.0041167695562077,0.999774219804783
near_active,3000,133,known,0.9986933815412226,1.0,0.20502647483450795,4.109893003585257,3.9859562331300973,0.12393677045516002,0.1261455481248119,0.29384045538790365,True,True,True,2.1302310626580834e-06,9,3.9198553763323263,1.0035638619283238,0.9998203045904197
near_active,3000,133,estimated,0.9986933815412226,0.9986933815412226,0.20502647483450795,4.10856639088301,3.9912580205567108,0.12252342172970243,0.12621148683079195,0.29407179049890514,True,True,True,2.0456265552581954e-06,9,3.9198553763323263,1.0035638619283238,0.9998203045904197
near_active,3000,134,known,0.9997709835936522,1.0,0.201395226341251,4.173028023511729,4.102802874585943,0.07022514892578602,0.12678550459221946,0.2960692193967957,True,True,True,1.9558003170327964e-06,9,0.6870492190432786,1.0047292809806319,1.0009182255833662
near_active,3000,134,estimated,0.9997709835936522,0.9997709835936522,0.201395226341251,4.1728077339561835,4.103756327009966,0.06999123447275585,0.12679703883543444,0.29611024535376795,True,True,True,1.941994337784081e-06,9,0.6870492190432786,1.0047292809806319,1.0009182255833662
near_active,3000,135,known,0.9981575925076924,1.0,0.18546914411155616,4.212319009374064,3.957804013559141,0.2545149958149234,0.12686235705752844,0.3006144122492444,True,True,True,1.0644646275537184e-08,10,5.527222476922722,1.0035416547963358,0.9994033472195796
near_active,3000,135,estimated,0.9981575925076924,0.9981575925076924,0.18546914411155616,4.210523338637079,3.964953098898481,0.2528752990346562,0.12695242967160664,0.30093730827761767,True,True,True,8.299144704793093e-09,10,5.527222476922722,1.0035416547963358,0.9994033472195796
near_active,3000,136,known,0.9999091121204519,1.0,0.19319329824924503,4.286029839107356,4.266029839107357,0.02,0.12798341749271483,0.3011632378739717,True,True,True,0.8825887836015442,10,0.27266363864442145,1.0050779116262696,1.001105059714289
near_active,3000,136,estimated,0.9999091121204519,0.9999091121204519,0.19319329824924503,4.285925636335533,4.2663133925132675,0.02,0.12798782355545582,0.301180008218102,True,True,True,0.8844749898882347,8,0.27266363864442145,1.0050779116262696,1.001105059714289
near_active,3000,137,known,0.9992581950377054,1.0,0.1798878920759399,4.060319885503506,3.546463389916782,0.5138564955867237,0.12687728882668878,0.30736750982364214,True,True,True,4.3117619195065515e-06,10,2.2254148868837698,1.0048093047482825,1.0005426008835925
near_active,3000,137,estimated,0.9992581950377054,0.9992581950377054,0.1798878920759399,4.0595025578166055,3.5489986086504954,0.5131366139451837,0.1269141116097746,0.3074959241938683,True,True,True,3.561913750615986e-07,8,2.2254148868837698,1.0048093047482825,1.0005426008835925
near_active,3000,138,known,0.9980377156362695,1.0,0.1771776339254997,4.077996166326325,3.517223078159964,0.5607730881663607,0.1264092585064471,0.30514962858820466,True,True,True,8.36549264717943e-07,9,5.886853091191413,1.0036737397912026,0.9993417688345632
near_active,3000,138,estimated,0.9980377156362695,0.9980377156362695,0.1771776339254997,4.075823821778836,3.5237887808476005,0.5589497165569817,0.12650423065736718,0.3054801704421432,True,True,True,9.299417410113215e-07,9,5.886853091191413,1.0036737397912026,0.9993417688345632
near_active,3000,139,known,0.9994996512956855,1.0,0.20099406097745925,4.120792407986418,3.9866364806096573,0.13415592737676074,0.1268659133515582,0.29847922443627684,True,True,True,8.708669341217501e-09,10,1.5010461129434383,1.0044678449809208,1.000649183073207
near_active,3000,139,estimated,0.9994996512956855,0.9994996512956855,0.20099406097745925,4.120290051945885,3.988658555532043,0.13362721655405507,0.12689140169743107,0.2985691208473829,True,True,True,8.956561714512645e-09,10,1.5010461129434383,1.0044678449809208,1.000649183073207
near_active,3000,140,known,0.9966729345465675,1.0,0.21566936273780962,4.064116290445119,3.981967625993851,0.08214866445126809,0.12543456216270346,0.2895116043407338,True,True,True,1.054190371441166e-06,9,9.981196360297595,1.0013030656502235,0.9977442460080268
near_active,3000,140,estimated,0.9966729345465675,0.9966729345465675,0.21566936273780962,4.060660849451342,3.995756992179548,0.078198002320786,0.1256048803185655,0.2901048704743288,True,True,True,9.248609520451367e-07,9,9.981196360297595,1.0013030656502235,0.9977442460080268
near_active,3000,141,known,0.9994535971416207,1.0,0.20699801316403776,4.183289014977489,4.163289014977489,0.02,0.1260888338369727,0.29006164946944835,True,True,True,1.7550690161142009,9,1.6392085751377738,1.004277688973491,1.0005697868897974
near_active,3000,141,estimated,0.9994535971416207,0.9994535971416207,0.20699801316403776,4.182606071380329,4.16488177468683,0.02,0.12611517985530377,0.2901600137565715,True,True,True,1.7699835986538495,9,1.6392085751377738,1.004277688973491,1.0005697868897974
near_active,3000,142,known,0.9967555655943715,1.0,0.1844747326176308,4.174852923216504,3.8720368323666325,0.3028160908498712,0.12830007565584817,0.30962247572447665,True,True,True,4.754971715925649e-06,10,9.733303216885481,1.0021686506838499,0.9980080355500567
near_active,3000,142,estimated,0.9967555655943715,0.9967555655943715,0.1844747326176308,4.1715870471458745,3.8843127829169304,0.2998766622640629,0.12846303933817874,0.3102030356914121,True,True,True,6.278429687256448e-08,10,9.733303216885481,1.0021686506838499,0.9980080355500567
near_active,3000,143,known,0.9990519240122383,1.0,0.20727008322454904,4.170989837783825,4.1509898377838255,0.02,0.12657921181663828,0.2934335203664255,True,True,True,1.952732421405404,9,2.8442279632850953,1.00386968357012,1.0001666486101743
near_active,3000,143,estimated,0.9990519240122383,0.9990519240122383,0.20727008322454904,4.169797954623633,4.1537360119961075,0.02,0.126626090262734,0.29360852348683547,True,True,True,1.9789773602054517,9,2.8442279632850953,1.00386968357012,1.0001666486101743
near_active,3000,144,known,0.9980701386495725,1.0,0.21955576125855963,4.081571362495818,4.061571362495818,0.02,0.12778052075483884,0.2931437060834062,True,True,True,13.968842494151586,8,5.7895840512824925,1.002618310917036,0.9991224866219609
near_active,3000,144,estimated,0.9980701386495725,0.9980701386495725,0.21955576125855963,4.079206185196955,4.067055037523934,0.02,0.12788083836745753,0.29349711747201074,True,True,True,14.058174318914471,8,5.7895840512824925,1.002618310917036,0.9991224866219609
near_active,3000,145,known,0.9978140598291595,1.0,0.19492956987310212,4.118058070132285,3.8531845417726394,0.2648735283596463,0.12567208112565145,0.29483368665008847,True,True,True,6.512067329822457e-09,10,6.557820512521517,1.0029368199376851,0.9989993549095163
near_active,3000,145,estimated,0.9978140598291595,0.9978140598291595,0.19492956987310212,4.1158022901806905,3.8616087615596233,0.2626347743370304,0.12578049911652858,0.2952155380057284,True,True,True,1.211163835890261e-06,10,6.557820512521517,1.0029368199376851,0.9989993549095163
near_active,3000,146,known,0.999504868574721,1.0,0.21482441457680454,3.9757866149482326,3.7962021663988668,0.17958444854936578,0.12486120611943986,0.2881980221675749,True,True,True,1.829845095890903e-06,9,1.4853942758370486,1.004153210926707,1.0005803937222784
near_active,3000,146,estimated,0.999504868574721,0.999504868574721,0.21482441457680454,3.9752384904102787,3.798145842332102,0.17897322944250815,0.12488652348139015,0.28828447450706507,True,True,True,1.7971375489977959e-06,9,1.4853942758370486,1.004153210926707,1.0005803937222784
near_active,3000,147,known,0.9983271040906504,1.0,0.20923496132304242,4.027711622995727,3.839804644959794,0.18790697803593265,0.12536059005976943,0.29133562006678404,True,True,True,9.741489392922631e-09,10,5.01868772804881,1.0030996211604735,0.9994313605625406
near_active,3000,147,estimated,0.9983271040906504,0.9983271040906504,0.20923496132304242,4.025910387185337,3.8463924797678164,0.18595252166267676,0.1254457268544324,0.2916297486148907,True,True,True,2.440352961041725e-06,9,5.01868772804881,1.0030996211604735,0.9994313605625406
near_active,3000,148,known,0.9984545433290567,1.0,0.2099995441714769,4.164120796502996,4.144120796502996,0.02,0.12724755363355614,0.2934766330063082,True,True,True,9.578484762188221,8,4.636370012829905,1.0032096842435656,0.9995547793371786
near_active,3000,148,estimated,0.9984545433290567,0.9984545433290567,0.2099995441714769,4.162298222956109,4.148709874307166,0.02,0.12732615409737563,0.29376229372574936,True,True,True,9.637276836650422,7,4.636370012829905,1.0032096842435656,0.9995547793371786
near_active,3000,149,known,0.996665358200604,1.0,0.19793078301993003,4.108608315150849,3.858106888564561,0.25050142658628777,0.12563398058788414,0.2940938552090365,True,True,True,1.260146524462158e-06,10,10.003925398188063,1.0017104421904826,0.997832680719423
near_active,3000,149,estimated,0.996665358200604,0.996665358200604,0.19793078301993003,4.105130976904758,3.871003445661445,0.24703594113882105,0.12579914096045178,0.29467337529894655,True,True,True,2.771095888309816e-06,9,10.003925398188063,1.0017104421904826,0.997832680719423
near_active,3000,150,known,0.9992665741536538,1.0,0.19588744307561434,4.291808939448334,4.271808939448334,0.02,0.12733163506543962,0.29554982819886855,True,True,True,3.8267543957848753,9,2.2002775390385088,1.0043642843939806,1.000446073240267
near_active,3000,150,estimated,0.9992665741536538,0.9992665741536538,0.19588744307561434,4.290993160458143,4.274127916342579,0.02,0.1273669274426891,0.2956826822587866,True,True,True,3.8454555967312,9,2.2002775390385088,1.0043642843939806,1.000446073240267
near_active,3000,151,known,0.9967983675710596,1.0,0.20279130731041806,4.210752605100921,4.186117511787735,0.02463509331318555,0.12773770143157212,0.29979692974621364,True,True,True,1.4680186524174133e-06,9,9.604897286821345,1.0017225304346553,0.997937711575746
near_active,3000,151,estimated,0.9967983675710596,0.9967983675710596,0.20279130731041806,4.207756891207983,4.199780534016896,0.021422510743228415,0.12790117490820113,0.3003823327713176,True,True,True,1.0291244993965165e-06,9,9.604897286821345,1.0017225304346553,0.997937711575746
near_active,3000,152,known,0.9993874913388118,1.0,0.20033635405694858,4.128005685418437,3.9815802899858976,0.14642539543253888,0.12652127786235035,0.29652762551984263,True,True,True,3.2578147273198965e-06,9,1.8375259835646807,1.0043719956701331,1.00054079704448
near_active,3000,152,estimated,0.9993874913388118,0.9993874913388118,0.20033635405694858,4.127391687451116,3.984047854606913,0.14578409666173803,0.1265522345536373,0.29663678963269147,True,True,True,3.2081608516421056e-06,9,1.8375259835646807,1.0043719956701331,1.00054079704448
near_active,3000,153,known,0.9981060473974637,1.0,0.18898960290442313,4.23329684890219,4.077320244612742,0.15597660428944787,0.12804791146580613,0.30442999227833817,True,True,True,5.546342274342919e-08,6,5.681857807608992,1.0033898164999524,0.9993285964511462
near_active,3000,153,estimated,0.9981060473974637,0.9981060473974637,0.18898960290442313,4.231495700752821,4.08492334737502,0.15430900458272315,0.1281417569887915,0.3047670765131012,True,True,True,2.247662278520579e-08,10,5.681857807608992,1.0033898164999524,0.9993285964511462
near_active,3000,154,known,0.9965911596485948,1.0,0.19938687867008525,4.214626856167245,4.10604651736945,0.10858033879779545,0.12585120462696622,0.29175841141068265,True,True,True,5.43298126487457e-08,10,10.22652105421562,1.001599400066312,0.9977499573675207
near_active,3000,154,estimated,0.9965911596485948,0.9965911596485948,0.19938687867008525,4.211408822150502,4.120278446987421,0.10517574659219692,0.1260203785879936,0.2923665788274441,True,True,True,8.479517976667239e-08,10,10.22652105421562,1.001599400066312,0.9977499573675207
near_active,3000,155,known,0.996338231764802,1.0,0.1951712988683034,4.079553838739755,3.7625477603249733,0.31700607841478146,0.1260633391762501,0.2982349219124146,True,True,True,1.0319155707705363e-07,10,10.985304705594112,1.0014546470897407,0.9975220588004695
near_active,3000,155,estimated,0.996338231764802,0.996338231764802,0.1951712988683034,4.0756375121172255,3.776290360719337,0.3131750514876553,0.12624675731589707,0.2988756602428654,True,True,True,2.0709673531627004e-08,10,10.985304705594112,1.0014546470897407,0.9975220588004695
near_active,3000,156,known,0.9978416546807841,1.0,0.19053627318617944,4.3240297240363965,4.304029724036397,0.02,0.12858382673923024,0.30393390057604525,True,True,True,0.4841956307425628,7,6.475035957647646,1.0030825330070976,0.9990542797433143
near_active,3000,156,estimated,0.9978416546807841,0.9978416546807841,0.19053627318617944,4.321605519976102,4.310909952293196,0.02,0.12868720012301316,0.3043285909476981,True,True,True,0.5239367353701887,7,6.475035957647646,1.0030825330070976,0.9990542797433143
near_active,3000,157,known,0.9995587409366856,1.0,0.19882253843665568,4.00294985409458,3.6678151770546776,0.3351346770399028,0.12571196297692738,0.296079188992794,True,True,True,2.5085182819850615e-08,10,1.3237771899431428,1.0045811968029563,1.0007208278006972
near_active,3000,157,estimated,0.9995587409366856,0.9995587409366856,0.19882253843665568,4.002456019316592,3.6694287231947706,0.33464646480311755,0.12573406395633405,0.29615492318245373,True,True,True,2.5872201270260575e-08,10,1.3237771899431428,1.0045811968029563,1.0007208278006972
near_active,3000,158,known,0.9984226868521194,1.0,0.19956086773030984,4.210171854604211,4.144152921190548,0.0660189334136631,0.12678543426006142,0.2960178163318568,True,True,True,1.5708771075040318e-06,9,4.731939443641697,1.0034265607873014,0.9995804742621185
near_active,3000,158,estimated,0.9984226868521194,0.9984226868521194,0.19956086773030984,4.208689891551981,4.150779727392817,0.06445724359713693,0.12686453486823376,0.2963014750937303,True,True,True,1.2470947874376748e-06,10,4.731939443641697,1.0034265607873014,0.9995804742621185
near_active,3000,159,known,0.9990330231872643,1.0,0.1845731868346198,4.3686559481383425,4.348655948138343,0.02,0.12939174523513736,0.30840755640393963,True,True,True,0.7468981730787219,8,2.900930438207161,1.0044432208527179,1.000284825055938
near_active,3000,159,estimated,0.9990330231872643,0.9990330231872643,0.1845731868346198,4.367625817198586,4.351833939711163,0.02,0.1294386586902312,0.30858792300506294,True,True,True,0.7633937136754296,8,2.900930438207161,1.0044432208527179,1.000284825055938
