scenario,n,rep,Khat,Z,scaled_exp,c_oracle,c_feasible,cover_oracle95,median_above_oracle,cover_feasible95,median_above_feasible
baseline,1000,0,0.9977331950027304,2.2668049972696114,0.20198388909401152,0.09325384034289526,0.1097111752709335,True,True,True,True
baseline,1000,1,0.9905804674752033,9.419532524796658,0.8393284005892238,0.09728870473617679,0.12517176036084687,True,False,True,False
baseline,1000,2,0.9993589120404359,0.6410879595640795,0.05712420763147623,0.09180947222388205,0.09800605720164014,True,True,True,True
baseline,1000,3,0.9977271083333814,2.2728916666185928,0.20252624238342876,0.08718560025324491,0.08854549640284654,True,True,True,True
baseline,1000,4,0.9973661506507765,2.633849349223505,0.2346894132864045,0.08986432393720523,0.10013434846915244,True,True,True,True
baseline,1000,5,0.9967328897208104,3.267110279189578,0.29111619265203365,0.09283486640029374,0.10890176869466484,True,True,True,True
baseline,1000,6,0.9926517543101151,7.3482456898849025,0.6547661771740518,0.09021514833314816,0.08606179060360913,True,True,True,True
baseline,1000,7,0.986240360207697,13.759639792302991,1.2260540986673663,0.08817759765971751,0.09539064127308315,True,False,True,False
baseline,1000,8,0.9899680798439778,10.031920156022167,0.8938952625544067,0.08788481274175708,0.09156550419685078,True,False,True,False
baseline,1000,9,0.991296094928062,8.703905071937967,0.7755623438507986,0.09588564089144734,0.12179295854558471,True,False,True,False
baseline,1000,10,0.9820445575704798,17.955442429520186,1.5999215180337618,0.08572734014914121,0.07893438849593862,True,False,True,False
baseline,1000,11,0.9965904423470403,3.409557652959694,0.30380898033336157,0.09578403971293535,0.10852489484597755,True,True,True,True
baseline,1000,12,0.9989930127971747,1.0069872028253268,0.08972769679771801,0.08782530908635143,0.07503844361197264,True,True,True,True
baseline,1000,13,0.9998030758183778,0.19692418162220449,0.017546949167933864,0.08946613851973766,0.09426211184501518,True,True,True,True
baseline,1000,14,0.9869177640766671,13.082235923332908,1.1656939582465033,0.08921205537082134,0.09139356876946014,True,False,True,False
baseline,1000,15,0.9923872395240555,7.612760475944502,0.678335794002823,0.08652854072252984,0.08696982418727789,True,True,True,True
baseline,1000,16,0.9887389188503414,11.261081149658626,1.0034197775066833,0.08959940839011427,0.09570369495462852,True,False,True,False
baseline,1000,17,0.9823939276933259,17.606072306674104,1.568790857817862,0.09159404515624656,0.10836988657202065,True,False,True,False
baseline,1000,18,0.9863495378794535,13.650462120546546,1.216325811156902,0.0866234917517747,0.08187005384938019,True,False,True,False
baseline,1000,19,0.9875081399125626,12.491860087437413,1.1130884595357922,0.08460299090273829,0.07932782886747758,True,False,True,False
baseline,1000,20,0.9901825482868348,9.81745171316517,0.8747850302104815,0.08634657424597006,0.07497052639652531,True,False,True,False
baseline,1000,21,0.950265731359757,49.734268640242995,4.431577049328259,0.08530931836402038,0.09259524224340111,False,False,False,False
baseline,1000,22,0.9992496302336648,0.750369766335246,0.06686177410298473,0.09539630624890894,0.10933653939544052,True,True,True,True
baseline,1000,23,0.9902401011243476,9.759898875652429,0.8696567787891102,0.09290540101492774,0.11031863291046674,True,False,True,False
baseline,1000,24,0.9778620024955197,22.13799750448031,1.9726085120221823,0.09194928521744879,0.11062468061882282,True,False,True,False
baseline,1000,25,0.9823806238207431,17.619376179256907,1.5699763007331204,0.08612390277178697,0.08316899415805408,True,False,True,False
baseline,1000,26,0.9850424798018727,14.95752019812735,1.3327913536713702,0.08723330587310925,0.09179050792087252,True,False,True,False
baseline,1000,27,0.9997362903563421,0.2637096436578501,0.023497874533436634,0.09015854534994779,0.08625406651530959,True,True,True,True
baseline,1000,28,0.9976726107578174,2.327389242182565,0.20738225437910754,0.09042036735716176,0.09290204492881238,True,True,True,True
baseline,1000,29,0.9929374950338486,7.062504966151351,0.6293052210169238,0.09259110027137159,0.10921386308576564,True,True,True,False
baseline,1000,30,0.9960916553147776,3.908344685222387,0.348253449410953,0.08672552849852637,0.07626779745854124,True,True,True,True
baseline,1000,31,0.9731509613733516,26.849038626648447,2.3923863088258304,0.09047108490006067,0.11030896407820802,True,False,True,False
baseline,1000,32,0.980814809291777,19.185190708222997,1.7094983630814162,0.08589669710644866,0.08177512519609775,True,False,True,False
baseline,1000,33,0.9973386707247434,2.661329275256641,0.23713801488154576,0.09125852606990344,0.0981291830852994,True,True,True,True
baseline,1000,34,0.9929631783902132,7.036821609786803,0.6270167029442412,0.08235036770072053,0.05884775175519626,True,True,True,True
baseline,1000,35,0.9948497079962151,5.150292003784918,0.4589172911420655,0.09415243362853233,0.10682175498593095,True,True,True,True
baseline,1000,36,0.9746054478397381,25.394552160261874,2.2627841447802988,0.09225171874743233,0.11671230226931459,True,False,True,False
baseline,1000,37,0.9999460407149152,0.05395928508478143,0.004808047567957756,0.09196148036225636,0.09464467180340891,True,True,True,True
baseline,1000,38,0.9612950947911868,38.7049052088132,3.4488045025962673,0.08833116006934624,0.10055571678178725,False,False,False,False
baseline,1000,39,0.9621022495287662,37.897750471233785,3.3768828978736196,0.08223514361460453,0.07190045877804543,False,False,True,False
baseline,1000,40,0.9764164376110541,23.58356238894588,2.1014157176061583,0.08631933272964999,0.08467848027684886,True,False,True,False
baseline,1000,41,0.9917898741933059,8.210125806694112,0.7315640923611162,0.09167313632231942,0.10876854302322711,True,False,True,False
baseline,1000,42,0.9961134760337851,3.8865239662149165,0.34630911203157305,0.09735339737567973,0.1213682005404993,True,True,True,True
baseline,1000,43,0.982323865644865,17.67613435513504,1.575033743748976,0.08921662036775205,0.09855017387335387,True,False,True,False
baseline,1000,44,0.9709601484683804,29.039851531619586,2.587598914831387,0.09318118743736427,0.1224391372211509,True,False,False,False
baseline,1000,45,0.9969100310240182,3.089968975981794,0.2753319988708364,0.09045787825995981,0.09871838703987075,True,True,True,True
baseline,1000,46,0.9985982887419768,1.4017112580232416,0.12489962375388193,0.0852365230480446,0.07362887522613791,True,True,True,True
baseline,1000,47,0.9769664846049458,23.03351539505416,2.0524037244507958,0.08559310993665302,0.0901624427034301,True,False,True,False
baseline,1000,48,0.9999290540753124,0.0709459246875932,0.00632164381189889,0.0914449320191966,0.10637682634923311,True,True,True,True
baseline,1000,49,0.997693989006703,2.3060109932969697,0.20547734334479564,0.09553602174060201,0.12345608810968768,True,True,True,True
baseline,1000,50,0.984183234454389,15.816765545610956,1.4093544974705594,0.08675061560035935,0.09157840662454445,True,False,True,False
baseline,1000,51,0.99096520581769,9.034794182310012,0.805046251576565,0.08854839667360338,0.0832790499691969,True,False,True,False
baseline,1000,52,0.9940157228186197,5.984277181380282,0.5332296249424467,0.09035012247550853,0.09899699408270117,True,True,True,True
baseline,1000,53,0.9971495794679612,2.8504205320387666,0.25398701048749,0.09215383877405248,0.10139675323837927,True,True,True,True
baseline,1000,54,0.9870575853861631,12.942414613836938,1.1532351662885578,0.08978082413949096,0.0973690469592471,True,False,True,False
baseline,1000,55,0.9861818582248654,13.81814177513463,1.2312669237786036,0.09375307538460624,0.1263663247657623,True,False,True,False
baseline,1000,56,0.9940876267200272,5.912373279972849,0.5268226205178053,0.08867393365035148,0.08922360656650086,True,True,True,True
baseline,1000,57,0.9944672956664415,5.532704333558458,0.49299218055610816,0.08998787754083588,0.09372398471230434,True,True,True,True
baseline,1000,58,0.9740470716820235,25.952928317976465,2.312538308922522,0.08377858560259312,0.0802740327759484,True,False,True,False
baseline,1000,59,0.9691668012548533,30.833198745146674,2.7473953001051163,0.08696419244226816,0.10244062955195186,True,False,False,False
baseline,1000,60,0.9937167767020028,6.283223297997242,0.5598672489712346,0.09097445181649814,0.10080509425124562,True,True,True,True
baseline,1000,61,0.9933391190338543,6.660880966145699,0.593518473779139,0.09247795419350781,0.10713984181291093,True,True,True,False
baseline,1000,62,0.9743154579356714,25.684542064328575,2.2886237245818006,0.0863438911853454,0.09154615589209641,True,False,True,False
baseline,1000,63,0.977341180440533,22.658819559467027,2.019016414033543,0.08844685021629636,0.09152143166649253,True,False,True,False
baseline,1000,64,0.9822716199818599,17.728380018140143,1.5796890988477943,0.08661997588144603,0.0861145313512407,True,False,True,False
baseline,1000,65,0.9826234428321039,17.376557167896102,1.5483398881084376,0.08683898681560664,0.09099268646228659,True,False,True,False
baseline,1000,66,0.9941675234962523,5.832476503747741,0.5197034101722046,0.08845939088366053,0.08581756710948546,True,True,True,True
baseline,1000,67,0.9903305435001147,9.669456499885264,0.8615979017271849,0.08908970506769413,0.0885337992614689,True,False,True,False
baseline,1000,68,0.9914726246280006,8.527375371999435,0.7598326470409134,0.09015847526818212,0.09520659017625109,True,False,True,False
baseline,1000,69,0.9783406066131773,21.659393386822657,1.929962443596649,0.09258057920790741,0.11525343736726322,True,False,True,False
baseline,1000,70,0.9856217916343238,14.378208365676159,1.2811717141092502,0.08744126951842013,0.08511780978265905,True,False,True,False
baseline,1000,71,0.999338376319467,0.6616236805330189,0.058954045130357687,0.09093681918084057,0.0958570185422273,True,True,True,True
baseline,1000,72,0.9974742336115919,2.5257663884080683,0.22505867010532224,0.08807399194118344,0.08281652679065866,True,True,True,True
baseline,1000,73,0.9950001935474277,4.999806452572253,0.445508260844796,0.09120310440468865,0.09744023022161784,True,True,True,True
baseline,1000,74,0.9941407753396535,5.859224660346496,0.5220868073777073,0.08969358723993127,0.09696652892007633,True,True,True,True
baseline,1000,75,0.9988129622973573,1.1870377026427237,0.10577111483775375,0.0877089454078676,0.07790213197603355,True,True,True,True
baseline,1000,76,0.9875888549369342,12.411145063065842,1.1058963391061458,0.09249227306233761,0.11558343114594645,True,False,True,False
baseline,1000,77,0.9904265157009082,9.573484299091772,0.853046289045666,0.08956341736881303,0.09663736220825668,True,False,True,False
baseline,1000,78,0.9969899111257364,3.0100888742635723,0.2682142743088623,0.08902359310185728,0.08472506431969079,True,True,True,True
baseline,1000,79,0.9988422826149351,1.1577173850648714,0.1031585249674387,0.08840308818099538,0.09022759849501778,True,True,True,True
baseline,1000,80,0.9987682339598628,1.2317660401371944,0.10975663788482869,0.08916029691221147,0.08789208957686202,True,True,True,True
baseline,1000,81,0.9986687821248043,1.3312178751957449,0.11861830373030635,0.0869009304789948,0.08041765331613392,True,True,True,True
baseline,1000,82,0.9893307961690786,10.669203830921404,0.9506804890151376,0.08494855233754042,0.0813152643370436,True,False,True,False
baseline,1000,83,0.999975488065598,0.024511934402005053,0.0021841383999496302,0.08816075212373076,0.0815398652389563,True,True,True,True
baseline,1000,84,0.9986520955880965,1.3479044119034667,0.12010515927535557,0.08912472740976334,0.08526987036563792,True,True,True,True
baseline,1000,85,0.9996093338434793,0.3906661565207248,0.03481034748313666,0.09187220342744061,0.09790234448392443,True,True,True,True
baseline,1000,86,0.9951712110756283,4.828788924371663,0.4302697266564529,0.08724572646918953,0.08247569702832908,True,True,True,True
baseline,1000,87,0.9941926535303333,5.807346469666741,0.5174641959376941,0.08590862898937468,0.07721066239288554,True,True,True,True
baseline,1000,88,0.9965881792525111,3.411820747488914,0.30401063360082387,0.09096844891893414,0.09799012190023365,True,True,True,True
baseline,1000,89,0.9990315228684196,0.9684771315804364,0.08629625299522967,0.09721004260767124,0.11765575225443468,True,True,True,True
baseline,1000,90,0.9999129875033173,0.08701249668274791,0.007753257338381822,0.09445046866399624,0.11575009352585044,True,True,True,True
baseline,1000,91,0.9966093574082298,3.390642591770243,0.3021235518884365,0.09129981530502337,0.103257206291987,True,True,True,True
baseline,1000,92,0.9979119108179074,2.0880891820925784,0.18605939826416787,0.08650060335089912,0.07779570908280482,True,True,True,True
baseline,1000,93,0.9983930229581424,1.606977041857638,0.14318985223261807,0.08957625267728693,0.08634708490856935,True,True,True,True
baseline,1000,94,0.9983382765377186,1.6617234622814392,0.14806803757476023,0.09568682746543543,0.10992522041235135,True,True,True,True
baseline,1000,95,0.975586332439859,24.41366756014096,2.1753823230428813,0.0889579728321328,0.10106127868956041,True,False,True,False
baseline,1000,96,0.9896425867154163,10.357413284583728,0.9228983607738965,0.08327117968214497,0.06902136596671392,True,False,True,False
baseline,1000,97,0.9866277815225789,13.372218477421093,1.1915328831274246,0.08812795460507054,0.09435948042912849,True,False,True,False
baseline,1000,98,0.994639907724232,5.360092275767947,0.4776115656469992,0.08715117192860028,0.07380463967075752,True,True,True,True
baseline,1000,99,0.9934885658639588,6.511434136041161,0.5802019988315165,0.08872117018127933,0.09479315493656193,True,True,True,True
baseline,1000,100,0.9841485101547851,15.851489845214894,1.4124486097071733,0.08830578941719747,0.09172756905452753,True,False,True,False
baseline,1000,101,0.9541309947590615,45.869005240938506,4.08716236226667,0.08794889304810927,0.10338818377974496,False,False,False,False
baseline,1000,102,0.9830187156908742,16.981284309125822,1.5131190599543194,0.09027495340665657,0.1132397277025586,True,False,True,False
baseline,1000,103,0.9725365829328471,27.46341706715294,2.447130562053648,0.0849813845506843,0.09062525909501196,True,False,True,False
baseline,1000,104,0.9742453755909763,25.754624409023652,2.2948684190109154,0.09104637420049509,0.11145326069090118,True,False,True,False
baseline,1000,105,0.9944620257616152,5.537974238384757,0.4934617559599269,0.08954791440052529,0.09872362677485681,True,True,True,True
baseline,1000,106,0.998495168641379,1.504831358621006,0.13408815077212585,0.0860370613984318,0.068900540143394,True,True,True,True
baseline,1000,107,0.9992748520865042,0.7251479134957606,0.06461437834869074,0.08594484481815695,0.0814673754723302,True,True,True,True
baseline,1000,108,0.975226055729999,24.773944270001014,2.207484815800388,0.08827551067616013,0.10252173129909203,True,False,True,False
baseline,1000,109,0.9980650649167031,1.934935083296896,0.172412586763972,0.08840475277762055,0.08692009377723296,True,True,True,True
baseline,1000,110,0.9799972708090501,20.00272919094992,1.7823452124681525,0.0859238607347014,0.08996860756349219,True,False,True,False
baseline,1000,111,0.9898326931694958,10.167306830504153,0.9059589059098407,0.08524939827361715,0.07513348855367755,True,False,True,False
baseline,1000,112,0.9943048708995075,5.695129100492524,0.5074650558806498,0.09452508042493646,0.11702621195324717,True,True,True,True
baseline,1000,113,0.9628769781550532,37.123021844946756,3.3078506250850914,0.08919186568556522,0.11116349427804721,False,False,False,False
baseline,1000,114,0.9957189347722613,4.281065227738745,0.3814647511388756,0.08439822891838258,0.07607581855763694,True,True,True,True
baseline,1000,115,0.9966764770864776,3.3235229135224476,0.29614284615346675,0.0838007800854035,0.06727348270798414,True,True,True,True
baseline,1000,116,0.9873042322483886,12.69576775161141,1.1312576726245,0.09150435204818957,0.09872328814144549,True,False,True,False
baseline,1000,117,0.9763344971903324,23.665502809667615,2.108717027101819,0.08977844844585756,0.10381111304576095,True,False,True,False
baseline,1000,118,0.9950376647589104,4.962335241089577,0.44216938474674106,0.08653678990300614,0.07727232739713259,True,True,True,True
baseline,1000,119,0.9966110607191795,3.388939280820513,0.30197177819357646,0.08818613988343364,0.08857514492819372,True,True,True,True
baseline,1000,120,0.989043521007979,10.956478992021012,0.9762781713693318,0.0932343946117627,0.11939893077428446,True,False,True,False
baseline,1000,121,0.9998744020570781,0.12559794292188453,0.011191417437374116,0.08443454732009435,0.0677021900291007,True,True,True,True
baseline,1000,122,0.9869326019067943,13.067398093205673,1.1643718318887333,0.08990964263777114,0.10083524348440756,True,False,True,False
baseline,1000,123,0.9929683873749997,7.031612625000294,0.6265525558267441,0.08912115059499962,0.0925018867775567,True,True,True,True
baseline,1000,124,0.9938099065047263,6.190093495273663,0.5515689084579023,0.08896754381130363,0.09481401733427519,True,True,True,True
baseline,1000,125,0.987857545804413,12.142454195587016,1.0819546121191366,0.09069623528219652,0.10151800232637194,True,False,True,False
baseline,1000,126,0.9971228911410009,2.8771088589990557,0.2563650765669917,0.09433821298907834,0.12159144235175631,True,True,True,True
baseline,1000,127,0.9905971792523253,9.402820747674735,0.8378392959945081,0.08910539548820438,0.09182347800447345,True,False,True,False
baseline,1000,128,0.9988695909077283,1.1304090922716892,0.10072521676954396,0.09017801813921424,0.09567312759676647,True,True,True,True
baseline,1000,129,0.9866745068833669,13.325493116633114,1.1873694151173202,0.08658259413590892,0.08795696675959637,True,False,True,False
baseline,1000,130,0.9980862242470152,1.913775752984792,0.17052718249134535,0.08549251113111345,0.0752560128111562,True,True,True,True
baseline,1000,131,0.9900781862138807,9.921813786119337,0.8840842233014558,0.09108201864365556,0.10090267890812425,True,False,True,False
baseline,1000,132,0.9844602629199635,15.53973708003653,1.384669847959963,0.08737480531862388,0.07920993027568911,True,False,True,False
baseline,1000,133,0.9878392355852712,12.160764414728797,1.0835861460520841,0.0908831048988631,0.1145829972854074,True,False,True,False
baseline,1000,134,0.9984661700871263,1.5338299128736521,0.13667206988872752,0.08658016367984332,0.07400222008913195,True,True,True,True
baseline,1000,135,0.9870394415190392,12.960558480960781,1.154851877408082,0.08634145532962176,0.0856017337325496,True,False,True,False
baseline,1000,136,0.9992409096820466,0.7590903179534036,0.06763881973902408,0.0903677835942619,0.0900314326939903,True,True,True,True
baseline,1000,137,0.9812788417889713,18.72115821102871,1.668150700374565,0.09001016603712415,0.10501752446864579,True,False,True,False
baseline,1000,138,0.9853639379430884,14.636062056911591,1.3041477934084016,0.08233403508303153,0.07151223945125926,True,False,True,False
baseline,1000,139,0.9927395258081642,7.260474191835842,0.6469452889419759,0.09166625257721067,0.10118730463474598,True,True,True,False
baseline,1000,140,0.9972871268271838,2.7128731728162103,0.24173083909919368,0.0866875731739624,0.07881412714342696,True,True,True,True
baseline,1000,141,0.9840200452885985,15.979954711401456,1.4238954846326997,0.09314261621772091,0.11878787127269921,True,False,True,False
baseline,1000,142,0.9976626073835398,2.3373926164601544,0.2082736060582702,0.08293540592911869,0.06752193980320771,True,True,True,True
baseline,1000,143,0.9611815727455058,38.818427254494246,3.458919895985723,0.09580537819647475,0.14992089675703302,False,False,False,False
baseline,1000,144,0.9803891893489765,19.61081065102355,1.747423271234687,0.08857359867764238,0.09746468816394227,True,False,True,False
baseline,1000,145,0.948346093908862,51.653906091137955,4.602626539006159,0.08947533536933018,0.11013220357858645,False,False,False,False
baseline,1000,146,0.9904874276253296,9.512572374670402,0.847618725844752,0.08924180715282734,0.0952725382659762,True,False,True,False
baseline,1000,147,0.985795528377958,14.20447162204197,1.2656908839540177,0.08926757036586065,0.10224343704914629,True,False,True,False
baseline,1000,148,0.9600275011832823,39.97249881671772,3.561753559539259,0.08688307171014084,0.10147166285153318,False,False,False,False
baseline,1000,149,0.996689075095548,3.3109249044519506,0.29502029927803386,0.09044307003018423,0.09543323673836415,True,True,True,True
baseline,1000,150,0.9972466598549611,2.7533401450389183,0.24533665276170422,0.08479328876799241,0.07409069076211329,True,True,True,True
baseline,1000,151,0.9997830124974455,0.21698750255449983,0.01933469341365749,0.09185325154441658,0.09171886871542519,True,True,True,True
baseline,1000,152,0.9885212329275747,11.478767072425345,1.0228167037241578,0.09053794661095212,0.09975871332944905,True,False,True,False
baseline,1000,153,0.9832922069901556,16.707793009844373,1.4887495900048624,0.08438990155339175,0.07510992143421437,True,False,True,False
baseline,1000,154,0.9945388066446001,5.4611933553998515,0.4866201875973886,0.09072884911876643,0.09361584671334426,True,True,True,True
baseline,1000,155,0.9625645840947287,37.43541590527133,3.33568652950132,0.08847447719970737,0.10100569131783935,False,False,False,False
baseline,1000,156,0.9577207235998964,42.27927640010365,3.76729920997165,0.08377999577183604,0.09038201011169297,False,False,False,False
baseline,1000,157,0.9875985387146572,12.401461285342808,1.105033465110378,0.09139832159935542,0.10680037493854731,True,False,True,False
baseline,1000,158,0.9905996442333923,9.400355766607692,0.8376196536066257,0.08504965458158018,0.0736779018739102,True,False,True,True
baseline,1000,159,0.9611040134197902,38.895986580209765,3.4658308275666916,0.08608120007949235,0.08816528996208865,False,False,False,False
baseline,1000,160,0.9993254881842903,0.6745118157096552,0.06010244372189155,0.0907145830412047,0.10069875330550068,True,True,True,True
baseline,1000,161,0.9925154397513245,7.484560248675498,0.666912499754875,0.08853680620687289,0.09520376081851702,True,True,True,False
baseline,1000,162,0.9918886440624795,8.111355937520548,0.722763193154959,0.08726046387724117,0.0859934939595248,True,False,True,False
baseline,1000,163,0.9881867558496081,11.813244150391867,1.0526203176661837,0.08833602701120047,0.08800482797596228,True,False,True,False
baseline,1000,164,0.997447739725757,2.5522602742430456,0.22741941048864023,0.08970976797674912,0.09343190357400975,True,True,True,True
baseline,1000,165,0.9749001551628572,25.099844837142783,2.236524218875874,0.0823364452217852,0.07135266804115002,True,False,True,False
baseline,1000,166,0.9997665943493093,0.23340565069074337,0.02079763416783549,0.08653599552466003,0.08179584230469114,True,True,True,True
baseline,1000,167,0.9981694267159477,1.8305732840523392,0.16311341806192026,0.08704331296018063,0.0866133861737939,True,True,True,True
baseline,1000,168,0.9953217259795742,4.6782740204257545,0.4168580808809119,0.09176622217061446,0.09607662038027365,True,True,True,True
baseline,1000,169,0.9828577313891975,17.142268610802482,1.5274635824760632,0.08951979931176987,0.0924518645260063,True,False,True,False
baseline,1000,170,0.9932945497795294,6.705450220470643,0.5974898217042652,0.09241360846662598,0.10144983141094023,True,True,True,True
baseline,1000,171,0.9942075533853618,5.79244661463818,0.5161365428448031,0.0942330138476845,0.10943032923084901,True,True,True,True
baseline,1000,172,0.994140194315935,5.859805684064967,0.5221385795550468,0.08686075074724048,0.08243108742387899,True,True,True,True
baseline,1000,173,0.9975364916629582,2.4635083370417865,0.21951116012650923,0.08382504645622524,0.07402405970005307,True,True,True,True
baseline,1000,174,0.9990277161318041,0.9722838681959223,0.08663545264728556,0.0895965580741542,0.0915599349843791,True,True,True,True
baseline,1000,175,0.9925036409707828,7.496359029217192,0.6679638312912218,0.09148292489369717,0.11598715665404657,True,True,True,False
baseline,1000,176,0.9961465831319147,3.8534168680852687,0.34335910069628045,0.08742049812297488,0.0790167788991129,True,True,True,True
baseline,1000,177,0.9872504542413821,12.749545758617863,1.1360495673909103,0.08802156965052066,0.08855818592090735,True,False,True,False
baseline,1000,178,0.9795904202480198,20.40957975198021,1.818597672955915,0.08426543930086981,0.08108915188855803,True,False,True,False
baseline,1000,179,0.9912850987437188,8.71490125628116,0.7765421599715094,0.09225612779902909,0.09954533292198141,True,False,True,False
baseline,1000,180,0.9830310489592756,16.968951040724377,1.5120201028230424,0.08743858375804445,0.09298340510186755,True,False,True,False
baseline,1000,181,0.9986142323334398,1.3857676665601781,0.12347896842017894,0.08950097397755052,0.09124938081730075,True,True,True,True
baseline,1000,182,0.9925487035982992,7.451296401700835,0.6639485212978559,0.09283167355532912,0.1065328350795637,True,True,True,False
baseline,1000,183,0.9518158186393176,48.184181360682366,4.29345636513269,0.09134380824082078,0.13195415806392408,False,False,False,False
baseline,1000,184,0.9901602273638562,9.839772636143774,0.8767739383154206,0.08816156449762998,0.09131363714663823,True,False,True,False
baseline,1000,185,0.9943820796970751,5.61792030292485,0.5005853581458314,0.08169253516897056,0.06251754087355288,True,True,True,True
baseline,1000,186,0.9849585281357146,15.041471864285395,1.3402718753955365,0.09004962917868135,0.10311543545054407,True,False,True,False
baseline,1000,187,0.9792249653739531,20.775034626046907,1.8511615665600254,0.09033856289663715,0.10440669518270211,True,False,True,False
baseline,1000,188,0.9981044988515045,1.8955011484954598,0.16889882200561487,0.09003769445931774,0.09378418718835467,True,True,True,True
baseline,1000,189,0.9685717127318372,31.428287268162826,2.800420723279493,0.08564255035959586,0.08719156749593672,True,False,True,False
baseline,1000,190,0.9887098608760799,11.290139123920074,1.0060089912491934,0.0858730252618232,0.07636274022779826,True,False,True,False
baseline,1000,191,0.9922925208967006,7.707479103299386,0.6867757068960053,0.08530023792702475,0.0810843298563274,True,True,True,True
baseline,1000,192,0.998323521508497,1.6764784915029862,0.14938278594943455,0.09250679598722349,0.10647776769094755,True,True,True,True
baseline,1000,193,0.999228647394873,0.7713526051269515,0.06873145208079327,0.08954021844733652,0.09720232749550524,True,True,True,True
baseline,1000,194,0.9782245149625507,21.775485037449304,1.940306801895293,0.08685606077318025,0.08684437637755095,True,False,True,False
baseline,1000,195,0.9823783165867037,17.621683413296285,1.5701818870561104,0.08586080264467119,0.08258748943382703,True,False,True,False
baseline,1000,196,0.9740266948662729,25.973305133727088,2.3143539871558154,0.09042848751671641,0.10696564613842224,True,False,True,False
baseline,1000,197,0.9965957155303764,3.4042844696235974,0.30333911279759496,0.08727615058271504,0.08083572502308062,True,True,True,True
baseline,1000,198,0.9885666976592005,11.433302340799534,1.0187655642033528,0.09356449706106641,0.12356063268795422,True,False,True,False
baseline,1000,199,0.9637345435456224,36.26545645437762,3.2314371740170826,0.08525651781254674,0.08893125194726745,False,False,False,False
baseline,1000,200,0.9910239867245112,8.976013275488803,0.7998085729149591,0.08918884302375663,0.09524888115597237,True,False,True,False
baseline,1000,201,0.9862766545578678,13.723345442132162,1.2228200869158157,0.0932449056087894,0.1083022522620935,True,False,True,False
baseline,1000,202,0.9907542134111416,9.24578658885844,0.8238467513528089,0.0853296956270166,0.07329303357643238,True,False,True,True
baseline,1000,203,0.99140518399449,8.594816005510042,0.7658419515271149,0.08903383764041056,0.09590617981908706,True,False,True,False
baseline,1000,204,0.9896032364547874,10.396763545212572,0.9264046697366219,0.09429992612391036,0.1139206763232986,True,False,True,False
baseline,1000,205,0.9966893195253972,3.310680474602812,0.2949985193315457,0.09066984208193854,0.09858022932797209,True,True,True,True
baseline,1000,206,0.9818299010512255,18.170098948774527,1.61904850894414,0.08560619702287886,0.0838698000272848,True,False,True,False
baseline,1000,207,0.9878968283142444,12.103171685755587,1.0784543400980837,0.09018669341924739,0.1082323121490657,True,False,True,False
baseline,1000,208,0.9960682820540561,3.9317179459439355,0.350336126177165,0.09304567467139205,0.1012585124490896,True,True,True,True
baseline,1000,209,0.9950435307049083,4.956469295091748,0.4416466990339055,0.08570305042592044,0.08001518961117628,True,True,True,True
baseline,1000,210,0.9951935351153649,4.806464884635098,0.4282805408324796,0.0855429017878213,0.07048155911346135,True,True,True,True
baseline,1000,211,0.9726489683701525,27.351031629847533,2.4371164462687354,0.0875634982326532,0.09630264055352473,True,False,True,False
baseline,1000,212,0.9988107145869868,1.189285413013219,0.1059713972981932,0.09181849611165854,0.09850638017923624,True,True,True,True
baseline,1000,213,0.9720935264471384,27.906473552861577,2.486609155130489,0.09459158776141328,0.12359865534173219,True,False,False,False
baseline,1000,214,0.9999991569550721,0.0008430449278673535,7.511960376685873e-05,0.09118974312385501,0.095067940408125,True,True,True,True
baseline,1000,215,0.9663975285377455,33.60247146225448,2.994151626316288,0.08794044786099015,0.10749594504466037,True,False,False,False
baseline,1000,216,0.9895365566168784,10.46344338312155,0.9323461834536096,0.09366487939030962,0.1076097085668,True,False,True,False
baseline,1000,217,0.9985745226932562,1.4254773067438054,0.12701729993456765,0.09409186747835063,0.10832008166854853,True,True,True,True
baseline,1000,218,0.991515849878972,8.484150121027989,0.7559810566708578,0.08835258214242302,0.09283263161046257,True,False,True,False
baseline,1000,219,0.9957731178091505,4.226882190849546,0.3766367661437009,0.08992146745367582,0.10037089727215079,True,True,True,True
baseline,1000,220,0.9807547727008058,19.2452272991942,1.7148479296065104,0.08864811095726563,0.09743007225785778,True,False,True,False
baseline,1000,221,0.9892138843545915,10.786115645408545,0.9610979280977203,0.09331688943145823,0.11058318192988606,True,False,True,False
baseline,1000,222,0.9836544520540407,16.345547945959325,1.4564717068624033,0.09320175155612949,0.11813957138097639,True,False,True,False
baseline,1000,223,0.9704010251064172,29.598974893582763,2.637419658683933,0.09343968566251468,0.12324517928308526,True,False,False,False
baseline,1000,224,0.9907382183801893,9.261781619810726,0.8252719902074143,0.08816818603051027,0.08900268002251378,True,False,True,False
baseline,1000,225,0.9906483243133667,9.35167568663331,0.8332820101452442,0.09112954863181842,0.1034542906878187,True,False,True,False
baseline,1000,226,0.9952225831005759,4.777416899424125,0.4256922171653248,0.09010514418649734,0.0970325256727896,True,True,True,True
baseline,1000,227,0.9936707802561984,6.329219743801628,0.5639657669378274,0.08918047838541966,0.09003958256855138,True,True,True,True
baseline,1000,228,0.984754710873679,15.245289126320948,1.3584330331925334,0.08785434175182404,0.09065077299356193,True,False,True,False
baseline,1000,229,0.998433385645519,1.5666143544810218,0.13959333088189113,0.08833520620024306,0.0895614574522326,True,True,True,True
baseline,1000,230,0.9921356023069601,7.864397693039926,0.7007579537434928,0.0884014483294121,0.08418189013784283,True,False,True,True
baseline,1000,231,0.9942937757090665,5.7062242909334815,0.5084536939497394,0.08976925550431195,0.10094424036414021,True,True,True,True
baseline,1000,232,0.9903875114137846,9.61248858621544,0.8565217700041372,0.09234627878338053,0.0969449942195694,True,False,True,False
baseline,1000,233,0.995716779996644,4.283220003356014,0.38165675263870696,0.09243161153396694,0.09933804038654052,True,True,True,True
baseline,1000,234,0.9931783471875241,6.821652812475931,0.6078440654457004,0.08941462142128742,0.08641347170113793,True,True,True,True
baseline,1000,235,0.9710846825334385,28.915317466561508,2.576502294338925,0.08835927396582921,0.10356307642827627,True,False,True,False
baseline,1000,236,0.9933435694097966,6.656430590203377,0.5931219225796123,0.08429733574698677,0.07561017369837895,True,True,True,True
baseline,1000,237,0.9885918355412385,11.408164458761473,1.016525650675833,0.08575862358881566,0.07695865321202325,True,False,True,False
baseline,1000,238,0.9798325116546115,20.167488345388506,1.7970260936279485,0.08762108999292827,0.09892758320900961,True,False,True,False
baseline,1000,239,0.9723175457223299,27.682454277670132,2.466647894903124,0.09037029282889736,0.11172975318621284,True,False,False,False
baseline,1000,240,0.9915471026221012,8.452897377898783,0.753196277825877,0.08979055740988236,0.10252662500434902,True,False,True,False
baseline,1000,241,0.9836173016746694,16.38269832533057,1.4597819951826427,0.08426578165641165,0.07796244823561199,True,False,True,False
baseline,1000,242,0.9942093901068452,5.79060989315483,0.5159728815908196,0.09190811921321049,0.09775218049467096,True,True,True,True
baseline,1000,243,0.9914445363168258,8.55546368317417,0.7623354588557758,0.08494675210595061,0.07133097559199653,True,False,True,True
baseline,1000,244,0.9832506333010376,16.749366698962433,1.4924540177885337,0.08941468452463087,0.09912204941545369,True,False,True,False
baseline,1000,245,0.9823849491541792,17.615050845820825,1.569590891458789,0.08460358227339428,0.09008444979131924,True,False,True,False
baseline,1000,246,0.9740126525668042,25.98734743319575,2.3156052276736014,0.08564926093443342,0.08651264574729052,True,False,True,False
baseline,1000,247,0.998620651629087,1.379348370913025,0.12290697643074094,0.09438318318008045,0.11933161693484742,True,True,True,True
baseline,1000,248,0.9973251566532625,2.67484334673751,0.2383421875909267,0.09130123965612147,0.10950369217207279,True,True,True,True
baseline,1000,249,0.9967072610565343,3.2927389434657117,0.29339983738063335,0.08871145533143403,0.09687876061137128,True,True,True,True
baseline,1000,250,0.9808598985013955,19.140101498604455,1.70548068448714,0.08815517269341332,0.08789116611127712,True,False,True,False
baseline,1000,251,0.9997705637124064,0.22943628759364287,0.020443943666647993,0.0909449840629053,0.09625877206828007,True,True,True,True
baseline,1000,252,0.985717274330842,14.282725669158003,1.2726637187558119,0.08934056451303157,0.09323927664725719,True,False,True,False
baseline,1000,253,0.9639186488572834,36.0813511427166,3.2150324515566377,0.08500012001327575,0.08906814406091094,False,False,False,False
baseline,1000,254,0.9960944228332774,3.9055771667225736,0.3480068493944517,0.08733294281049017,0.07724953978308848,True,True,True,True
baseline,1000,255,0.9940027718731598,5.997228126840226,0.5343836202506426,0.09118711094998161,0.09000449406178018,True,True,True,True
baseline,1000,256,0.9948104935141672,5.189506485832829,0.4624115015405713,0.0892892732256339,0.09430212724086892,True,True,True,True
baseline,1000,257,0.9942819694920458,5.718030507954164,0.5095056881143004,0.08830107663182091,0.08817156614333918,True,True,True,True
baseline,1000,258,0.9951249686574599,4.8750313425400815,0.4343901620154799,0.08627360015418062,0.07462386361124622,True,True,True,True
baseline,1000,259,0.987976976578122,12.023023421877998,1.0713127209197124,0.08909041848405538,0.0856104360780158,True,False,True,False
baseline,1000,260,0.9966076631421755,3.392336857824474,0.3022745196369661,0.08928776498975562,0.08523285363118568,True,True,True,True
baseline,1000,261,0.9979492512337205,2.050748766279531,0.18273217672751543,0.0895345821448065,0.08687877741833926,True,True,True,True
baseline,1000,262,0.9907506555422413,9.249344457758713,0.8241637756218702,0.09236412037004386,0.1036533933671806,True,False,True,False
baseline,1000,263,0.9828416841397717,17.158315860228313,1.5288934742630478,0.08904959485199448,0.09656516187609876,True,False,True,False
baseline,1000,264,0.9878452875415799,12.154712458420146,1.0830468858716449,0.08529202103909082,0.08043917508026999,True,False,True,False
baseline,1000,265,0.9965966628759854,3.403337124014638,0.3032546994710652,0.08525697561622268,0.08004814264523379,True,True,True,True
baseline,1000,266,0.9944873862707093,5.512613729290683,0.4912020052260106,0.085315286918982,0.07674214455975104,True,True,True,True
baseline,1000,267,0.9882039090732563,11.79609092674372,1.0510918779339944,0.08602242097019613,0.07800404543040641,True,False,True,False
baseline,1000,268,0.9776606662793342,22.339333720665767,1.9905485959771738,0.08641131292399366,0.09096039687031578,True,False,True,False
baseline,1000,269,0.9917417863431411,8.25821365685886,0.7358489651252688,0.09332925681861902,0.11302135414274278,True,False,True,False
baseline,1000,270,0.9618363191150426,38.163680884957365,3.4005786543489083,0.08830102198703771,0.11001878236578704,False,False,False,False
baseline,1000,271,0.992046310846578,7.953689153421983,0.7087142783733466,0.08502905445785924,0.07409479445951393,True,True,True,True
baseline,1000,272,0.9986410001650043,1.3589998349956556,0.12109381807485675,0.08812739569622928,0.08553167815565225,True,True,True,True
baseline,1000,273,0.9989567228705103,1.0432771294897059,0.0929613143922781,0.09929115048264497,0.1295713950230501,True,True,True,True
baseline,1000,274,0.9997855308307434,0.21446916925660364,0.019110297069835806,0.08702316043075663,0.07809475221698968,True,True,True,True
baseline,1000,275,0.9945118386251786,5.488161374821443,0.4890231757020103,0.08528965820751144,0.07190162809371346,True,True,True,True
baseline,1000,276,0.9955637802260904,4.436219773909622,0.3952898127052467,0.09270074542791241,0.10562069879444791,True,True,True,True
baseline,1000,277,0.9993201317739895,0.679868226010516,0.06057972720479116,0.09330635703764326,0.10267657278608851,True,True,True,True
baseline,1000,278,0.9824813011720382,17.518698827961753,1.5610054351391356,0.09553827153070239,0.1176577056627336,True,False,True,False
baseline,1000,279,0.99721646821226,2.7835317877400456,0.248026882145465,0.09367722553859525,0.10633081773262847,True,True,True,True
baseline,1000,280,0.9962931912440144,3.7068087559856133,0.3302955700042766,0.08550943473344823,0.07209941009174087,True,True,True,True
baseline,1000,281,0.9904661622517699,9.533837748230134,0.8495135791117093,0.09462888471185846,0.12180170936490656,True,False,True,False
baseline,1000,282,0.9691350573119932,30.86494268800677,2.7502238473519167,0.08517681381945692,0.0840922522900117,True,False,True,False
baseline,1000,283,0.9771230047745533,22.876995225446727,2.0384569788696614,0.09124481257668346,0.1057780505059785,True,False,True,False
baseline,1000,284,0.9920462634106685,7.953736589331517,0.7087185051548747,0.09014498834948838,0.10468746164288623,True,False,True,False
baseline,1000,285,0.9956481693874664,4.351830612533636,0.38777030792533185,0.09000442042844498,0.09077776047184116,True,True,True,True
baseline,1000,286,0.9916712072177023,8.3287927822977,0.7421379252529209,0.09261384498899448,0.11454082732820564,True,False,True,False
baseline,1000,287,0.9929611106679986,7.0388893320013635,0.6272009475417986,0.08976532579513896,0.08950477353286701,True,True,True,True
baseline,1000,288,0.9855769751859059,14.423024814094077,1.2851650882890917,0.09262781935829151,0.10318706485860252,True,False,True,False
baseline,1000,289,0.999035122256124,0.9648777438759915,0.08597552918891344,0.09296416494740112,0.10252214867725229,True,True,True,True
baseline,1000,290,0.994513975287224,5.486024712776039,0.48883278821383636,0.0958024147761003,0.11517091979800072,True,True,True,True
baseline,1000,291,0.9862362368895846,13.763763110415383,1.2264215073457996,0.08590698954960882,0.08706558216198036,True,False,True,False
baseline,1000,292,0.9855411661699622,14.458833830037765,1.288355854285129,0.08700663262865214,0.09324145530862116,True,False,True,False
baseline,1000,293,0.9863479921313707,13.652007868629301,1.2164635451965262,0.09075748106116743,0.09401286003576785,True,False,True,False
baseline,1000,294,0.9995292719708497,0.4707280291502691,0.041944268760592436,0.08970778996006713,0.08749678577446733,True,True,True,True
baseline,1000,295,0.9956206243807243,4.379375619275705,0.39022470854364055,0.08767003265686478,0.08570340191565823,True,True,True,True
baseline,1000,296,0.9894784877129975,10.521512287002487,0.9375204190210386,0.08825156486097058,0.09067115425856578,True,False,True,False
baseline,1000,297,0.9995517244298854,0.44827557011462016,0.03994364012195486,0.09311010768103135,0.11504503252897294,True,True,True,True
baseline,1000,298,0.9883161226494283,11.683877350571748,1.0410930758527999,0.08764338472741687,0.0902524717156115,True,False,True,False
baseline,1000,299,0.9883773222256416,11.622677774358436,1.0356398814098022,0.08956963164010935,0.09597864089748956,True,False,True,False
baseline,10000,0,0.9998502528552291,1.4974714477089535,0.1334323451641479,0.0878677424118267,0.08679915931570328,True,True,True,True
baseline,10000,1,0.9998324262628904,1.6757373710962753,0.1493167483404586,0.08947936687068984,,True,True,,
baseline,10000,2,0.9992263940719569,7.736059280430974,0.6893223464768192,0.08901153497425361,,True,True,,
baseline,10000,3,0.9993661022512621,6.338977487378994,0.5648352316685441,0.08947517004445792,,True,True,,
baseline,10000,4,0.9996337676080438,3.662323919562116,0.32633174414481725,0.08731374744676382,,True,True,,
baseline,10000,5,0.9997547909897655,2.452090102345039,0.21849373716625672,0.08943004388395268,0.08917638658938011,True,True,True,True
baseline,10000,6,0.9983327990609491,16.67200939050928,1.4855610869762084,0.08811962748512897,,True,False,,
baseline,10000,7,0.9971335687189652,28.664312810348093,2.5541364989997764,0.08992858320074848,,True,False,,
baseline,10000,8,0.9994928350057992,5.0716499420078165,0.45190988225455936,0.09076210907517761,,True,True,,
baseline,10000,9,0.999255667796332,7.443322036679856,0.6632379646942076,0.08890589211293898,,True,True,,
baseline,10000,10,0.9986495365080971,13.504634919029312,1.2033318635815147,0.09067100975333325,0.09342145735430506,True,False,True,False
baseline,10000,11,0.999463512207741,5.3648779225901055,0.47803799119226414,0.08835596683601048,,True,True,,
baseline,10000,12,0.9988536596409887,11.463403590112886,1.0214477390751318,0.08903870821095769,,True,False,,
baseline,10000,13,0.9991226644070587,8.773355929413418,0.7817507695471871,0.08880474928827145,,True,False,,
baseline,10000,14,0.9962894304027639,37.10569597236146,3.306306801451854,0.09035726386898311,,False,False,,
baseline,10000,15,0.9991093532970157,8.906467029843324,0.7936116476460093,0.08862266945370105,0.08743586811584242,True,False,True,False
baseline,10000,16,0.9987910590512237,12.08940948776327,1.0772280580507445,0.08902559123335431,,True,False,,
baseline,10000,17,0.995670599161704,43.29400838296027,3.857717006179234,0.08860781451773583,,False,False,,
baseline,10000,18,0.9984649392958116,15.350607041884068,1.3678173967360832,0.09056078692735602,,True,False,,
baseline,10000,19,0.9997014204472514,2.9857955274859016,0.26604961318133974,0.08729369917759107,,True,True,,
baseline,10000,20,0.9985262419642662,14.737580357337965,1.3131935918599804,0.08960947249101077,0.08927714683458685,True,False,True,False
baseline,10000,21,0.9984324476708207,15.67552329179267,1.3967690921247162,0.0891050467939189,,True,False,,
baseline,10000,22,0.9995346331763877,4.653668236123121,0.41466557997605213,0.08779256502554988,,True,True,,
baseline,10000,23,0.9990360859510823,9.639140489177134,0.8588965905195514,0.08778272813204957,,True,False,,
baseline,10000,24,0.9992699624154422,7.300375845578078,0.650500729843971,0.08836378800165709,,True,True,,
baseline,10000,25,0.9964954336037408,35.04566396259179,3.1227474403719997,0.08854904604858987,0.08613630936820844,False,False,False,False
baseline,10000,26,0.9995828251985867,4.171748014133447,0.3717240297378222,0.09056341584455585,,True,True,,
baseline,10000,27,0.9996235409628889,3.7645903711114315,0.33544420667805486,0.0907532846639986,,True,True,,
baseline,10000,28,0.998454178919165,15.458210808350081,1.3774054412560786,0.08797602414052748,,True,False,,
baseline,10000,29,0.9992924848443135,7.075151556864556,0.6304320967645555,0.08948447959965058,,True,True,,
baseline,10000,30,0.9991641442975655,8.35855702434496,0.7447900710580881,0.08893050161425284,0.08803473671867443,True,False,True,False
baseline,10000,31,0.9995643295423206,4.35670457679449,0.3882046030049255,0.0893122349034731,,True,True,,
baseline,10000,32,0.9998740978380247,1.259021619752776,0.11218524906968917,0.09000083593146374,,True,True,,
baseline,10000,33,0.999952935856373,0.47064143626984745,0.04193655289320354,0.08988015282087651,,True,True,,
baseline,10000,34,0.9993304322182877,6.6956778171234355,0.5966190507132705,0.08963439311748794,,True,True,,
baseline,10000,35,0.9997849024758946,2.1509752410542315,0.19166286692343484,0.08825364973847498,0.08852710574301587,True,True,True,True
baseline,10000,36,0.9998984425884425,1.0155741155748466,0.09049283452881887,0.09026049416399175,,True,True,,
baseline,10000,37,0.9996469517665482,3.530482334518359,0.3145839863431833,0.08914757443942763,,True,True,,
baseline,10000,38,0.9997878299901489,2.1217000985107592,0.18905430237913814,0.08936671386280096,,True,True,,
baseline,10000,39,0.9998845058424247,1.1549415757527992,0.10291118619727053,0.09014432742600333,,True,True,,
baseline,10000,40,0.9982727435120998,17.27256487900175,1.5390736446636024,0.09008617097036824,0.09209722880526201,True,False,True,False
baseline,10000,41,0.9991538431166739,8.461568833261213,0.7539689487350723,0.08867238062982324,,True,False,,
baseline,10000,42,0.999893892527982,1.061074720180022,0.09454717051508682,0.09089873956045852,,True,True,,
baseline,10000,43,0.9967493082185201,32.50691781479853,2.8965322074907514,0.08950510872206081,,True,False,,
baseline,10000,44,0.9988015474766748,11.984525233251775,1.067882335919165,0.08980809220696223,,True,False,,
baseline,10000,45,0.9971060894464149,28.93910553585122,2.5786219326646567,0.08886833695030665,0.08934555328224734,True,False,True,False
baseline,10000,46,0.9997214660445634,2.7853395543664394,0.24818796337398408,0.08941593068983038,,True,True,,
baseline,10000,47,0.9995538292962958,4.461707037042295,0.3975608578706229,0.08832457137317658,,True,True,,
baseline,10000,48,0.9985024615268384,14.97538473161586,1.3343831747389987,0.08969744698539764,,True,False,,
baseline,10000,49,0.9991275279021119,8.724720978880995,0.7774171473493069,0.08810918479737788,,True,False,,
baseline,10000,50,0.9993847924546464,6.152075453536021,0.54818130699454,0.09077197903274177,0.09635339956045852,True,True,True,True
baseline,10000,51,0.9988820807905391,11.179192094609158,0.9961230449544578,0.09080207740857892,,True,False,,
baseline,10000,52,0.9988734225433845,11.265774566154851,1.0038379848594057,0.09024687593871475,,True,False,,
baseline,10000,53,0.9985960488332815,14.039511667185423,1.250992110452622,0.0901024809407386,,True,False,,
baseline,10000,54,0.9996741481167557,3.2585188324429915,0.29035065091866447,0.08835960796752851,,True,True,,
baseline,10000,55,0.9997165661006991,2.834338993008556,0.25255406332183106,0.08892234267316673,0.08843899228730467,True,True,True,True
baseline,10000,56,0.9999194861370745,0.805138629255131,0.07174195918601568,0.09001379488023444,,True,True,,
baseline,10000,57,0.999406274538099,5.937254619009513,0.529039674755177,0.08856241470965422,,True,True,,
baseline,10000,58,0.9987284912567493,12.7150874325066,1.1329791547493262,0.08758671338252612,,True,False,,
baseline,10000,59,0.9992747497373,7.252502626999835,0.6462349818490936,0.09038510104122358,,True,True,,
baseline,10000,60,0.9986386973718686,13.61302628131389,1.212990086906771,0.08910446298523415,0.09055801710898474,True,False,True,False
baseline,10000,61,0.9998750212725558,1.2497872744421379,0.11136242179459213,0.0894491322652469,,True,True,,
baseline,10000,62,0.9988158964280209,11.841035719790671,1.055096688275018,0.08857410913981058,,True,False,,
baseline,10000,63,0.9998830556896295,1.1694431037045927,0.1042033463156031,0.08861254073537314,,True,True,,
baseline,10000,64,0.9983664451339556,16.3355486604444,1.4555807195128523,0.08954585881019536,,True,False,,
baseline,10000,65,0.9992991048864016,7.008951135983876,0.6245333015504783,0.09054219733828198,0.09424248863530191,True,True,True,True
baseline,10000,66,0.9981720484427642,18.279515572358072,1.6287980882813835,0.08888753100191048,,True,False,,
baseline,10000,67,0.9982094177027918,17.905822972081875,1.5955001712482215,0.09113453247450715,,True,False,,
baseline,10000,68,0.9998427803275511,1.572196724488606,0.14009074852736647,0.08687934416397146,,True,True,,
baseline,10000,69,0.9974833463071248,25.16653692875237,2.242466824460097,0.08882441133597202,,True,False,,
baseline,10000,70,0.9998444982925417,1.5550170745826097,0.13855995408079239,0.09028830142890795,0.09425746625135677,True,True,True,True
baseline,10000,71,0.9989550846755563,10.449153244437293,0.9310728591973917,0.08924083570355892,,True,False,,
baseline,10000,72,0.9995677578651664,4.322421348336158,0.3851497924574575,0.08836790968595248,,True,True,,
baseline,10000,73,0.9986087236478598,13.912763521402027,1.2396982040726636,0.08966751381749857,,True,False,,
baseline,10000,74,0.9985213133941129,14.78686605887125,1.3175851992917669,0.09011517029436984,,True,False,,
baseline,10000,75,0.9996778885079954,3.22111492004562,0.28701777151242847,0.09001745976674011,0.08970350085902677,True,True,True,True
baseline,10000,76,0.9999325933588014,0.6740664119864181,0.06006275597797677,0.08840571808026028,,True,True,,
baseline,10000,77,0.999632008496079,3.6799150392097246,0.3278992026444332,0.08887062641388667,,True,True,,
baseline,10000,78,0.9988807340771966,11.192659228034252,0.9973230352436202,0.08852213206821448,,True,False,,
baseline,10000,79,0.9993232891855066,6.767108144933864,0.6029838573145392,0.08877493331147382,,True,True,,
baseline,10000,80,0.9971165357092712,28.83464290728832,2.569313779555972,0.09120267025077035,0.09480319815985494,True,False,True,False
baseline,10000,81,0.9997094141166324,2.9058588336761115,0.258926845975309,0.08909206125729922,,True,True,,
baseline,10000,82,0.9999515127632983,0.48487236701699743,0.04320460142018277,0.09027998530895344,,True,True,,
baseline,10000,83,0.9999692607854015,0.3073921459850748,0.027390208331905683,0.0893059466396377,,True,True,,
baseline,10000,84,0.9996761914857787,3.238085142213132,0.28852990487913277,0.08884655263556429,,True,True,,
baseline,10000,85,0.9982950915597124,17.04908440287589,1.519160394181601,0.09074370510551526,0.09633630881359698,True,False,True,False
baseline,10000,86,0.9974504620445594,25.495379554405506,2.271768379957509,0.08847321044595079,,True,False,,
baseline,10000,87,0.9980776260793732,19.223739206267744,1.7129332309078011,0.08775901423702692,,True,False,,
baseline,10000,88,0.9998857813879287,1.142186120712818,0.10177461008276466,0.08876081959082635,,True,True,,
baseline,10000,89,0.9998438948518719,1.5610514812813836,0.13909765050146441,0.08825418180791562,,True,True,,
baseline,10000,90,0.9999164597658279,0.835402341721192,0.07443861035348744,0.09025689692713883,0.09147930975397732,True,True,True,True
baseline,10000,91,0.999921727799076,0.7827220092404552,0.06974452398697534,0.08752255256776396,,True,True,,
baseline,10000,92,0.9999278362137844,0.7216378621555108,0.0643016148681632,0.08877822441371817,,True,True,,
baseline,10000,93,0.9997574791544883,2.425208455116845,0.21609844526468425,0.08872300868556432,,True,True,,
baseline,10000,94,0.9987762080588805,12.237919411195453,1.0904610498343419,0.08898009980983958,,True,False,,
baseline,10000,95,0.999030923677977,9.690763220230325,0.8634964392036407,0.08903657504507594,0.09123190005852663,True,False,True,False
baseline,10000,96,0.9992718614411195,7.281385588805422,0.6488086010889811,0.08871607107877912,,True,True,,
baseline,10000,97,0.9954763068927703,45.23693107229665,4.03084132938915,0.08920935008641198,,False,False,,
baseline,10000,98,0.9999968560658636,0.03143934136362603,0.0028014056995764236,0.08925698556230705,,True,True,,
baseline,10000,99,0.9997590528003168,2.4094719968315026,0.21469624655378158,0.09007446312909052,,True,True,,
baseline,10000,100,0.9992218664076041,7.781335923958688,0.6933567263885745,0.08939677580560655,0.09046095697589976,True,False,True,False
baseline,10000,101,0.9988404300785577,11.595699214422828,1.0332359540916103,0.08874232697915768,,True,False,,
baseline,10000,102,0.9999838960544171,0.1610394558293482,0.01434943703811072,0.0891214280874842,,True,True,,
baseline,10000,103,0.9980447772696796,19.552227303204496,1.7422031960879971,0.08806896466524503,,True,False,,
baseline,10000,104,0.9996965826010151,3.034173989848732,0.2703603809748653,0.08911680446573907,,True,True,,
baseline,10000,105,0.9985226470761247,14.77352923875297,1.3163968205830194,0.08788445690973708,0.08429522658538327,True,False,True,False
baseline,10000,106,0.9996624817269727,3.375182730273041,0.3007459993623829,0.08828033151295082,,True,True,,
baseline,10000,107,0.9981376495683131,18.62350431686921,1.6594492402351755,0.08790213396883599,,True,False,,
baseline,10000,108,0.9991253151226278,8.746848773721894,0.7793888467519562,0.08990877949052331,,True,False,,
baseline,10000,109,0.9985776371980258,14.223628019741641,1.267397816713153,0.08894478516043365,,True,False,,
baseline,10000,110,0.9981984812836057,18.015187163943345,1.605245078651554,0.08977583413211224,0.09102033318889657,True,False,True,False
baseline,10000,111,0.9994453144244737,5.546855755262925,0.49425314442177837,0.08982547613864866,,True,True,,
baseline,10000,112,0.9974558620676042,25.44137932395829,2.2669566839488806,0.08795182537895273,,True,False,,
baseline,10000,113,0.9993695497879513,6.30450212048661,0.5617633006064306,0.08900483685989223,,True,True,,
baseline,10000,114,0.9979734147021919,20.26585297808081,1.8057908841963595,0.08952020174766274,,True,False,,
baseline,10000,115,0.9986068516482605,13.931483517395371,1.2413662512135135,0.089575473135989,0.0906825483413874,True,False,True,False
baseline,10000,116,0.998527052057015,14.729479429850256,1.3124717578949032,0.08890942784906018,,True,False,,
baseline,10000,117,0.9984413745850687,15.586254149313472,1.3888147561338595,0.0897893242421868,,True,False,,
baseline,10000,118,0.9982726184363525,17.2738156364749,1.539185093535051,0.08834668152291034,,True,False,,
baseline,10000,119,0.9998891385342342,1.1086146576577693,0.09878322146371613,0.08779647229371983,,True,True,,
baseline,10000,120,0.9999806664939493,0.1933350605065609,0.017227140167053626,0.08961739685759657,0.08958953961475997,True,True,True,True
baseline,10000,121,0.9992712025393614,7.287974606385861,0.6493957161684912,0.08886297877966934,,True,True,,
baseline,10000,122,0.9973968180244764,26.03181975523561,2.3195679384376375,0.08814213085533046,,True,False,,
baseline,10000,123,0.9991671666207884,8.328333792115838,0.7420970268862329,0.08748962136489362,,True,False,,
baseline,10000,124,0.9987099648139279,12.900351860720694,1.149487160407746,0.0888375463530922,,True,False,,
baseline,10000,125,0.9989101936573829,10.898063426171278,0.9710730464520281,0.09007008027529395,0.09074411679989469,True,False,True,False
baseline,10000,126,0.9985237005372937,14.76299462706332,1.3154581329403974,0.08802890405200473,,True,False,,
baseline,10000,127,0.9999396316474918,0.6036835250822215,0.05379128170484909,0.09036412556273826,,True,True,,
baseline,10000,128,0.9980191845428061,19.80815457193863,1.7650076213148667,0.08852800364398286,,True,False,,
baseline,10000,129,0.9998711287123456,1.2887128765437517,0.114830891516196,0.08770782725450046,,True,True,,
baseline,10000,130,0.9997200308022727,2.7996919772732554,0.2494668374721674,0.08797971182724351,0.08517851833110583,True,True,True,True
baseline,10000,131,0.9995891732454989,4.108267545011035,0.36606759610091855,0.08898683815214148,,True,True,,
baseline,10000,132,0.9999608761942063,0.3912380579373931,0.034861306816849166,0.08955535557594504,,True,True,,
baseline,10000,133,0.999519155020047,4.808449799530434,0.42845740687546235,0.08859688633622809,,True,True,,
baseline,10000,134,0.998367330031047,16.32669968952949,1.4547922310623564,0.08970081669855068,,True,False,,
baseline,10000,135,0.998826402911027,11.735970889730218,1.0457348759408414,0.09010948969916466,0.0918153422873461,True,False,True,False
baseline,10000,136,0.9998713646562142,1.286353437858212,0.11462065349291732,0.09035925615142763,,True,True,,
baseline,10000,137,0.99814056425636,18.59435743640003,1.656852104496012,0.08864332908540651,,True,False,,
baseline,10000,138,0.9993864287013655,6.1357129863448545,0.5467233276966181,0.08693509040181964,,True,True,,
baseline,10000,139,0.9981607998464713,18.392001535286752,1.6388211614121495,0.08807436079161617,,True,False,,
baseline,10000,140,0.9991239312087168,8.760687912832132,0.780621984645408,0.09067414048460107,0.09559453563824662,True,False,True,False
baseline,10000,141,0.999866023365447,1.3397663455294584,0.11938001604604943,0.08948244237421277,,True,True,,
baseline,10000,142,0.9978590794020326,21.40920597967444,1.907669469318309,0.09078417025841774,,True,False,,
baseline,10000,143,0.9982537063805627,17.462936194373448,1.5560367000199447,0.08868233760175055,,True,False,,
baseline,10000,144,0.9998217254650863,1.782745349137027,0.1588517050724191,0.09065202980502626,,True,True,,
baseline,10000,145,0.9994875618563657,5.124381436343306,0.4566085274033261,0.08812933385478805,0.08389769037002344,True,True,True,True
baseline,10000,146,0.9991841268898631,8.158731101368666,0.7269845619326151,0.0898327961189648,,True,False,,
baseline,10000,147,0.998347083614646,16.529163853540307,1.47283282092268,0.08697064236365226,,True,False,,
baseline,10000,148,0.9992830971482946,7.1690285170544765,0.6387970128196742,0.0902638397199233,,True,True,,
baseline,10000,149,0.9993340484893463,6.659515106537395,0.593396768720268,0.0874562191179392,,True,True,,
baseline,10000,150,0.9977894071338541,22.105928661458883,1.9697510145135677,0.08902914339393017,0.09013903462976441,True,False,True,False
baseline,10000,151,0.9986157861264833,13.842138735167264,1.2334051753351616,0.08974928742206481,,True,False,,
baseline,10000,152,0.9999188976136587,0.8110238634129185,0.07226636357229975,0.0874868139518455,,True,True,,
baseline,10000,153,0.9979623678492008,20.37632150799218,1.8156341937535874,0.08962403945191004,,True,False,,
baseline,10000,154,0.9998663401497967,1.3365985020330484,0.1190977450301408,0.0898519665974347,,True,True,,
baseline,10000,155,0.999195559032508,8.044409674919928,0.7167979396388119,0.08926774494268705,0.09275156247410772,True,False,True,False
baseline,10000,156,0.9979707988896753,20.292011103246743,1.8081217065912223,0.08921610991779068,,True,False,,
baseline,10000,157,0.9998972410830578,1.0275891694222494,0.09156343711999701,0.08822542835716997,,True,True,,
baseline,10000,158,0.9995543383243658,4.456616756342013,0.3971072878927635,0.09026114555731321,,True,True,,
baseline,10000,159,0.999644151839712,3.5584816028799704,0.31707886398915514,0.09006071616295558,,True,True,,
baseline,10000,160,0.9995225681941129,4.774318058871074,0.4254160946636798,0.08879149241179306,0.08619360453666425,True,True,True,True
baseline,10000,161,0.9987393076845257,12.60692315474321,1.1233411658133525,0.08836853223377417,,True,False,,
baseline,10000,162,0.9975615187185229,24.384812814770562,2.1728112180313115,0.08849320290762108,,True,False,,
baseline,10000,163,0.9990021575131752,9.978424868247737,0.8891285595138285,0.09065935990699725,,True,False,,
baseline,10000,164,0.9992952882167856,7.0471178321440675,0.6279341488812327,0.091196623976986,,True,True,,
baseline,10000,165,0.9971907004253618,28.092995746381575,2.5032292340940057,0.08890434284472581,0.09041276966389697,True,False,True,False
baseline,10000,166,0.9991536703280822,8.463296719177782,0.754122912184844,0.08893670805025107,,True,False,,
baseline,10000,167,0.9990750853361302,9.249146638697914,0.8241461489344024,0.0902741900674391,,True,False,,
baseline,10000,168,0.9995219561230151,4.780438769849127,0.4259614812359066,0.08915817427734112,,True,True,,
baseline,10000,169,0.9983014760904375,16.985239095624884,1.5134714516062608,0.08769769194446447,,True,False,,
baseline,10000,170,0.9979057545307789,20.942454692211008,1.8660795485288908,0.08968426427383996,0.09132049842247814,True,False,True,False
baseline,10000,171,0.9988936842198608,11.063157801391998,0.9857837974936012,0.0898764431852224,,True,False,,
baseline,10000,172,0.9998682103140726,1.3178968592741924,0.11743133325611059,0.08777126989625995,,True,True,,
baseline,10000,173,0.9980679248609636,19.32075139036371,1.7215775114069223,0.09020358204195833,,True,False,,
baseline,10000,174,0.9981085945343159,18.914054656841152,1.6853387577348315,0.08961108197604051,,True,False,,
baseline,10000,175,0.9994691814130972,5.308185869028481,0.47298644001212486,0.08977197150471523,0.0946481487579245,True,True,True,True
baseline,10000,176,0.9993818276555305,6.181723444694809,0.5508230942525044,0.0878934491313716,,True,True,,
baseline,10000,177,0.9980620905502718,19.379094497281592,1.726776179863757,0.09053751907495414,,True,False,,
baseline,10000,178,0.9983911869923349,16.088130076651332,1.4335344615202805,0.08767003081873273,,True,False,,
baseline,10000,179,0.9996458645284935,3.541354715065337,0.315552770914081,0.08875070952003138,,True,True,,
baseline,10000,180,0.9988248346436444,11.751653563556452,1.0471322821820623,0.08966136187277442,0.09056681067695803,True,False,True,False
baseline,10000,181,0.9993555452384284,6.444547615716001,0.574242068656881,0.08935810694403977,,True,True,,
baseline,10000,182,0.9999107430602009,0.8925693979910942,0.07953248669810434,0.0887992434205552,,True,True,,
baseline,10000,183,0.9994528269374432,5.47173062556805,0.48755911212401115,0.08978164019879838,,True,True,,
baseline,10000,184,0.9993691166021703,6.308833978296846,0.5621492912357824,0.08934403473704279,,True,True,,
baseline,10000,185,0.9996538223205983,3.4617767940170463,0.30846197219133664,0.08828200866195343,0.08504768038816485,True,True,True,True
baseline,10000,186,0.9998815900206184,1.1840997938161735,0.10550933217391412,0.08683513496758961,,True,True,,
baseline,10000,187,0.998433798846299,15.662011537009857,1.3955651258449504,0.08851788239801224,,True,False,,
baseline,10000,188,0.9996388241405678,3.6117585943218344,0.3218261157128887,0.08854124904945208,,True,True,,
baseline,10000,189,0.9943930198956217,56.06980104378323,4.996105306452082,0.09008929344579117,,False,False,,
baseline,10000,190,0.9992613479009899,7.386520990101397,0.6581767016802534,0.08905844568462484,0.08619935809573784,True,True,True,True
baseline,10000,191,0.9952278757584974,47.721242415026396,4.252206143446528,0.08845183296930469,,False,False,,
baseline,10000,192,0.99803776266357,19.622373364299726,1.7484535679734075,0.08953016133214585,,True,False,,
baseline,10000,193,0.9980545531624381,19.45446837561926,1.733492376934559,0.08797321738424303,,True,False,,
baseline,10000,194,0.9962473212528046,37.52678747195426,3.3438282022139973,0.08973937421315085,,False,False,,
baseline,10000,195,0.999614007133679,3.859928663210166,0.34393933486106054,0.08957726474588396,0.09432352541239947,True,True,True,True
baseline,10000,196,0.9978422491027675,21.577508972324686,1.9226661245412349,0.08948501181166986,,True,False,,
baseline,10000,197,0.9994052673648088,5.9473263519116415,0.5299371175365095,0.08915256289814434,,True,True,,
baseline,10000,198,0.9992854632131886,7.145367868114372,0.6366887282971118,0.08841466780152113,,True,True,,
baseline,10000,199,0.9987742552738007,12.25744726199296,1.0922010809594185,0.090047223079587,,True,False,,
baseline,10000,200,0.9995163456076704,4.836543923295578,0.43096073662178247,0.08789099921952431,0.08390853597749656,True,True,True,True
baseline,10000,201,0.9993653437640497,6.346562359502705,0.5655110824680939,0.08876991289728317,,True,True,,
baseline,10000,202,0.990827927382958,91.72072617042004,8.172784604208655,0.09004554365637564,,False,False,,
baseline,10000,203,0.9965893058820927,34.10694117907287,3.0391024515773344,0.08892361660222875,,False,False,,
baseline,10000,204,0.9984957837842763,15.042162157237193,1.3403333840189895,0.090215388768764,,True,False,,
baseline,10000,205,0.9999754084493931,0.24591550606856138,0.021912326099545035,0.08977496148242556,0.09177859204216074,True,True,True,True
baseline,10000,206,0.9981856267331571,18.143732668428612,1.6166991388608618,0.09052884370572738,,True,False,,
baseline,10000,207,0.9986446410831274,13.55358916872551,1.2076939369637543,0.08941359767210214,,True,False,,
baseline,10000,208,0.9992033771414597,7.96622858540319,0.7098316057312996,0.08840418346413818,,True,False,,
baseline,10000,209,0.9978892249244232,21.10775075576776,1.8808082710300935,0.09097520897266141,,True,False,,
baseline,10000,210,0.9990077255711702,9.922744288297647,0.8841671357923898,0.09026990712434052,0.09781095285567365,True,False,True,False
baseline,10000,211,0.9994482861029202,5.5171389707975305,0.49160522732925444,0.08874498317309104,,True,True,,
baseline,10000,212,0.999836506951046,1.6349304895402206,0.14568064702233965,0.08969942358395282,,True,True,,
baseline,10000,213,0.9998103029323163,1.8969706768368066,0.16902976447745371,0.08918424691537351,,True,True,,
baseline,10000,214,0.999968670748383,0.31329251616973863,0.027915961415399086,0.08749896344849162,,True,True,,
baseline,10000,215,0.9993654227249185,6.345772750815382,0.5654407243059582,0.09057329192354784,0.09378068093089584,True,True,True,True
baseline,10000,216,0.999180757071877,8.192429281229652,0.7299872416655033,0.08854094539861913,,True,False,,
baseline,10000,217,0.9991993202345133,8.006797654867004,0.7134465167788295,0.089710643163905,,True,False,,
baseline,10000,218,0.9997553460673455,2.4465393265449276,0.2179991347258413,0.08837871984107368,,True,True,,
baseline,10000,219,0.9991480052606834,8.519947393166305,0.7591707762339269,0.08965669595338968,,True,False,,
baseline,10000,220,0.9997052921623923,2.9470783760765507,0.26259971747980304,0.08977593899018295,0.0918476703683156,True,True,True,True
baseline,10000,221,0.9982985051021932,17.01494897806799,1.516118753693389,0.08822134187580617,,True,False,,
baseline,10000,222,0.9999490625720394,0.5093742796058454,0.04538784682545501,0.08885844710471129,,True,True,,
baseline,10000,223,0.9997312501499178,2.687498500821839,0.23946982637861053,0.08760432061999997,,True,True,,
baseline,10000,224,0.9997579768672018,2.42023132798197,0.21565495784674213,0.0881018075877979,,True,True,,
baseline,10000,225,0.9999460531937635,0.5394680623649339,0.04806935638915925,0.08814766381626792,0.08356587289257439,True,True,True,True
baseline,10000,226,0.9963835898305018,36.16410169498208,3.2224059479056355,0.08833968717373235,,False,False,,
baseline,10000,227,0.9997294458229208,2.705541770792186,0.24107757377857375,0.08879568039074838,,True,True,,
baseline,10000,228,0.9991872621419456,8.127378580543576,0.7241908923859269,0.08792736247258258,,True,False,,
baseline,10000,229,0.999262081607809,7.379183921909505,0.6575229314751713,0.0882943928887863,,True,True,,
baseline,10000,230,0.9996887710807839,3.1122891921608886,0.2773208439963337,0.0890806772503631,0.09048713124554068,True,True,True,True
baseline,10000,231,0.999845051322025,1.5494867797505307,0.1380671765991099,0.0892487029320271,,True,True,,
baseline,10000,232,0.9989207006937332,10.792993062668232,0.9617107410598883,0.0898338119071317,,True,False,,
baseline,10000,233,0.9998486623197477,1.5133768025232808,0.13484959341738875,0.08945763939622241,,True,True,,
baseline,10000,234,0.9988694144532372,11.30585546762819,1.0074093976486531,0.09004559752116076,,True,False,,
baseline,10000,235,0.9967067132153687,32.932867846312554,2.934486528232301,0.08936483617317467,0.09102461144504724,True,False,False,False
baseline,10000,236,0.9996064820884469,3.9351791155306515,0.3506445340440882,0.08969151476064957,,True,True,,
baseline,10000,237,0.9999222235621664,0.7777643783357657,0.06930277378260045,0.08891733330119071,,True,True,,
baseline,10000,238,0.9998059581588917,1.9404184110827227,0.1729011792422366,0.09007663176662259,,True,True,,
baseline,10000,239,0.9992817880087062,7.182119912938489,0.6399635229771456,0.08694904279374092,,True,True,,
baseline,10000,240,0.9979447883963437,20.55211603656293,1.8312983830442136,0.09005057969956046,0.09323707980240853,True,False,True,False
baseline,10000,241,0.998561074812922,14.389251870779995,1.2821557467511355,0.0892666342203965,,True,False,,
baseline,10000,242,0.9995438225022322,4.56177497767829,0.4064774218660405,0.08886534640321862,,True,True,,
baseline,10000,243,0.9997166827737122,2.8331722628782696,0.2524501017152869,0.09066950721124753,,True,True,,
baseline,10000,244,0.9998284781802267,1.715218197733126,0.1528346914005643,0.08986841756641714,,True,True,,
baseline,10000,245,0.9993521710554547,6.478289445452923,0.5772486378163899,0.08991140550180662,0.09032020909979464,True,True,True,True
baseline,10000,246,0.999542187054207,4.5781294579294585,0.4079346894868641,0.08956180208201994,,True,True,,
baseline,10000,247,0.9990540668165586,9.459331834413831,0.8428747221075793,0.08824263242933186,,True,False,,
baseline,10000,248,0.9979217702624695,20.78229737530468,1.8518087145689484,0.08847295588698842,,True,False,,
baseline,10000,249,0.9978859153956154,21.140846043845585,1.883757230029521,0.0873089128960011,,True,False,,
stress,10000,0,0.9390724001987506,609.275998012494,0.5207698679742654,0.0008420654700114949,0.0012888743130523236,True,True,True,False
stress,10000,1,0.9563221694996599,436.77830500340133,0.3733299538676072,0.0008652243024738334,,True,True,,
stress,10000,2,0.9220285449248298,779.7145507517023,0.6664497616468572,0.0008503288524200684,,True,True,,
stress,10000,3,0.9509567324723683,490.4326752763166,0.4191902526721163,0.0008537017777985545,0.001361515425132883,True,True,True,True
stress,10000,4,0.944176295512718,558.2370448728202,0.4771450592261821,0.0008365553914096499,,True,True,,
stress,10000,5,0.87917401398866,1208.2598601133998,1.0327426812847411,0.0008476637021704733,,True,False,,
stress,10000,6,0.9704373029025576,295.6269709744241,0.25268288779829107,0.0008636296449241467,0.0011397297041724486,True,True,True,True
stress,10000,7,0.9462972271830532,537.027728169468,0.4590167018061305,0.0008488511382664688,,True,True,,
stress,10000,8,0.9878143081235959,121.85691876404059,0.1041554430233749,0.0008684489139444227,,True,True,,
stress,10000,9,0.9350981906181489,649.0180938185108,0.5547388509203088,0.0008650833029760484,0.0017255547747983034,True,True,True,False
stress,10000,10,0.9124475097378395,875.524902621605,0.7483422774469527,0.0008557680854129993,,True,False,,
stress,10000,11,0.9593309509737131,406.69049026286876,0.34761282835934126,0.0008572079394523502,,True,True,,
stress,10000,12,0.8613600457492699,1386.3995425073006,1.1850050044090255,0.0008606243545643371,0.0034694088353994486,True,False,False,False
stress,10000,13,0.8948836516048546,1051.1634839514538,0.898466820525469,0.0008461509115931475,,True,False,,
stress,10000,14,0.874884865724829,1251.1513427517095,1.0694035571827525,0.0008388460747640387,,True,False,,
stress,10000,15,0.9569847649989156,430.152350010844,0.36766651444453186,0.0008328651030936682,0.0010954375585216806,True,True,True,True
stress,10000,16,0.9142941362744708,857.0586372552924,0.732558503577372,0.0008597499614317605,,True,False,,
stress,10000,17,0.8091418871147061,1908.5811288529387,1.6313321807082533,0.0008437696685270272,,True,False,,
stress,10000,18,0.9183998852553663,816.0011474463369,0.6974652065873171,0.000844522666195451,0.0016985364331132391,True,True,True,False
stress,10000,19,0.9746590113025836,253.40988697416412,0.2165984444051623,0.0008669273868346985,,True,True,,
stress,10000,20,0.8902434181661076,1097.5658183389237,0.9381285462975136,0.0008442417507639197,,True,False,,
stress,10000,21,0.9383665607430067,616.3343925699327,0.5268029288756932,0.0008452169076012287,0.001366551513875199,True,True,True,False
stress,10000,22,0.7855824667829444,2144.175332170556,1.8327029265729244,0.0008460151829493862,,True,False,,
stress,10000,23,0.8763535320164066,1236.4646798359336,1.0568503439713657,0.0008523322877242252,,True,False,,
stress,10000,24,0.8655689787379769,1344.3102126202311,1.1490297570007648,0.0008455849779750368,0.002797043722520338,True,False,False,False
stress,10000,25,0.9477979792107382,522.0202078926184,0.4461892403950611,0.0008626906169616226,,True,True,,
stress,10000,26,0.9798530184075617,201.46981592438328,0.1722034181257689,0.0008470953113239191,,True,True,,
stress,10000,27,0.8952229664129748,1047.7703358702518,0.8955665761632604,0.0008391653276100948,0.002007672726261537,True,False,True,False
stress,10000,28,0.9430178464306009,569.8215356939907,0.4870467356013711,0.000855728074654998,,True,True,,
stress,10000,29,0.9026567256773308,973.4327432266921,0.8320275914784945,0.0008448413785225117,,True,False,,
stress,10000,30,0.9642646524201705,357.35347579829545,0.3054427271362936,0.0008564053624763232,0.0011920506017122244,True,True,True,True
stress,10000,31,0.8455423676643219,1544.5763233567811,1.3202043254856604,0.0008520209980687985,,True,False,,
stress,10000,32,0.8892571570148217,1107.4284298517834,0.9465584711791567,0.0008666917379359,,True,False,,
stress,10000,33,0.9263768732739495,736.2312672605053,0.6292830525090162,0.0008515382060800248,0.0017284853854338854,True,True,True,False
stress,10000,34,0.9985154450764502,14.84554923549819,0.012689019000576668,0.0008505365576201498,,True,True,,
stress,10000,35,0.933045077777579,669.5492222242106,0.5722875366786139,0.0008456077772445062,,True,True,,
stress,10000,36,0.8915164764852996,1084.8352351470037,0.9272472640055505,0.0008491593130399011,0.0023187586169900343,True,False,True,False
stress,10000,37,0.9836265278473033,163.7347215269669,0.13994989067442817,0.0008428821249984534,,True,True,,
stress,10000,38,0.8445588554367732,1554.4114456322677,1.3286107543383048,0.0008516536301896274,,True,False,,
stress,10000,39,0.92029205716905,797.0794283094995,0.6812921401791852,0.0008743877860297629,0.002059265262046607,True,False,True,False
stress,10000,40,0.9943644768481269,56.35523151873101,0.04816882098327281,0.000843456269963012,,True,True,,
stress,10000,41,0.9745147547953907,254.85245204609265,0.217831456085424,0.0008418499873951074,,True,True,,
stress,10000,42,0.9233572808765198,766.427191234802,0.6550925828249189,0.0008567494056808079,0.0017020633786228496,True,True,True,False
stress,10000,43,0.9792322157658775,207.6778423412251,0.17750963912910006,0.0008468910206503033,,True,True,,
stress,10000,44,0.852730441173563,1472.69558826437,1.258765304342404,0.0008445236241665796,,True,False,,
stress,10000,45,0.919488752223047,805.1124777695295,0.6881582732951738,0.0008395108637302382,0.001536275423659877,True,True,True,False
stress,10000,46,0.8923294202469809,1076.7057975301907,0.9202987445033497,0.0008619343356034353,,True,False,,
stress,10000,47,0.9755004349282286,244.99565071771423,0.2094064973751304,0.0008638244285922717,,True,True,,
stress,10000,48,0.9791666643164898,208.33335683510202,0.17806993068423285,0.0008649821631342631,0.0010511740968162273,True,True,True,True
stress,10000,49,0.9852903721954932,147.09627804506798,0.1257284211866574,0.0008453003354921553,,True,True,,
stress,10000,50,0.9257758565283548,742.2414347164519,0.6344201564204561,0.0008583500468892497,,True,True,,
stress,10000,51,0.9189555511596151,810.4444884038486,0.6927157324485455,0.0008471822388326136,0.0018038325130283336,True,True,True,False
stress,10000,52,0.9884179855168524,115.82014483147552,0.09899559760995369,0.00085340456440858,,True,True,,
stress,10000,53,0.9799331430845029,200.66856915497144,0.17151856401091362,0.0008559372379679107,,True,True,,
stress,10000,54,0.9534845699701746,465.1543002982539,0.39758392640475565,0.0008487353121427389,0.0012211246444309306,True,True,True,True
stress,10000,55,0.8286154734139136,1713.8452658608637,1.464884511686245,0.0008498843330894145,,True,False,,
stress,10000,56,0.9457372219419006,542.6277805809942,0.46380326580095854,0.0008576397559169699,,True,True,,
stress,10000,57,0.8754783142535686,1245.216857464314,1.064331141512853,0.0008417841211361595,0.002338314652603529,True,False,True,False
stress,10000,58,0.984258672705853,157.41327294147013,0.1345467237090232,0.0008644645377226694,,True,True,,
stress,10000,59,0.8771945742108681,1228.054257891319,1.0496616571693378,0.0008533468115926066,,True,False,,
stress,10000,60,0.8634652366994471,1365.3476330055291,1.167011188523275,0.0008494060356601226,0.0027474579269009362,True,False,False,False
stress,10000,61,0.944981907212476,550.1809278752401,0.47025920946531724,0.0008558941110410273,,True,True,,
stress,10000,62,0.9273083086759686,726.9169132403141,0.621321742808349,0.000872620308233944,,True,True,,
stress,10000,63,0.9593449612452495,406.5503875475052,0.3474930775849455,0.0008737990444001953,0.0013612261414308365,True,True,True,True
stress,10000,64,0.9743371704303373,256.62829569662705,0.21934933282182675,0.0008574298115189109,,True,True,,
stress,10000,65,0.9650553939206304,349.44606079369555,0.29868397825828713,0.0008417823175308994,,True,True,,
stress,10000,66,0.9171974653926029,828.0253460739706,0.7077427168654764,0.0008523492690626164,0.0017888846702943091,True,False,True,False
stress,10000,67,0.9647753271815112,352.24672818488847,0.3010778082996955,0.0008744078949704425,,True,True,,
stress,10000,68,0.9983778176814626,16.221823185373907,0.013865369300787413,0.0008612531519962705,,True,True,,
stress,10000,69,0.9389689052908727,610.3109470912726,0.5216544757659293,0.0008587246031503098,0.0015403070100091152,True,True,True,False
stress,10000,70,0.9517971357077671,482.02864292232863,0.41200702728048016,0.0008491049979851424,,True,True,,
stress,10000,71,0.8927543472180933,1072.4565278190667,0.9166667425310616,0.0008629472399641848,,True,False,,
stress,10000,72,0.951472881815452,485.2711818454802,0.4147785406380053,0.0008623017558395885,0.0015701793707657544,True,True,True,False
stress,10000,73,0.9601555087409674,398.44491259032554,0.3405650398203058,0.0008500842221084462,,True,True,,
stress,10000,74,0.920020133366103,799.7986663389701,0.6836163696486167,0.0008464725635282251,,True,True,,
stress,10000,75,0.9384403630764814,615.5963692351862,0.5261721140793586,0.0008566592519835873,0.001599343971619614,True,True,True,False
stress,10000,76,0.9920214238028128,79.78576197187226,0.0681957288057588,0.000847238522372528,,True,True,,
stress,10000,77,0.9784838763858467,215.16123614153338,0.18390596200099837,0.0008602395480862671,,True,True,,
stress,10000,78,0.9286806197383379,713.1938026166207,0.6095921120153918,0.0008496131320445446,0.0015390625236866714,True,True,True,False
stress,10000,79,0.9960003844874793,39.996155125207046,0.034186136483264504,0.0008611853294466324,,True,True,,
stress,10000,80,0.9124650046282841,875.3499537171595,0.7481927423952396,0.000871815384821093,,True,False,,
stress,10000,81,0.8957172130294657,1042.827869705343,0.8913420745243265,0.0008532606499399762,0.002123155544387655,True,False,True,False
stress,10000,82,0.8786064973754646,1213.935026245354,1.0375934476482787,0.0008581795934328085,,True,False,,
stress,10000,83,0.9508766479724543,491.23352027545695,0.4198747633796292,0.0008521851560342899,,True,True,,
stress,10000,84,0.9580375622689011,419.6243773109887,0.3586678816888922,0.0008587257817697692,0.0014272948411811676,True,True,True,True
stress,10000,85,0.9476695847715196,523.3041522848036,0.44728667333807176,0.0008682894516827416,,True,True,,
stress,10000,86,0.9023728144658174,976.2718553418259,0.8344542815929672,0.0008651923612664066,,True,False,,
stress,10000,87,0.8943586091151783,1056.4139088482173,0.9029545454468767,0.0008542359758510653,0.0023127795071917097,True,False,True,False
stress,10000,88,0.9356720408207698,643.2795917923017,0.5498339491150391,0.0008431924577232093,,True,True,,
stress,10000,89,0.9182304849788062,817.6951502119379,0.6989131310082163,0.0008652956022276935,,True,False,,
stress,10000,90,0.9684293057535055,315.70694246494503,0.269845953693152,0.0008576320776507653,0.0011420578611308126,True,True,True,True
stress,10000,91,0.9488380104005426,511.61989599457394,0.43729972386773397,0.0008485238722758479,,True,True,,
stress,10000,92,0.9196380772800528,803.6192271994724,0.6868819389167347,0.0008677348925015568,,True,False,,
stress,10000,93,0.9070735251552956,929.264748447044,0.7942756352466429,0.0008520324645218224,0.0021354298821493387,True,False,True,False
stress,10000,94,0.9221484474569336,778.5155254306642,0.6654249120546006,0.0008624819667558274,,True,True,,
stress,10000,95,0.8995934886889946,1004.0651131100542,0.8582101676376332,0.0008474121207306855,,True,False,,
stress,10000,96,0.8612656770247039,1387.343229752961,1.185811607465661,0.000852782933109689,0.0028793587145576395,True,False,False,False
stress,10000,97,0.8858001042880697,1141.9989571193034,0.9761071305381915,0.0008602632681960421,,True,False,,
stress,10000,98,0.9734415051041616,265.5849489583839,0.22700490296053547,0.0008380552693437401,,True,True,,
stress,10000,99,0.8398547843267422,1601.4521567325778,1.3688181233944245,0.0008339367017658584,0.003300415812056645,True,False,False,False
stress,10000,100,0.9211968170763911,788.0318292360888,0.673558835420235,0.0008651688997883794,,True,True,,
stress,10000,101,0.8328802276377305,1671.1977236226949,1.4284321403254046,0.0008496327172731781,,True,False,,
stress,10000,102,0.8881814338086121,1118.1856619138787,0.9557530600666563,0.0008562912336397251,0.0024429664281237994,True,False,True,False
stress,10000,103,0.9508486361739086,491.5136382609142,0.42011419018583795,0.0008448107762600005,,True,True,,
stress,10000,104,0.9276926840238584,723.0731597614159,0.6180363499843067,0.0008530575044020514,,True,True,,
stress,10000,105,0.867392194816379,1326.0780518362103,1.1334460806449707,0.000854547856626962,0.0029144599150727844,True,False,False,False
stress,10000,106,0.9850431491420698,149.56850857930192,0.12784152456364054,0.0008458393831344534,,True,True,,
stress,10000,107,0.9414939681962022,585.0603180379776,0.5000718649274142,0.0008691280258772734,,True,True,,
stress,10000,108,0.972799663274796,272.00336725204056,0.23249095338480089,0.0008696031622566424,0.0012735932819353986,True,True,True,True
stress,10000,109,0.9638500407962554,361.4995920374464,0.3089865601668282,0.0008648395633854169,,True,True,,
stress,10000,110,0.9622837372973443,377.1626270265571,0.32237431331969113,0.0008603351427759404,,True,True,,
stress,10000,111,0.9722948223432355,277.051776567645,0.2368060084031236,0.0008627983932729095,0.0013731780202271319,True,True,True,True
stress,10000,112,0.9135480567233436,864.5194327665639,0.7389355108877899,0.0008468948520798015,,True,False,,
stress,10000,113,0.8681758958576462,1318.241041423538,1.1267475090760368,0.0008525556025123761,,True,False,,
stress,10000,114,0.9673828659293433,326.1713407065669,0.2787902470979413,0.0008518497513038871,0.0011381713520009161,True,True,True,True
stress,10000,115,0.988686949364962,113.13050635037958,0.09669666792739937,0.0008477914777501303,,True,True,,
stress,10000,116,0.9199774190902095,800.2258090979053,0.6839814637585152,0.0008612166658678905,,True,True,,
stress,10000,117,0.93377125954059,662.2874045940996,0.5660806028410388,0.0008584626377787294,0.001621511961821907,True,True,True,False
stress,10000,118,0.8786379684204451,1213.6203157955495,1.0373244534323083,0.0008488736736092852,,True,False,,
stress,10000,119,0.9893320034311773,106.67996568822669,0.09118316137215983,0.0008612094997328534,,True,True,,
stress,10000,120,0.96677965397838,332.2034602162005,0.28394611421052113,0.0008459352289560812,0.0010355866516343361,True,True,True,True
stress,10000,121,0.8252625010497218,1747.3749895027825,1.493543559164195,0.0008416640205203482,,True,False,,
stress,10000,122,0.8983261212553987,1016.7387874460132,0.8690428079061095,0.0008477699843264788,,True,False,,
stress,10000,123,0.8792072666503586,1207.9273334964137,1.032458458956944,0.0008346686384539122,0.002193938571924531,True,False,True,False
stress,10000,124,0.9541469750053956,458.5302499460442,0.3919221149455352,0.0008542445656583349,,True,True,,
stress,10000,125,0.9514131240126672,485.86875987332803,0.41528931183477286,0.0008537976555899053,,True,True,,
stress,10000,126,0.9652214571694665,347.78542830533496,0.2972645766003548,0.0008648987242447722,0.0011483667694854429,True,True,True,True
stress,10000,127,0.9960303147484407,39.69685251559274,0.03393031189637507,0.0008664533006904622,,True,True,,
stress,10000,128,0.9344066057398073,655.9339426019272,0.5606500728782037,0.0008414551802277631,,True,True,,
stress,10000,129,0.9759815329714732,240.18467028526834,0.20529438126879357,0.0008563023694976183,0.0009913208731867741,True,True,True,True
stress,10000,130,0.9619785931356534,380.2140686434663,0.32498248901207477,0.0008578898446584434,,True,True,,
stress,10000,131,0.852499733383297,1475.0026661670302,1.2607372458905595,0.0008536662042801159,,True,False,,
stress,10000,132,0.91396499517878,860.3500482121996,0.7353717896005683,0.0008546189385584125,0.0020363139122685295,True,False,True,False
stress,10000,133,0.9368940717645041,631.0592823549588,0.5393888159519906,0.0008386516657898598,,True,True,,
stress,10000,134,0.8104873479345277,1895.126520654723,1.619832048489215,0.0008483996039770495,,True,False,,
stress,10000,135,0.9777429206891228,222.5707931087717,0.1902391739052319,0.0008592444219495608,0.0012159867236469827,True,True,True,True
stress,10000,136,0.9301356104737858,698.6438952621421,0.5971557886467593,0.0008603342142713798,,True,True,,
stress,10000,137,0.9144872577512236,855.1274224877636,0.7309078256205894,0.0008502157928849465,,True,False,,
stress,10000,138,0.9990994458256626,9.005541743374312,0.007697356862952618,0.000861029351623335,0.0007873068569855176,True,True,True,True
stress,10000,139,0.9544166295304712,455.8337046952876,0.38961728180127214,0.0008603275238474622,,True,True,,
stress,10000,140,0.945506819670175,544.9318032982497,0.465772595973473,0.0008336013936647506,,True,True,,
stress,10000,141,0.8511542438132003,1488.4575618679974,1.2722376238484265,0.0008669794042389305,0.00405913754257856,True,False,False,False
stress,10000,142,0.9174212227095109,825.7877729048912,0.7058301834854558,0.00086130282157693,,True,False,,
stress,10000,143,0.9713328310965419,286.67168903458105,0.2450284897772012,0.0008418039346543572,,True,True,,
stress,10000,144,0.9419693865473618,580.3061345263816,0.4960082951696431,0.0008527513205697895,0.0015307113434627454,True,True,True,False
stress,10000,145,0.9445284791930912,554.7152080690876,0.47413482003525775,0.0008733851684051356,,True,True,,
stress,10000,146,0.9911689465323009,88.3105346769908,0.07548215527034467,0.0008728510293294385,,True,True,,
stress,10000,147,0.9999800000618586,0.19999938141390672,0.0001709465854450402,0.0008378543158608815,0.0006276928238563484,True,True,True,True
stress,10000,148,0.8875183508788642,1124.8164912113577,0.9614206657315315,0.0008658799973546869,,True,False,,
stress,10000,149,0.993478952045211,65.21047954789027,0.055737716462608736,0.0008426749366901466,,True,True,,
stress,10000,150,0.9698672496102918,301.32750389708195,0.25755533606016173,0.0008611739116774786,0.0012831992814493582,True,True,True,True
stress,10000,151,0.8738508032218136,1261.4919677818637,1.0782420572209803,0.0008429130856141085,,True,False,,
stress,10000,152,0.7920836307901575,2079.1636920984247,1.7771351652831386,0.0008480970524867132,,True,False,,
stress,10000,153,0.9597814574433875,402.18542556612505,0.34376218931399577,0.0008426602303011716,0.0011568981804205352,True,True,True,True
stress,10000,154,0.945039597036841,549.6040296315896,0.46976611401570084,0.0008634412429113512,,True,True,,
stress,10000,155,0.9600291204671203,399.708795328797,0.3416453253542769,0.0008505543451903472,,True,True,,
stress,10000,156,0.9814590025431033,185.40997456896747,0.1584765004568801,0.0008646361630141071,0.0010695543290014386,True,True,True,True
stress,10000,157,0.9698594600493392,301.4053995066079,0.2576219162084376,0.0008405656205705465,,True,True,,
stress,10000,158,0.9188569667324517,811.4303326754834,0.6935583686148432,0.0008503790464889678,,True,True,,
stress,10000,159,0.9416815682210287,583.1843177897133,0.498468380784275,0.00087063479501289,0.0015742374667673668,True,True,True,False
stress,10000,160,0.9581659531643157,418.34046835684256,0.3575704790360341,0.0008512084849220576,,True,True,,
stress,10000,161,0.8897650398666279,1102.3496013337208,0.9422174157864558,0.0008634564996309392,,True,False,,
stress,10000,162,0.9473202987402153,526.7970125978471,0.45027214529168536,0.0008564997190791926,0.0016489550851810217,True,True,True,False
stress,10000,163,0.9757725409465245,242.27459053475454,0.20708071044629606,0.0008606426273658783,,True,True,,
stress,10000,164,0.9176315496898764,823.6845031012363,0.7040324439691502,0.0008594657042328049,,True,False,,
stress,10000,165,0.9427259577695607,572.7404223043931,0.48954161181459743,0.0008545717049515641,0.001381137334905452,True,True,True,False
stress,10000,166,0.9621013647201454,378.98635279854597,0.3239331166085094,0.0008551794535835088,,True,True,,
stress,10000,167,0.9547135183427102,452.86481657289767,0.38707966751715317,0.0008503374056108216,,True,True,,
stress,10000,168,0.9824760706981647,175.2392930183533,0.14978325715565124,0.0008778842100319975,0.0011310279346671184,True,True,True,True
stress,10000,169,0.9875513224175843,124.48677582415746,0.10640327539894169,0.0008453068416022136,,True,True,,
stress,10000,170,0.952248410888302,477.5158911169797,0.40814981778997267,0.0008543655739138454,,True,True,,
stress,10000,171,0.8645902820410234,1354.097179589766,1.1573950258004864,0.0008497062999644474,0.0029227370172391315,True,False,False,False
stress,10000,172,0.9770799955634183,229.2000443658171,0.19590543076281614,0.0008515913900654875,,True,True,,
stress,10000,173,0.8896373829063866,1103.6261709361338,0.9433085452343206,0.0008602903665483821,,True,False,,
stress,10000,174,0.9169857436471575,830.1425635284254,0.7095523779350507,0.0008495673171804561,0.0018810562101261171,True,False,True,False
stress,10000,175,0.9204148989731242,795.8510102687577,0.6802421675838735,0.0008649242729186186,,True,True,,
stress,10000,176,0.84676304245805,1532.3695754194998,1.3097707838191088,0.0008397992089508304,,True,False,,
stress,10000,177,0.9880245940672,119.75405932799998,0.10235805426286633,0.0008475374767060669,0.0009343110205240311,True,True,True,True
stress,10000,178,0.9538040718016404,461.95928198359604,0.3948530306016592,0.0008621844114984547,,True,True,,
stress,10000,179,0.9315023655895948,684.9763441040524,0.5854736465053518,0.0008485455652205881,,True,True,,
stress,10000,180,0.9845157919992787,154.84208000721256,0.13234903364856193,0.0008582573441723645,0.0009528325515485526,True,True,True,True
stress,10000,181,0.9912798345691652,87.20165430834759,0.07453435577543377,0.000861937916891591,,True,True,,
stress,10000,182,0.9506926856005568,493.0731439944325,0.42144715520924064,0.0008533656473328877,,True,True,,
stress,10000,183,0.7588023243269169,2411.9767567308313,2.0616023300723465,0.0008408388117716933,0.0075203341260007325,True,False,False,False
stress,10000,184,0.8763757377614193,1236.242622385807,1.0566605435699674,0.0008546442952009335,,True,False,,
stress,10000,185,0.8961618010384403,1038.3819896155965,0.8875420226678292,0.0008428518639619769,,True,False,,
stress,10000,186,0.9228957902124727,771.042097875273,0.6590371076867408,0.0008405823541433409,0.001447893655199938,True,True,True,False
stress,10000,187,0.8644864180277948,1355.135819722052,1.158282788466877,0.0008456381782226422,,True,False,,
stress,10000,188,0.9509992472574894,490.0075274251059,0.41882686368081057,0.0008505175006936908,,True,True,,
stress,10000,189,0.9048177237474698,951.8227625253018,0.8135567722873557,0.000843050923339732,0.001869237926724582,True,False,True,False
stress,10000,190,0.96167359831329,383.26401686709977,0.32758938824810435,0.0008712711877435203,,True,True,,
stress,10000,191,0.9727282897243669,272.7171027563313,0.23310100850850596,0.0008576919508644631,,True,True,,
stress,10000,192,0.9474992827321473,525.0071726785266,0.4487423054464917,0.0008491173420840556,0.0013601086260517942,True,True,True,False
stress,10000,193,0.9108622130385905,891.3778696140951,0.7618923722391492,0.0008483994409221924,,True,False,,
stress,10000,194,0.9262607078799137,737.3929212008634,0.6302759594528732,0.0008559001497736818,,True,True,,
stress,10000,195,0.9585865589726196,414.1344102738043,0.3539754115793459,0.0008619566186181366,0.0014406725977892762,True,True,True,True
stress,10000,196,0.9769438441025439,230.5615589745613,0.19706916572915928,0.0008590084190855228,,True,True,,
stress,10000,197,0.8256686675245828,1743.313324754172,1.490071909826638,0.0008527565288258815,,True,False,,
stress,10000,198,0.9692452921908208,307.5470780917922,0.2628714273600014,0.0008369312282234794,0.0008989772684782718,True,True,True,True
stress,10000,199,0.869137185351106,1308.6281464889405,1.1185310258364687,0.0008611075227560549,,True,False,,
stress,10000,200,0.9908456899724123,91.5431002758771,0.07824514407286048,0.0008509153439165653,,True,True,,
stress,10000,201,0.9775845822906071,224.15417709392926,0.19159254851968072,0.0008374997416942462,0.000928599374115166,True,True,True,True
stress,10000,202,0.9072913268037959,927.0867319620413,0.7924140070829854,0.0008608945979878211,,True,False,,
stress,10000,203,0.9422425408399924,577.5745916000762,0.4936735482671911,0.0008357130478215685,,True,True,,
stress,10000,204,0.9291341595656605,708.6584043433952,0.6057155457832358,0.000858634206373765,0.0016177811576150222,True,True,True,False
stress,10000,205,0.976186110749629,238.1388925037098,0.2035457822288145,0.000855950904382774,,True,True,,
stress,10000,206,0.8706592961031884,1293.4070389681162,1.1055210038104917,0.0008436255569437361,,True,False,,
stress,10000,207,0.9558824250694085,441.1757493059154,0.37708860593385435,0.0008477051910663958,0.0012968071604784765,True,True,True,True
stress,10000,208,0.9498916119206113,501.08388079388664,0.42829421690055447,0.0008382013833642938,,True,True,,
stress,10000,209,0.9190560326217032,809.4396737829679,0.6918568816499556,0.0008530301516966188,,True,True,,
stress,10000,210,0.9968721123289042,31.278876710958414,0.02673516854149096,0.000868829235309567,0.0010090056261000578,True,True,True,True
stress,10000,211,0.9425023610685406,574.9763893145943,0.4914527723534924,0.0008458281581468962,,True,True,,
stress,10000,212,0.8631822923068665,1368.177076931335,1.1694296148924233,0.0008468107290439947,,True,False,,
stress,10000,213,0.9677078650460014,322.9213495399863,0.27601236404287466,0.0008528738676270371,0.00117137793269535,True,True,True,True
stress,10000,214,0.9175667336028361,824.3326639716386,0.7045864501207245,0.00086182873455963,,True,False,,
stress,10000,215,0.8618307977971769,1381.6920220282313,1.1809813192049996,0.000841639917208789,,True,False,,
stress,10000,216,0.983798929689616,162.0107031038398,0.1384763108033585,0.0008615824658934482,0.001069892102866935,True,True,True,True
stress,10000,217,0.9357825196367985,642.1748036320151,0.5488896473761741,0.0008562739938722125,,True,True,,
stress,10000,218,0.8716493442698843,1283.5065573011573,1.0970587099610658,0.0008515509595914869,,True,False,,
stress,10000,219,0.9663917968147246,336.0820318527535,0.2872612673524229,0.0008733574346328504,0.0014888489771008727,True,True,True,True
stress,10000,220,0.9022943735003313,977.0562649966874,0.8351247444271056,0.0008567154378833466,,True,False,,
stress,10000,221,0.8209639205438823,1790.3607945611766,1.5302850557897825,0.0008527121990036483,,True,False,,
stress,10000,222,0.9678597606377003,321.40239362299707,0.2747140583900513,0.0008418276983419355,0.001025437059621855,True,True,True,True
stress,10000,223,0.9595098527350511,404.9014726494893,0.3460836913682856,0.0008586269461489936,,True,True,,
stress,10000,224,0.9568262964880719,431.7370351192806,0.36902100117532943,0.0008614212953340662,,True,True,,
stress,10000,225,0.902420899608533,975.79100391467,0.8340432807738769,0.0008593396062751859,0.002195683683978536,True,False,True,False
stress,10000,226,0.8760485226834268,1239.5147731657319,1.059457367234796,0.0008569208812244663,,True,False,,
stress,10000,227,0.9826156307891052,173.84369210894812,0.14859038741565406,0.00085123415929805,,True,True,,
stress,10000,228,0.8925888834771487,1074.1111652285128,0.9180810199817957,0.0008437276597833114,0.002161282206242352,True,False,True,False
stress,10000,229,0.8899254349278881,1100.7456507211189,0.9408464621439576,0.0008283439989395994,,True,False,,
stress,10000,230,0.8727340001426761,1272.659998573239,1.0877877703948606,0.0008441086037118499,,True,False,,
stress,10000,231,0.9739420371920021,260.5796280799788,0.22272667716217995,0.0008478025634763273,0.0010136713395325764,True,True,True,True
stress,10000,232,0.9983800992446556,16.1990075534435,0.01384586796860478,0.000857438519174038,,True,True,,
stress,10000,233,0.9954158277753553,45.84172224644689,0.03918255063365478,0.0008587794085939463,,True,True,,
stress,10000,234,0.9272172524243161,727.8274757568392,0.6221000329807174,0.0008409159456625833,0.001508559203157302,True,True,True,False
stress,10000,235,0.9827164625319376,172.83537468062437,0.14772854264294477,0.0008543084997985671,,True,True,,
stress,10000,236,0.8870794893801419,1129.2051061985808,0.9651717710679331,0.0008554849422083046,,True,False,,
stress,10000,237,0.9404940892608291,595.0591073917088,0.5086181858536134,0.0008576432442930649,0.0015445340253189745,True,True,True,False
stress,10000,238,0.9434692427104038,565.3075728959623,0.4831884910323444,0.000853986765867978,,True,True,,
stress,10000,239,0.9931786150519837,68.21384948016318,0.05830480357618245,0.0008592563168613861,,True,True,,
stress,10000,240,0.8957828810028202,1042.1711899717977,0.8907807869974008,0.0008421278700365536,0.0019050556641074998,True,False,True,False
stress,10000,241,0.9828463038224997,171.53696177500288,0.14661874294684263,0.0008485940748955931,,True,True,,
stress,10000,242,0.9135887042724796,864.1129572752037,0.7385880818266404,0.0008484790541441361,,True,False,,
stress,10000,243,0.970158103824741,298.41896175259006,0.2550693016299107,0.0008575179211983893,0.0010404262649362317,True,True,True,True
stress,10000,244,0.9647525297019871,352.47470298012894,0.30127266646644774,0.0008495321139689404,,True,True,,
stress,10000,245,0.939284185844445,607.1581415555505,0.5189596607265341,0.0008648672238452177,,True,True,,
stress,10000,246,0.9487408380798219,512.591619201781,0.4381302902579668,0.0008474045082919328,0.0012829249284238464,True,True,True,True
stress,10000,247,0.8990804830492547,1009.195169507453,0.8625950093210227,0.0008653486605203631,,True,False,,
stress,10000,248,0.9955592142842583,44.407857157416906,0.037956975138242366,0.0008541444170039268,,True,True,,
stress,10000,249,0.9435426706363257,564.5732936367432,0.482560876430543,0.0008490877484448105,0.0013305408765100699,True,True,True,False
stress,10000,250,0.9908264591713893,91.7354082861066,0.07840951656976551,0.0008574940442863365,,True,True,,
stress,10000,251,0.9950105498242249,49.89450175775123,0.04264660544283091,0.0008671789155509471,,True,True,,
stress,10000,252,0.9050022500070045,949.9774999299549,0.8119795607095299,0.0008636103170379742,0.00198808291866797,True,False,True,False
stress,10000,253,0.9239138937062794,760.8610629372059,0.6503350149769771,0.0008546816242266062,,True,True,,
stress,10000,254,0.9842171889004416,157.8281109955837,0.1349013005500216,0.0008650877689126546,,True,True,,
stress,10000,255,0.9403934570436662,596.0654295633383,0.509478325209453,0.0008588096713579709,0.0014235432397426955,True,True,True,False
stress,10000,256,0.9984265591975893,15.734408024107305,0.013448758224674976,0.0008703626925182356,,True,True,,
stress,10000,257,0.9853984095049614,146.0159049503862,0.12480498787282966,0.0008446828254448943,,True,True,,
stress,10000,258,0.9219115755735164,780.8842442648356,0.6674495402995398,0.0008453996430423411,0.0017906066963827457,True,True,True,False
stress,10000,259,0.8660333101733896,1339.6668982661042,1.1450609510555942,0.0008656756337163706,,True,False,,
stress,10000,260,0.9778414958074533,221.58504192546724,0.1893966173048414,0.0008627348418777534,,True,True,,
stress,10000,261,0.9798036533112385,201.9634668876147,0.17262535916363347,0.0008634426209599192,0.0010244251020868889,True,True,True,True
stress,10000,262,0.9291384707855097,708.6152921449029,0.6056786962536463,0.0008496074608588606,,True,True,,
stress,10000,263,0.9635126873571587,364.8731264284133,0.3118700400103169,0.000858160832354733,,True,True,,
stress,10000,264,0.9503726550247815,496.2734497521848,0.42418257037802887,0.0008481336971081976,0.0012933621434496122,True,True,True,True
stress,10000,265,0.9627640868906312,372.359131093688,0.3182685944813727,0.0008537307593393048,,True,True,,
stress,10000,266,0.9659411192118175,340.58880788182535,0.29111336913438274,0.0008391540377724442,,True,True,,
stress,10000,267,0.975779996541441,242.20003458559015,0.20701698482452582,0.0008562730280434402,0.001100365627553141,True,True,True,True
stress,10000,268,0.9462723804253375,537.2761957466255,0.4592290758825331,0.0008571785701456309,,True,True,,
stress,10000,269,0.9633554564530946,366.44543546905385,0.31321394847574163,0.0008510083507306716,,True,True,,
stress,10000,270,0.8794313644677523,1205.6863553224773,1.0305430151981534,0.000840846315111304,0.0021886365437883554,True,False,True,False
stress,10000,271,0.9521974216039656,478.02578396034414,0.4085856413405247,0.0008567692533852547,,True,True,,
stress,10000,272,0.9428477092322389,571.5229076776108,0.48850095875504074,0.0008538744523054479,,True,True,,
stress,10000,273,0.894764011331267,1052.3598866873297,0.8994894285008997,0.000850924575850125,0.0021908403330052123,True,False,True,False
stress,10000,274,0.9919963856501911,80.03614349808896,0.06840973880250316,0.000853036821486095,,True,True,,
stress,10000,275,0.8876864914379212,1123.1350856207878,0.9599835085642235,0.0008656545943441637,,True,False,,
stress,10000,276,0.9815613071841643,184.38692815835657,0.15760206629908738,0.0008374619350540849,0.0007451602838641509,True,True,True,True
stress,10000,277,0.9041959645071561,958.0403549284389,0.8188711696794438,0.0008517217130224356,,True,False,,
stress,10000,278,0.9578651043436645,421.34895656335544,0.3601419409206622,0.0008695274240381349,,True,True,,
stress,10000,279,0.8350288870468809,1649.7111295311906,1.4100667840587033,0.0008491240969373237,0.0037968908728950863,True,False,False,False
stress,10000,280,0.9352097286649506,647.9027133504944,0.5537854955592495,0.0008643036559512066,,True,True,,
stress,10000,281,0.9363179289768065,636.8207102319345,0.5443133132974028,0.0008619018568279375,,True,True,,
stress,10000,282,0.9186558189972317,813.441810027683,0.6952776498577532,0.0008629174643162068,0.0019467211163970823,True,False,True,False
stress,10000,283,0.9863405604452059,136.59439554794096,0.11675208865534055,0.0008523871670496621,,True,True,,
stress,10000,284,0.9735980566424395,264.0194335756052,0.22566680127614147,0.0008450936661485825,,True,True,,
stress,10000,285,0.8474372597326013,1525.6274026739868,1.3040080089486166,0.0008555447934270288,0.0033353749041250516,True,False,False,False
stress,10000,286,0.9977352853168342,22.647146831658027,0.019357321975572887,0.0008535604676931398,,True,True,,
stress,10000,287,0.9247689516639985,752.3104833600147,0.643026530460858,0.000851496639725244,,True,True,,
stress,10000,288,0.972774934524394,272.25065475605993,0.23270231881071615,0.0008461325641152502,0.0009970303956317345,True,True,True,True
stress,10000,289,0.8930086469312098,1069.9135306879016,0.9144931524264525,0.0008416753233822606,,True,False,,
stress,10000,290,0.8904659571181504,1095.3404288184965,0.936226426715379,0.0008401414155387907,,True,False,,
stress,10000,291,0.9667631670356908,332.36832964309235,0.2840870339742334,0.000862346669299859,0.0012567240281288019,True,True,True,True
stress,10000,292,0.9941115776856512,58.88422314348829,0.05033044008336719,0.0008550109135310636,,True,True,,
stress,10000,293,0.9521793203567507,478.2067964324932,0.40874035913924034,0.000842487322224459,,True,True,,
stress,10000,294,0.8883535799536941,1116.4642004630587,0.9542816657307712,0.0008653206819629453,0.0027272165902023668,True,False,False,False
stress,10000,295,0.8699679391711475,1300.3206082885254,1.1114302774302718,0.0008776338155028043,,True,False,,
stress,10000,296,0.9846983514194622,153.0164858053784,0.13078863334629323,0.0008700280759001407,,True,True,,
stress,10000,297,0.9779321922164425,220.67807783557546,0.18862140283571563,0.0008539335095466751,0.0010556579156004834,True,True,True,True
stress,10000,298,0.9501180696799446,498.8193032005539,0.4263586018785539,0.0008603027657876374,,True,True,,
stress,10000,299,0.9587497123201029,412.50287679897133,0.3525808818833527,0.0008536433134049317,,True,True,,
stress,100000,0,0.9938025257085981,619.7474291401938,0.5297201726369514,0.0008519011488323628,0.0009091214648649513,True,True,True,True
stress,100000,1,0.9988984630581769,110.15369418231336,0.09415228067957569,0.000855704038603658,,True,True,,
stress,100000,2,0.9915722347267708,842.7765273229193,0.7203510761911985,0.0008514558618739117,,True,False,,
stress,100000,3,0.9955716022038081,442.8397796191863,0.37851091183360114,0.0008523981638332553,,True,True,,
stress,100000,4,0.9840637366875575,1593.6263312442468,1.3621291119781824,0.0008525747278162722,,True,False,,
stress,100000,5,0.9896233312656084,1037.666873439158,0.8869307874345279,0.0008537184935451945,,True,False,,
stress,100000,6,0.9928950977793879,710.4902220612108,0.6072812655459897,0.0008508531061554223,,True,True,,
stress,100000,7,0.9980551634802239,194.4836519776061,0.16623209529657856,0.0008597280412527349,,True,True,,
stress,100000,8,0.9995088464524922,49.11535475078388,0.04198064078104456,0.0008535041656977894,,True,True,,
stress,100000,9,0.9670235743891972,3297.642561080283,2.8186123969467145,0.0008520820926614186,,True,False,,
stress,100000,10,0.9992634135247283,73.65864752717499,0.06295866614312824,0.0008548102381203071,0.0008489127659725619,True,True,True,True
stress,100000,11,0.9932561566991135,674.3843300886509,0.57642027535931,0.0008552325345778013,,True,True,,
stress,100000,12,0.9959464655969216,405.3534403078429,0.3464700042027601,0.0008517400153519909,,True,True,,
stress,100000,13,0.9845478230982341,1545.2176901765924,1.3207525245205243,0.0008563516664447016,,True,False,,
stress,100000,14,0.9887565959992188,1124.3404000781165,0.9610137337049779,0.0008498814600357475,,True,False,,
stress,100000,15,0.9996915045813894,30.849541861055485,0.02636820077346785,0.0008568312698433535,,True,True,,
stress,100000,16,0.9901032578449738,989.6742155026228,0.8459097555559161,0.0008568678313203753,,True,False,,
stress,100000,17,0.9973226277709467,267.73722290532874,0.2288445280612307,0.0008574491733249171,,True,True,,
stress,100000,18,0.9766195292109668,2338.0470789033157,1.9984120046907357,0.0008537684852668722,,True,False,,
stress,100000,19,0.9972404482553208,275.95517446792337,0.2358687035814086,0.0008555806807619646,,True,True,,
stress,100000,20,0.9969383695705831,306.1630429416873,0.26168844328588226,0.0008515378155411598,0.000838600611752224,True,True,True,True
stress,100000,21,0.9972036733249282,279.6326675071792,0.23901198769366122,0.0008566814144983514,,True,True,,
stress,100000,22,0.9921694128927946,783.0587107205412,0.6693081341268795,0.0008556141214991785,,True,True,,
stress,100000,23,0.9866961622798829,1330.3837720117117,1.137126332837154,0.0008535354981013752,,True,False,,
stress,100000,24,0.9872396349277774,1276.0365072222558,1.0906737924425016,0.0008563234379952763,,True,False,,
stress,100000,25,0.9921461839019936,785.3816098006395,0.6712935985981642,0.0008576799442153009,,True,True,,
stress,100000,26,0.9843696750901032,1563.0324909896797,1.3359794684633073,0.000856687364657966,,True,False,,
stress,100000,27,0.992885182281296,711.4817718704036,0.6081287784381891,0.0008539100719175169,,True,True,,
stress,100000,28,0.9796894545766748,2031.054542332522,1.7360145636942519,0.0008534532857157354,,True,False,,
stress,100000,29,0.9986588149480091,134.11850519908785,0.1146358571046197,0.000855305029641061,,True,True,,
stress,100000,30,0.9964709501643122,352.9049835687803,0.30164044259101985,0.0008559397907202518,0.0008811843661315035,True,True,True,True
stress,100000,31,0.9878412553619689,1215.8744638031128,1.0392511539163625,0.0008498299133353868,,True,False,,
stress,100000,32,0.9866374819641959,1336.2518035804128,1.142141948149869,0.0008561530524217769,,True,False,,
stress,100000,33,0.9984094580945929,159.05419054070836,0.13594927434994705,0.0008531118355897685,,True,True,,
stress,100000,34,0.9914168159171481,858.3184082851858,0.7336352746877645,0.0008559721217533629,,True,False,,
stress,100000,35,0.9978368007990293,216.31992009707446,0.18489633039318745,0.0008566063725870922,,True,True,,
stress,100000,36,0.9997856236196476,21.437638035237683,0.01832351178400086,0.0008500976567147175,,True,True,,
stress,100000,37,0.9991192835298486,88.07164701514213,0.07527796948832237,0.0008549492032315335,,True,True,,
stress,100000,38,0.9917600895142954,823.9910485704604,0.7042944592857829,0.0008550619398651799,,True,False,,
stress,100000,39,0.9967939342573717,320.6065742628272,0.27403384327493285,0.0008569950502049871,,True,True,,
stress,100000,40,0.9858492271147223,1415.0772885277663,1.2095168940248893,0.0008551430981458387,0.0009966857533671254,True,False,True,False
stress,100000,41,0.9929658783049896,703.4121695010386,0.6012314022503735,0.0008554984829341615,,True,True,,
stress,100000,42,0.9915720979470735,842.7902052926539,0.7203627672384679,0.0008551996327592593,,True,False,,
stress,100000,43,0.9943533970845223,564.6602915477695,0.482635236639688,0.0008530390355606451,,True,True,,
stress,100000,44,0.9862274161616363,1377.2583838363662,1.1771917309340763,0.0008527808472806751,,True,False,,
stress,100000,45,0.9944615131450577,553.8486854942292,0.4733941723675707,0.0008521044514829349,,True,True,,
stress,100000,46,0.9996617426557736,33.825734422643364,0.028912058421594545,0.0008516210463238026,,True,True,,
stress,100000,47,0.9981627596659899,183.72403340101152,0.15703546657024606,0.000854130722675921,,True,True,,
stress,100000,48,0.9983596544812536,164.03455187463666,0.14020616633780575,0.000854060498125361,,True,True,,
stress,100000,49,0.9934624884616406,653.7511538359353,0.5587843656762305,0.0008541543017438184,,True,True,,
stress,100000,50,0.9874884984712718,1251.1501528728152,1.0694025401509366,0.0008535344375553,0.0009699179114831943,True,False,True,False
stress,100000,51,0.9793149759379646,2068.5024062035427,1.7680225849976445,0.000854896939631996,,True,False,,
stress,100000,52,0.9937789662480445,622.1033751955484,0.5317338835334972,0.0008535923553401345,,True,True,,
stress,100000,53,0.9906355686923757,936.4431307624321,0.8004112539528584,0.0008534950779906945,,True,False,,
stress,100000,54,0.9904996301770037,950.036982299629,0.8120304024067297,0.000860231596648962,,True,False,,
stress,100000,55,0.9934878339709664,651.2166029033594,0.5566179948379942,0.0008550340386242225,,True,True,,
stress,100000,56,0.990969433834248,903.0566165752041,0.7718746126899161,0.0008504957884681497,,True,False,,
stress,100000,57,0.9934718501684762,652.8149831523833,0.5579841872925996,0.0008545713495586972,,True,True,,
stress,100000,58,0.993067480511425,693.2519488574984,0.5925471002585242,0.0008558698296444616,,True,True,,
stress,100000,59,0.9765600204284327,2343.997957156729,2.0034984320118023,0.000855714903246521,,True,False,,
stress,100000,60,0.9867710969503523,1322.8903049647745,1.1307214000030477,0.0008578752593874447,0.0009682533585384429,True,False,True,False
stress,100000,61,0.9846602899104905,1533.9710089509517,1.3111395860228134,0.0008555816002507493,,True,False,,
stress,100000,62,0.9796656629215053,2033.4337078494746,1.7380481210905616,0.0008568931442718833,,True,False,,
stress,100000,63,0.9938060852854234,619.3914714576642,0.5294159229439714,0.0008568903880339945,,True,True,,
stress,100000,64,0.9818390470886768,1816.0952911323247,1.552281245407392,0.0008556555057692642,,True,False,,
stress,100000,65,0.9989594013095596,104.05986904403753,0.08894367157127288,0.0008560564149255028,,True,True,,
stress,100000,66,0.9910874397932892,891.2560206710829,0.7617882236132848,0.0008510416757343876,,True,False,,
stress,100000,67,0.9911792896158977,882.0710384102259,0.7539374925571857,0.0008529018097835448,,True,False,,
stress,100000,68,0.9847796089642421,1522.0391035757896,1.3009409620704924,0.000855478891762676,,True,False,,
stress,100000,69,0.9906499274531044,935.0072546895572,0.7991839595980212,0.0008518790308522587,,True,False,,
stress,100000,70,0.9982444327414999,175.55672585001236,0.15005457828823002,0.000856672259805479,0.0009082276155180155,True,True,True,True
stress,100000,71,0.9729781894174595,2702.1810582540497,2.3096502694016605,0.0008490061293244507,,True,False,,
stress,100000,72,0.996252435006803,374.756499319695,0.32031771038059736,0.0008513577844117291,,True,True,,
stress,100000,73,0.9890040351294977,1099.596487050225,0.9398642310777013,0.0008527418858066341,,True,False,,
stress,100000,74,0.9868517678247952,1314.8232175204778,1.1238261734111459,0.0008574026262638983,,True,False,,
stress,100000,75,0.972602405429257,2739.7594570742976,2.3417698635693984,0.0008535848429742723,,True,False,,
stress,100000,76,0.9981404156340892,185.9584365910827,0.1589452904564494,0.0008545798748705575,,True,True,,
stress,100000,77,0.9962285430360481,377.1456963951869,0.3223598421068219,0.0008551676009152308,,True,True,,
stress,100000,78,0.996342157466825,365.78425331750265,0.3126488125719912,0.0008551044304868586,,True,True,,
stress,100000,79,0.993742132935797,625.7867064202949,0.5348821577505578,0.0008486709577787568,,True,True,,
stress,100000,80,0.9924264573769289,757.3542623071083,0.6473376277385083,0.0008531069143276609,0.0009452801212938799,True,True,True,False
stress,100000,81,0.9871814993882828,1281.8500611717188,1.095642843796238,0.0008534900096300071,,True,False,,
stress,100000,82,0.9958617166081171,413.8283391882935,0.3537138017353473,0.0008504062128003767,,True,True,,
stress,100000,83,0.9801635032868082,1983.6496713191764,1.6954959342069782,0.0008526734186540713,,True,False,,
stress,100000,84,0.9903908056371226,960.9194362877438,0.8213320229286502,0.0008585881734338227,,True,False,,
stress,100000,85,0.9822652919659416,1773.470803405841,1.5158485795577579,0.0008472831477185803,,True,False,,
stress,100000,86,0.9955502864878062,444.9713512193809,0.38033284190212857,0.0008564618452339053,,True,True,,
stress,100000,87,0.9758071371480117,2419.2862851988293,2.0678500440601795,0.0008581507488458267,,True,False,,
stress,100000,88,0.9773718570449247,2262.8142955075314,1.9341078686273356,0.0008554996605486353,,True,False,,
stress,100000,89,0.987354841429021,1264.515857097903,1.0808266829817514,0.000856217430617234,,True,False,,
stress,100000,90,0.9865594139847451,1344.0586015254885,1.1488146960480645,0.0008556986346104202,0.0009830213025262496,True,False,True,False
stress,100000,91,0.9795021239596069,2049.7876040393103,1.7520263778862133,0.0008516989216026243,,True,False,,
stress,100000,92,0.9869560817076033,1304.3918292396706,1.1149100947940578,0.0008546761769982619,,True,False,,
stress,100000,93,0.991478276558338,852.1723441662022,0.728382015064465,0.0008539379479117126,,True,False,,
stress,100000,94,0.9960468868507312,395.31131492688274,0.3378866424325884,0.0008541490036216924,,True,True,,
stress,100000,95,0.9930713515733659,692.8648426634098,0.5922162268247353,0.0008560020476104142,,True,True,,
stress,100000,96,0.9987534859164131,124.65140835868915,0.10654399268232725,0.0008572103406243832,,True,True,,
stress,100000,97,0.9719376100330829,2806.238996691712,2.3985922908149915,0.0008551820273310332,,True,False,,
stress,100000,98,0.9987118959528637,128.8104047136307,0.1100988348059849,0.000855790547854429,,True,True,,
stress,100000,99,0.9929602197939976,703.9780206002378,0.6017150553126708,0.0008555828468832447,,True,True,,
stress,100000,100,0.9844464016459592,1555.3598354040798,1.3294213768113152,0.000856671350271914,0.000980387449116592,True,False,True,False
stress,100000,101,0.9924017127987893,759.8287201210696,0.6494526348507007,0.0008521040823996419,,True,True,,
stress,100000,102,0.9732983557520551,2670.1644247944855,2.282284513924492,0.000852130438208007,,True,False,,
stress,100000,103,0.9854711875505251,1452.8812449474904,1.241829280296178,0.0008565573607581863,,True,False,,
stress,100000,104,0.9909120070075212,908.7992992478755,0.7767830878424263,0.0008580733361879447,,True,False,,
stress,100000,105,0.9920241533735129,797.5846626487094,0.6817239819405292,0.0008551385621892047,,True,True,,
stress,100000,106,0.9961448017057953,385.51982942046646,0.329517511478666,0.0008530058861981194,,True,True,,
stress,100000,107,0.9717868449422227,2821.315505777733,2.4114787194152507,0.0008570875871134664,,True,False,,
stress,100000,108,0.99868853757042,131.14624295800238,0.11209535884123129,0.000859959208521785,,True,True,,
stress,100000,109,0.9921227051759781,787.7294824021885,0.6733004088265626,0.0008572242785011468,,True,True,,
stress,100000,110,0.997679467043477,232.05329565230136,0.19834420612998455,0.0008568204736603197,0.0008742072771764868,True,True,True,True
stress,100000,111,0.9794648967464241,2053.510325357588,1.755208320217355,0.0008535745362505192,,True,False,,
stress,100000,112,0.9877800619827796,1221.9938017220434,1.0444815697058025,0.0008573339683475626,,True,False,,
stress,100000,113,0.9918737578353521,812.6242164647857,0.6945788235570364,0.0008509761849224168,,True,True,,
stress,100000,114,0.9944270205675072,557.2979432492797,0.476342375663887,0.0008596401293361772,,True,True,,
stress,100000,115,0.9853022882805034,1469.771171949663,1.2562657016942125,0.0008527266545554809,,True,False,,
stress,100000,116,0.9966589215146711,334.1078485328941,0.28557386264553486,0.0008549412090855236,,True,True,,
stress,100000,117,0.9951830613037506,481.693869624944,0.4117208846350305,0.0008582977437476376,,True,True,,
stress,100000,118,0.9976224558203329,237.75441796670682,0.20321715816594704,0.0008574914557500825,,True,True,,
stress,100000,119,0.9913231015782993,867.6898421700719,0.7416453725791663,0.0008559658373133185,,True,False,,
stress,100000,120,0.9990423582675731,95.76417324268505,0.08185304528479899,0.0008530361850509273,0.0008700030334027054,True,True,True,True
stress,100000,121,0.9997702706709654,22.97293290346447,0.019635782919637548,0.0008508863497461375,,True,True,,
stress,100000,122,0.9963989013282505,360.10986717495143,0.3077987128931412,0.0008525259487947615,,True,True,,
stress,100000,123,0.9862958309985812,1370.4169001418798,1.1713440714629202,0.0008570279824187755,,True,False,,
stress,100000,124,0.9725151730634379,2748.4826936562067,2.3492259241690086,0.000858710223209006,,True,False,,
stress,100000,125,0.9801808620358557,1981.9137964144252,1.694012220179319,0.0008520329600204037,,True,False,,
stress,100000,126,0.9800711216379283,1992.887836207169,1.703392122346242,0.000854802368922259,,True,False,,
stress,100000,127,0.997547097436294,245.29025637060053,0.20965830730602963,0.0008556782364378063,,True,True,,
stress,100000,128,0.9995822771374379,41.77228625621421,0.03570425893945326,0.0008589557710098425,,True,True,,
stress,100000,129,0.9974233619802798,257.663801972019,0.22023441686925602,0.0008487011439815944,,True,True,,
stress,100000,130,0.9943910252362265,560.8974763773533,0.47941902466695085,0.0008563513900891953,0.0009382408204555815,True,True,True,True
stress,100000,131,0.9880842629392951,1191.5737060704923,1.0184804318833705,0.0008533252897410857,,True,False,,
stress,100000,132,0.9891202858925914,1087.9714107408622,0.9299278648420934,0.000857215506177946,,True,False,,
stress,100000,133,0.9987971745970721,120.28254029279317,0.10280976574199902,0.0008566367412307022,,True,True,,
stress,100000,134,0.9924678470074084,753.2152992591579,0.643799908794938,0.0008522036073886701,,True,True,,
stress,100000,135,0.9968367451617514,316.32548382486414,0.27037464299552477,0.0008553338478904567,,True,True,,
stress,100000,136,0.9815386495872613,1846.1350412738664,1.5779572883932012,0.0008552797700402687,,True,False,,
stress,100000,137,0.9942162712977789,578.3728702221102,0.494355865400903,0.0008598097073909876,,True,True,,
stress,100000,138,0.9879935571010517,1200.6442898948255,1.0262333825265215,0.0008505647359931448,,True,False,,
stress,100000,139,0.9924265409940509,757.3459005949079,0.6473304806856574,0.0008578126042654979,,True,True,,
stress,100000,140,0.9795391348438247,2046.086515617529,1.7488629259612078,0.0008545060502304632,0.0010250344437426246,True,False,True,False
stress,100000,141,0.9998078315018912,19.2168498108769,0.01642532509328627,0.0008510734825195726,,True,True,,
stress,100000,142,0.9776289876939618,2237.101230603822,1.9121299974182289,0.0008543238474655887,,True,False,,
stress,100000,143,0.9934395833132298,656.041668677021,0.5607421501864958,0.0008608960518759931,,True,True,,
stress,100000,144,0.9975740899889051,242.5910011094934,0.20735115781952254,0.0008494213059784641,,True,True,,
stress,100000,145,0.9947738062566911,522.6193743308904,0.44670136926271947,0.0008491266781061899,,True,True,,
stress,100000,146,0.9974058581913879,259.41418086120603,0.22173052796833168,0.0008532761987843499,,True,True,,
stress,100000,147,0.9798680505499727,2013.1949450027275,1.7207493305751886,0.0008497539382941019,,True,False,,
stress,100000,148,0.9977667714161101,223.32285838898568,0.1908819908518418,0.0008539155092752419,,True,True,,
stress,100000,149,0.9840395285825743,1596.0471417425738,1.3641982648214208,0.0008527266208708143,,True,False,,
